meeting_key,session_key,driver_number,lap_number,date_start,duration_sector_1,duration_sector_2,duration_sector_3,i1_speed,i2_speed,is_pit_out_lap,lap_duration,segments_sector_1,segments_sector_2,segments_sector_3,st_speed,driver_session_key
1218,9153,1,1,2023-09-02T14:01:28.209000+00:00,,34.361,29.142,259.0,295.0,True,,"[2064, 2064, 2049, 2049, 2049, 2049, 2049, 2049]","[2049, 2049, 2049, 2049, 2049, 2049, 2049]","[2051, 2049, 2049, 2049, 2049, 2051, 2049, 2049, 2051]",245.0,1_9153
1218,9153,1,2,2023-09-02T14:03:03.989000+00:00,27.167,27.831,27.049,321.0,335.0,False,82.047,"[2049, 2049, 2049, 2049, 2049, 2049, 2049, 2049]","[2049, 2049, 2049, 2051, 2049, 2049, 2049]","[2049, 2049, 2049, 2051, 2051, 2051, 2051, 2048, 2049]",339.0,1_9153
1218,9153,1,3,2023-09-02T14:04:26.082000+00:00,39.475,38.131,37.983,209.0,280.0,False,115.589,"[2048, 2048, 2048, 2048, 2048, 2048, 2048, 2048]","[2048, 2048, 2048, 2048, 2048, 2048, 2048]","[2048, 2048, 2048, 2048, 2048, 2048, 2048, 2048, 2048, 2064]",189.0,1_9153
1218,9153,1,4,2023-09-02T14:06:45.549000+00:00,57.956,41.796,31.295,233.0,200.0,True,131.047,"[None, 2064, 2048, 2048, 2048, 2048, 2048, 2048]","[2048, 2048, 2048, 2048, 2048, 2048, 2048]","[2048, 2048, 2048, 2048, 2048, 2048, 2048, 2048, 2048]",212.0,1_9153
1218,9153,1,5,2023-09-02T14:08:33.329000+00:00,27.048,27.614,26.911,321.0,336.0,False,81.573,"[2049, 2049, 2049, 2049, 2049, 2049, 2049, 2049]","[2049, 2049, 2049, 2049, 2051, 2049, 2049]","[2049, 2049, 2048, 2049, 2048, 2049, 2051, 2049, 2049]",342.0,1_9153
1218,9153,1,6,2023-09-02T14:09:54.281000+00:00,39.999,36.787,38.012,256.0,263.0,False,114.798,"[2048, 2048, 2048, 2048, 2048, 2048, 2048, 2048]","[2048, 2048, 2048, 2048, 2048, 2048, 2048]","[2048, 2048, 2048, 2048, 2048, 2048, 2048, 2048, 2048, 2064]",227.0,1_9153
1218,9153,1,7,2023-09-02T14:12:21.373000+00:00,68.503,39.373,36.489,247.0,261.0,True,144.365,"[2064, 2064, 2048, 2048, 2048, 2048, 2048, 2048]","[2048, 2048, 2048, 2048, 2048, 2048, 2048]","[2048, 2048, 2048, 2048, 2048, 2048, 2048, 2048, 2048, 2048]",190.0,1_9153
1218,9153,1,8,2023-09-02T14:14:13.497000+00:00,27.154,27.599,26.969,321.0,336.0,False,81.722,"[2048, 2048, 2048, 2048, 2048, 2049, 2048, 2049]","[2048, 2049, 2048, 2048, 2049, 2049, 2049]","[2049, 2049, 2048, 2048, 2048, 2048, 2048, 2048, 2048, 2048]",340.0,1_9153
1218,9153,1,9,2023-09-02T14:15:35.215000+00:00,34.833,34.712,42.396,265.0,268.0,False,111.941,"[None, 2048, 2048, 2048, 2048, 2048, 2048, 2048]","[2048, 2048, 2048, 2048, 2048, 2048, 2048]","[2048, 2048, 2048, 2048, 2048, 2048, 2048, 2048, 2048, 2064]",205.0,1_9153
1218,9153,1,10,2023-09-02T14:26:45.848000+00:00,,38.627,33.883,226.0,241.0,True,668.19,"[None, 2064, 2049, 2049, 2049, 2049, 2049, 2049]","[2049, 2049, 2049, 2049, 2049, 2049, 2049]","[2049, 2049, 2049, 2049, 2049, 2051, 2049, 2051, 2051, 2051]",186.0,1_9153
1218,9153,1,11,2023-09-02T14:28:35.347000+00:00,26.962,27.27,26.803,319.0,333.0,False,81.035,"[2049, 2049, 2049, 2051, 2049, 2049, 2049, 2049]","[2049, 2049, 2049, 2051, 2051, 2049, 2049]","[2049, 2051, 2049, 2049, 2049, 2049, 2051, 2049, 2051]",339.0,1_9153
1218,9153,1,12,2023-09-02T14:29:56.346000+00:00,35.348,37.125,37.006,243.0,277.0,False,109.479,"[2048, 2048, 2048, 2048, 2048, 2048, 2048, 2048]","[2048, 2048, 2048, 2048, 2048, 2048, 2048]","[2048, 2048, 2048, 2048, 2048, 2048, 2048, 2048, 2048, 2064]",219.0,1_9153
1218,9153,1,13,2023-09-02T14:37:53.575000+00:00,,32.62,39.599,305.0,295.0,True,475.472,"[2064, 2064, 2048, 2048, 2048, 2048, 2048, 2048]","[2048, 2048, 2048, 2048, 2048, 2048, 2048]","[2048, 2048, 2048, 2048, 2048, 2048, 2048, 2048, 2048, 2048]",215.0,1_9153
1218,9153,1,14,2023-09-02T14:39:41.308000+00:00,26.897,27.357,26.683,321.0,338.0,False,80.937,"[2049, 2049, 2049, 2048, 2048, 2048, 2049, 2049]","[2049, 2048, 2048, 2048, 2048, 2049, 2049]","[2049, 2049, 2049, 2049, 2049, 2049, 2048, 2051, 2051]",344.0,1_9153
1218,9153,1,15,2023-09-02T14:41:02.276000+00:00,32.734,34.999,38.477,271.0,269.0,False,106.21,"[2048, 2048, 2048, 2048, 2048, 2048, 2048, 2048]","[2048, 2048, 2048, 2048, 2048, 2048, 2048]","[2048, 2048, 2048, 2048, 2048, 2048, 2048, 2048, 2048, 2064]",234.0,1_9153
1218,9153,1,16,2023-09-02T14:49:16.083000+00:00,,40.049,32.236,239.0,231.0,True,503.068,"[None, 2064, 2049, 2049, 2049, 2049, 2049, 2049]","[2049, 2049, 2049, 2049, 2049, 2049, 2049]","[2049, 2049, 2049, 2049, 2049, 2049, 2051, 2051, 2051]",119.0,1_9153
1218,9153,1,17,2023-09-02T14:51:11.550000+00:00,26.899,27.191,26.541,318.0,333.0,False,80.631,"[2049, 2049, 2049, 2049, 2049, 2049, 2049, 2049]","[2049, 2049, 2049, 2049, 2051, 2049, 2049]","[2049, 2051, 2049, 2049, 2049, 2049, 2051, 2051, 2049]",338.0,1_9153
1218,9153,1,18,2023-09-02T14:52:32.128000+00:00,29.991,29.93,33.454,295.0,308.0,False,93.375,"[2048, 2048, 2048, 2048, 2048, 2048, 2048, 2048]","[2048, 2048, 2048, 2048, 2048, 2048, 2048]","[2048, 2048, 2048, 2048, 2048, 2048, 2048, 2048, 2048, 2064]",262.0,1_9153
1218,9153,1,19,2023-09-02T14:57:17.874000+00:00,,41.396,31.679,221.0,258.0,True,299.802,"[None, 2064, 2048, 2048, 2048, 2048, 2048, 2048]","[2048, 2048, 2048, 2048, 2048, 2048, 2048]","[2048, 2048, 2048, 2048, 2048, 2048, 2048, 2048, 2048, 2049]",212.0,1_9153
1218,9153,1,20,2023-09-02T14:59:05.358000+00:00,26.758,27.049,26.5,319.0,334.0,False,80.307,"[2049, 2049, 2049, 2049, 2049, 2049, 2049, 2049]","[2048, 2049, 2049, 2051, 2049, 2049, 2049]","[2049, 2051, 2049, 2049, 2048, 2049, 2048, 2048, 2048]",341.0,1_9153
1218,9153,1,21,2023-09-02T15:00:25.654000+00:00,33.594,32.28,,253.0,273.0,False,,"[2048, 2048, 2048, 2048, 2048, 2048, 2048, 2048]","[2048, 2048, 2048, 2048, 2048, 2048, 2048]",[2048],259.0,1_9153
1218,9153,2,1,2023-09-02T14:02:09.052000+00:00,,31.76,30.462,320.0,296.0,True,,"[2064, 2064, 2049, 2049, 2049, 2049, 2049, 2049]","[2049, 2049, 2049, 2049, 2049, 2049, 2049]","[2049, 2049, 2049, 2049, 2049, 2049, 2049, 2049, 2049]",272.0,2_9153
1218,9153,2,2,2023-09-02T14:03:44.941000+00:00,27.122,27.939,27.306,323.0,336.0,False,82.367,"[2049, 2049, 2051, 2049, 2049, 2049, 2049, 2049]","[2051, 2049, 2049, 2049, 2049, 2049, 2049]","[2049, 2049, 2049, 2049, 2049, 2051, 2049, 2049, 2049]",344.0,2_9153
1218,9153,2,3,2023-09-02T14:05:07.315000+00:00,32.181,37.722,36.35,289.0,296.0,False,106.253,"[2048, 2048, 2048, 2048, 2048, 2048, 2048, 2048]","[2048, 2048, 2048, 2048, 2048, 2048, 2048]","[2048, 2048, 2048, 2048, 2048, 2048, 2048, 2048, 2048, 2048]",303.0,2_9153
1218,9153,2,4,2023-09-02T14:06:53.642000+00:00,33.559,38.658,33.343,306.0,119.0,False,105.56,"[None, 2048, 2048, 2048, 2048, 2048, 2048, 2048]","[2048, 2048, 2048, 2048, 2048, 2048, 2048]","[2048, 2048, 2048, 2048, 2048, 2048, 2048, 2048, 2048, 2048]",292.0,2_9153
1218,9153,2,5,2023-09-02T14:08:39.173000+00:00,27.178,27.974,28.815,323.0,338.0,False,83.967,"[2049, 2049, 2049, 2048, 2048, 2051, 2049, 2049]","[2048, 2048, 2049, 2049, 2048, 2049, 2049]","[2049, 2048, 2048, 2048, 2048, 2048, 2048, 2048, 2048]",347.0,2_9153
1218,9153,2,6,2023-09-02T14:10:03.390000+00:00,29.392,32.182,37.223,298.0,294.0,False,98.797,"[2048, 2048, 2048, 2048, 2048, 2048, 2048, 2048]","[2048, 2048, 2048, 2048, 2048, 2048, 2048]","[2048, 2048, 2048, 2048, 2048, 2048, 2048, 2048, 2048, 2064]",312.0,2_9153
1218,9153,2,7,2023-09-02T14:15:44.574000+00:00,,32.229,33.171,323.0,304.0,True,342.022,"[2064, 2064, 2048, 2048, 2048, 2048, 2048, 2048]","[2048, 2048, 2048, 2048, 2048, 2048, 2048]","[2048, 2048, 2048, 2048, 2048, 2048, 2048, 2049, 2049, 2048]",248.0,2_9153
1218,9153,2,8,2023-09-02T14:17:23.932000+00:00,26.94,27.774,27.216,,339.0,False,81.93,"[2048, 2048, 2049, 2049, 2049, 2048, 2048, 2048]","[2048, 2049, 2049, 2049, 2049, 2048, 2048]","[2049, 2049, 2049, 2048, 2048, 2048, 2048, 2049, 2049]",346.0,2_9153
1218,9153,2,9,2023-09-02T14:18:45.869000+00:00,30.24,32.866,39.908,298.0,304.0,False,103.014,"[None, 2048, 2048, 2048, 2048, 2048, 2048, 2048]","[2048, 2048, 2048, 2048, 2048, 2048, 2048]","[2048, 2048, 2048, 2048, 2048, 2048, 2048, 2048, 2048, 2064]",267.0,2_9153
1218,9153,2,10,2023-09-02T14:27:12.113000+00:00,,36.856,37.862,319.0,297.0,True,511.035,"[2064, 2064, 2049, 2049, 2049, 2049, 2049, 2051]","[2051, 2049, 2049, 2049, 2049, 2049, 2049]","[2049, 2049, 2049, 2049, 2049, 2049, 2049, 2049, 2049]",275.0,2_9153
1218,9153,2,11,2023-09-02T14:28:59.893000+00:00,26.974,27.771,27.199,323.0,338.0,False,81.944,"[2049, 2049, 2049, 2049, 2049, 2049, 2051, 2049]","[2049, 2049, 2049, 2049, 2049, 2049, 2049]","[2049, 2049, 2049, 2049, 2049, 2051, 2049, 2049, 2049]",347.0,2_9153
1218,9153,2,12,2023-09-02T14:30:21.877000+00:00,30.901,34.631,40.176,289.0,303.0,False,105.708,"[2048, 2048, 2048, 2048, 2048, 2048, 2048, 2048]","[2048, 2048, 2048, 2048, 2048, 2048, 2048]","[2048, 2048, 2048, 2048, 2048, 2048, 2048, 2048, 2048, 2064]",313.0,2_9153
1218,9153,2,13,2023-09-02T14:37:11.044000+00:00,,33.086,30.004,319.0,300.0,True,400.675,"[None, 2064, 2048, 2048, 2048, 2048, 2048, 2048]","[2048, 2048, 2048, 2048, 2048, 2048, 2048]","[2048, 2048, 2048, 2048, 2048, 2048, 2048, 2048, 2048, 2048]",244.0,2_9153
1218,9153,2,14,2023-09-02T14:38:48.262000+00:00,27.061,27.788,27.578,322.0,336.0,False,82.427,"[2048, 2048, 2049, 2048, 2048, 2048, 2048, 2049]","[2048, 2049, 2049, 2049, 2049, 2048, 2048]","[2048, 2049, 2049, 2049, 2049, 2051, 2049, 2048, 2048, 2048]",345.0,2_9153
1218,9153,2,15,2023-09-02T14:40:10.698000+00:00,31.685,36.219,49.27,225.0,291.0,False,117.174,"[None, 2048, 2048, 2048, 2048, 2048, 2048, 2048]","[2048, 2048, 2048, 2048, 2048, 2048, 2048]","[2048, 2048, 2048, 2048, 2048, 2048, 2048, 2048, 2048, 2064]",296.0,2_9153
1218,9153,4,1,2023-09-02T14:01:31.193000+00:00,,32.766,29.087,287.0,296.0,True,,"[2064, 2064, 2049, 2049, 2049, 2049, 2049, 2049]","[2049, 2049, 2049, 2049, 2049, 2049, 2049]","[2049, 2049, 2049, 2049, 2049, 2049, 2051, 2051, 2049, 2049]",193.0,4_9153
1218,9153,4,2,2023-09-02T14:03:06.942000+00:00,27.416,27.925,27.155,319.0,330.0,False,82.496,"[2049, 2049, 2049, 2049, 2049, 2049, 2049, 2049]","[2049, 2049, 2049, 2049, 2049, 2049, 2049]","[2049, 2049, 2049, 2049, 2049, 2049, 2049, 2048, 2048]",333.0,4_9153
1218,9153,4,3,2023-09-02T14:04:29.457000+00:00,37.541,37.554,32.589,199.0,270.0,False,107.684,"[2048, 2048, 2048, 2048, 2048, 2048, 2048, 2048]","[2048, 2048, 2048, 2048, 2048, 2048, 2048]","[2048, 2048, 2048, 2048, 2048, 2048, 2048, 2048, 2048, 2048]",179.0,4_9153
1218,9153,4,4,2023-09-02T14:06:17.252000+00:00,27.527,27.807,27.123,317.0,329.0,False,82.457,"[None, 2049, 2049, 2048, 2049, 2048, 2048, 2048]","[2048, 2049, 2049, 2051, 2051, 2049, 2048]","[2048, 2048, 2048, 2048, 2048, 2049, 2051, 2051, 2049]",333.0,4_9153
1218,9153,4,5,2023-09-02T14:07:39.642000+00:00,30.181,31.96,37.42,286.0,256.0,False,99.561,"[None, 2048, 2048, 2048, 2048, 2048, 2048, 2048]","[2048, 2048, 2048, 2048, 2048, 2048, 2048]","[2048, 2048, 2048, 2048, 2048, 2048, 2048, 2048, 2048, 2064]",278.0,4_9153
1218,9153,4,6,2023-09-02T14:12:38.045000+00:00,,33.768,33.39,288.0,307.0,True,300.168,"[None, 2064, 2048, 2048, 2048, 2048, 2048, 2048]","[2048, 2048, 2048, 2048, 2048, 2048, 2048]","[2048, 2048, 2048, 2048, 2048, 2048, 2048, 2048, 2048, 2048]",216.0,4_9153
1218,9153,4,7,2023-09-02T14:14:19.372000+00:00,27.28,27.718,26.997,319.0,334.0,False,81.995,"[2049, 2049, 2048, 2049, 2049, 2049, 2049, 2049]","[2048, 2049, 2049, 2051, 2048, 2048, 2049]","[2049, 2049, 2049, 2049, 2049, 2049, 2048, 2048, 2048]",337.0,4_9153
1218,9153,4,8,2023-09-02T14:15:41.324000+00:00,35.333,35.62,33.324,268.0,277.0,False,104.277,"[2048, 2048, 2048, 2048, 2048, 2048, 2048, 2048]","[2048, 2048, 2048, 2048, 2048, 2048, 2048]","[2048, 2048, 2048, 2048, 2048, 2048, 2048, 2048, 2048, 2048]",208.0,4_9153
1218,9153,4,9,2023-09-02T14:17:25.620000+00:00,27.302,27.813,38.87,319.0,336.0,False,93.985,"[2049, 2049, 2049, 2048, 2048, 2048, 2048, 2048]","[2048, 2048, 2049, 2048, 2048, 2049, 2049]","[2049, 2048, 2048, 2048, 2048, 2048, 2048, 2048, 2048, 2064]",343.0,4_9153
1218,9153,4,10,2023-09-02T14:26:53.629000+00:00,,37.667,34.866,275.0,266.0,True,580.058,"[2064, 2064, 2049, 2051, 2049, 2049, 2049, 2049]","[2049, 2049, 2049, 2049, 2049, 2049, 2049]","[2049, 2049, 2049, 2049, 2049, 2049, 2051, 2049, 2049]",191.0,4_9153
1218,9153,4,11,2023-09-02T14:28:39.644000+00:00,27.128,27.461,26.992,319.0,333.0,False,81.581,"[2049, 2049, 2049, 2049, 2049, 2049, 2049, 2049]","[2049, 2049, 2049, 2049, 2049, 2049, 2049]","[2049, 2049, 2049, 2049, 2049, 2049, 2049, 2049, 2049]",340.0,4_9153
1218,9153,4,12,2023-09-02T14:30:01.221000+00:00,36.277,38.095,32.038,213.0,260.0,False,106.41,"[2048, 2048, 2048, 2048, 2048, 2048, 2048, 2048]","[2048, 2048, 2048, 2048, 2048, 2048, 2048]","[2048, 2048, 2048, 2048, 2048, 2048, 2048, 2048, 2048, 2048]",240.0,4_9153
1218,9153,4,13,2023-09-02T14:31:47.657000+00:00,27.315,27.544,27.052,319.0,332.0,False,81.911,"[None, 2048, 2049, 2048, 2048, 2048, 2048, 2049]","[2049, 2049, 2048, 2048, 2048, 2048, 2048]","[2048, 2049, 2049, 2048, 2048, 2048, 2048, 2048, 2048, 2048]",339.0,4_9153
1218,9153,4,14,2023-09-02T14:33:09.594000+00:00,30.856,32.924,36.789,255.0,265.0,False,100.569,"[None, 2048, 2048, 2048, 2048, 2048, 2048, 2048]","[2048, 2048, 2048, 2048, 2048, 2048, 2048]","[2048, 2048, 2048, 2048, 2048, 2048, 2048, 2048, 2048, 2064]",270.0,4_9153
1218,9153,4,15,2023-09-02T14:37:55.403000+00:00,,33.095,41.77,302.0,304.0,True,294.096,"[None, 2064, 2048, 2048, 2048, 2048, 2048, 2048]","[2048, 2048, 2048, 2048, 2048, 2048, 2048]","[2048, 2048, 2048, 2048, 2048, 2048, 2048, 2048, 2048, 2049]",224.0,4_9153
1218,9153,4,16,2023-09-02T14:39:44.230000+00:00,27.117,27.608,26.992,322.0,339.0,False,81.717,"[2049, 2049, 2048, 2048, 2049, 2048, 2049, 2049]","[2048, 2048, 2048, 2048, 2048, 2049, 2049]","[2049, 2048, 2049, 2051, 2051, 2048, 2048, 2048, 2049, 2048]",346.0,4_9153
1218,9153,4,17,2023-09-02T14:41:05.932000+00:00,34.485,33.689,38.6,262.0,255.0,False,106.774,"[2048, 2048, 2048, 2048, 2048, 2048, 2048, 2048]","[2048, 2048, 2048, 2048, 2048, 2048, 2048]","[2048, 2048, 2048, 2048, 2048, 2048, 2048, 2048, 2048, 2064]",199.0,4_9153
1218,9153,4,18,2023-09-02T14:49:21.598000+00:00,,37.21,31.646,258.0,278.0,True,504.252,"[None, 2064, 2049, 2051, 2049, 2049, 2049, 2049]","[2049, 2051, 2049, 2049, 2049, 2049, 2049]","[2049, 2049, 2049, 2049, 2051, 2051, 2049, 2049, 2049, 2049]",88.0,4_9153
1218,9153,4,19,2023-09-02T14:51:16.972000+00:00,26.946,27.27,26.763,319.0,334.0,False,80.979,"[2049, 2049, 2049, 2049, 2049, 2049, 2049, 2049]","[2049, 2049, 2049, 2049, 2049, 2049, 2049]","[2049, 2049, 2051, 2051, 2051, 2049, 2049, 2049, 2049]",339.0,4_9153
1218,9153,4,20,2023-09-02T14:52:37.909000+00:00,31.701,32.963,37.092,249.0,265.0,False,101.756,"[2048, 2048, 2048, 2048, 2048, 2048, 2048, 2048]","[2048, 2048, 2048, 2048, 2048, 2048, 2048]","[2048, 2048, 2048, 2048, 2048, 2048, 2048, 2048, 2048, 2064]",258.0,4_9153
1218,9153,4,21,2023-09-02T14:57:26.859000+00:00,,37.784,33.607,231.0,246.0,True,293.228,"[2064, 2064, 2048, 2048, 2048, 2048, 2048, 2048]","[2048, 2048, 2048, 2048, 2048, 2048, 2048]","[2048, 2048, 2048, 2048, 2048, 2048, 2048, 2049, 2048, 2049]",203.0,4_9153
1218,9153,4,22,2023-09-02T14:59:13.014000+00:00,26.9,27.379,26.749,319.0,332.0,False,81.028,"[2049, 2049, 2049, 2048, 2049, 2048, 2049, 2049]","[2048, 2048, 2048, 2049, 2049, 2049, 2048]","[2048, 2049, 2049, 2048, 2048, 2048, 2049, 2049, 2048, 2048]",341.0,4_9153
1218,9153,4,23,2023-09-02T15:00:33.966000+00:00,35.002,36.889,,195.0,192.0,False,,"[2048, 2048, 2048, 2048, 2048, 2048, 2048, 2048]","[2048, 2048, 2048, 2048, 2048, 2048, 2048]",[2048],224.0,4_9153
1218,9153,10,1,2023-09-02T14:01:58.302000+00:00,,32.96,29.987,314.0,302.0,True,,"[2064, 2064, 2049, 2049, 2049, 2049, 2049, 2049]","[2049, 2049, 2049, 2049, 2049, 2049, 2049]","[2049, 2049, 2049, 2049, 2049, 2049, 2049, 2049, 2049]",240.0,10_9153
1218,9153,10,2,2023-09-02T14:03:35.535000+00:00,27.245,28.099,27.518,318.0,331.0,False,82.862,"[2049, 2049, 2049, 2051, 2049, 2049, 2049, 2049]","[2049, 2049, 2049, 2049, 2049, 2049, 2049]","[2049, 2049, 2049, 2049, 2049, 2049, 2049, 2049, 2049]",339.0,10_9153
1218,9153,10,3,2023-09-02T14:04:58.316000+00:00,34.336,34.486,31.749,285.0,289.0,False,100.571,"[2048, 2048, 2048, 2048, 2048, 2048, 2048, 2048]","[2048, 2048, 2048, 2048, 2048, 2048, 2048]","[2048, 2048, 2048, 2048, 2048, 2048, 2048, 2048, 2048, 2049]",268.0,10_9153
1218,9153,10,4,2023-09-02T14:06:38.924000+00:00,29.968,33.53,36.831,294.0,299.0,False,100.329,"[None, 2048, 2049, 2048, 2048, 2048, 2048, 2048]","[2048, 2048, 2048, 2048, 2048, 2048, 2048]","[2048, 2048, 2048, 2048, 2048, 2048, 2048, 2048, 2048, 2064]",337.0,10_9153
1218,9153,10,5,2023-09-02T14:16:00.808000+00:00,,32.153,39.749,316.0,236.0,True,563.798,"[None, 2064, 2048, 2048, 2048, 2048, 2048, 2048]","[2048, 2048, 2048, 2048, 2048, 2048, 2048]","[2048, 2048, 2048, 2048, 2048, 2048, 2048, 2048, 2048, 2048]",260.0,10_9153
1218,9153,10,6,2023-09-02T14:17:43.042000+00:00,27.119,28.047,27.379,320.0,337.0,False,82.545,"[2049, 2049, 2049, 2049, 2048, 2048, 2049, 2049]","[2048, 2048, 2049, 2048, 2049, 2049, 2049]","[2049, 2049, 2049, 2048, 2048, 2048, 2049, 2049, 2049]",346.0,10_9153
1218,9153,10,7,2023-09-02T14:19:05.650000+00:00,34.891,34.552,40.326,206.0,286.0,False,109.769,"[2048, 2048, 2048, 2048, 2048, 2048, 2048, 2048]","[2048, 2048, 2048, 2048, 2048, 2048, 2048]","[2048, 2048, 2048, 2048, 2048, 2048, 2048, 2048, 2048, 2064]",282.0,10_9153
1218,9153,11,1,2023-09-02T14:01:38.162000+00:00,,30.845,30.637,292.0,297.0,True,,"[2064, 2064, 2049, 2049, 2049, 2049, 2049, 2049]","[2049, 2049, 2051, 2051, 2051, 2051, 2049]","[2049, 2049, 2049, 2049, 2049, 2049, 2049, 2049, 2049]",210.0,11_9153
1218,9153,11,2,2023-09-02T14:03:10.723000+00:00,27.144,27.868,27.214,322.0,336.0,False,82.226,"[2049, 2049, 2049, 2049, 2049, 2049, 2049, 2049]","[2049, 2049, 2049, 2049, 2049, 2049, 2051]","[2051, 2049, 2049, 2049, 2049, 2049, 2049, 2048, 2048]",345.0,11_9153
1218,9153,11,3,2023-09-02T14:04:33.394000+00:00,38.736,38.017,31.482,250.0,285.0,False,108.235,"[2048, 2048, 2048, 2048, 2048, 2048, 2048, 2048]","[2048, 2048, 2048, 2048, 2048, 2048, 2048]","[2048, 2048, 2048, 2048, 2048, 2048, 2048, 2048, 2048, 2048]",210.0,11_9153
1218,9153,11,4,2023-09-02T14:06:21.221000+00:00,31.991,35.206,34.787,288.0,252.0,False,101.984,"[None, 2048, 2048, 2048, 2048, 2048, 2048, 2048]","[2048, 2048, 2048, 2048, 2048, 2048, 2048]","[2048, 2048, 2048, 2048, 2048, 2048, 2048, 2048, 2048, 2049]",282.0,11_9153
1218,9153,11,5,2023-09-02T14:08:03.298000+00:00,27.218,27.691,27.002,321.0,334.0,False,81.911,"[None, 2048, 2048, 2048, 2049, 2048, 2048, 2048]","[2049, 2049, 2049, 2049, 2049, 2049, 2048]","[2048, 2049, 2049, 2049, 2049, 2049, 2051, 2049, 2048]",342.0,11_9153
1218,9153,11,6,2023-09-02T14:09:25.094000+00:00,40.217,33.451,39.847,217.0,294.0,False,113.515,"[None, 2048, 2048, 2048, 2048, 2048, 2048, 2048]","[2048, 2048, 2048, 2048, 2048, 2048, 2048]","[2048, 2048, 2048, 2048, 2048, 2048, 2048, 2048, 2048, 2064]",222.0,11_9153
1218,9153,11,7,2023-09-02T14:12:34.967000+00:00,,34.62,33.457,292.0,301.0,True,178.456,"[2064, 2064, 2048, 2048, 2048, 2048, 2048, 2048]","[2048, 2048, 2048, 2048, 2048, 2048, 2048]","[2048, 2048, 2048, 2048, 2048, 2048, 2048, 2048, 2048, 2049]",203.0,11_9153
1218,9153,11,8,2023-09-02T14:14:17.091000+00:00,27.14,27.767,27.035,321.0,337.0,False,81.942,"[2049, 2048, 2049, 2048, 2049, 2048, 2049, 2048]","[2048, 2048, 2049, 2048, 2048, 2049, 2049]","[2048, 2048, 2048, 2048, 2048, 2049, 2048, 2049, 2049, 2049]",342.0,11_9153
1218,9153,11,9,2023-09-02T14:15:39.027000+00:00,33.425,34.344,40.759,249.0,281.0,False,108.528,"[2048, 2048, 2048, 2048, 2048, 2048, 2048, 2048]","[2048, 2048, 2048, 2048, 2048, 2048, 2048]","[2048, 2048, 2048, 2048, 2048, 2048, 2048, 2048, 2048, 2064]",213.0,11_9153
1218,9153,11,10,2023-09-02T14:26:51.598000+00:00,,39.081,34.28,245.0,239.0,True,670.165,"[2064, 2064, 2049, 2049, 2051, 2049, 2049, 2049]","[2049, 2049, 2049, 2049, 2049, 2049, 2049]","[2049, 2049, 2049, 2051, 2051, 2049, 2049, 2049, 2049]",210.0,11_9153
1218,9153,11,11,2023-09-02T14:28:37.690000+00:00,26.932,27.571,26.91,321.0,336.0,False,81.413,"[2049, 2049, 2049, 2049, 2049, 2049, 2049, 2049]","[2049, 2049, 2049, 2049, 2049, 2049, 2049]","[2049, 2049, 2049, 2049, 2049, 2049, 2049, 2051, 2051]",344.0,11_9153
1218,9153,11,12,2023-09-02T14:29:59.096000+00:00,36.766,35.603,39.607,256.0,290.0,False,111.976,"[2048, 2048, 2048, 2048, 2048, 2048, 2048, 2048]","[2048, 2048, 2048, 2048, 2048, 2048, 2048]","[2048, 2048, 2048, 2048, 2048, 2048, 2048, 2048, 2048, 2064]",214.0,11_9153
1218,9153,11,13,2023-09-02T14:38:04.262000+00:00,,32.754,44.045,308.0,300.0,True,481.375,"[None, 2064, 2048, 2048, 2048, 2048, 2048, 2048]","[2048, 2048, 2048, 2048, 2048, 2048, 2048]","[2048, 2048, 2048, 2048, 2048, 2048, 2048, 2048, 2048, 2048]",251.0,11_9153
1218,9153,11,14,2023-09-02T14:39:52.527000+00:00,26.933,27.578,26.729,320.0,337.0,False,81.24,"[2049, 2049, 2049, 2048, 2048, 2048, 2048, 2049]","[2049, 2049, 2048, 2048, 2048, 2049, 2049]","[2051, 2049, 2049, 2049, 2049, 2049, 2049, 2049, 2049, 2048]",345.0,11_9153
1218,9153,11,15,2023-09-02T14:41:13.682000+00:00,33.318,34.083,39.944,284.0,275.0,False,107.345,"[2048, 2048, 2048, 2048, 2048, 2048, 2048, 2048]","[2048, 2048, 2048, 2048, 2048, 2048, 2048]","[2048, 2048, 2048, 2048, 2048, 2048, 2048, 2048, 2048, 2064]",222.0,11_9153
1218,9153,11,16,2023-09-02T14:49:19.583000+00:00,,37.758,33.484,256.0,246.0,True,493.566,"[2064, 2064, 2049, 2049, 2049, 2049, 2049, 2049]","[2049, 2049, 2049, 2049, 2049, 2049, 2049]","[2049, 2049, 2049, 2049, 2049, 2049, 2049, 2049, 2049]",119.0,11_9153
1218,9153,11,17,2023-09-02T14:51:14.582000+00:00,27.007,27.34,26.574,320.0,336.0,False,80.921,"[2049, 2049, 2049, 2049, 2049, 2049, 2049, 2049]","[2049, 2049, 2049, 2049, 2049, 2049, 2049]","[2049, 2049, 2049, 2049, 2049, 2051, 2049, 2049, 2049, 2049]",343.0,11_9153
1218,9153,11,18,2023-09-02T14:52:35.549000+00:00,31.938,33.097,37.053,286.0,283.0,False,102.088,"[2048, 2048, 2048, 2048, 2048, 2048, 2048, 2048]","[2048, 2048, 2048, 2048, 2048, 2048, 2048]","[2048, 2048, 2048, 2048, 2048, 2048, 2048, 2048, 2048, 2064]",238.0,11_9153
1218,9153,11,19,2023-09-02T14:57:40.405000+00:00,,38.631,32.043,278.0,279.0,True,310.913,"[2064, 2064, 2048, 2048, 2048, 2048, 2048, 2048]","[2048, 2048, 2048, 2048, 2048, 2048, 2048]","[2048, 2048, 2048, 2048, 2048, 2048, 2048, 2048, 2048, 2048]",180.0,11_9153
1218,9153,11,20,2023-09-02T14:59:28.576000+00:00,26.904,27.171,26.613,319.0,333.0,False,80.688,"[2049, 2049, 2049, 2049, 2049, 2048, 2048, 2048]","[2048, 2049, 2049, 2049, 2049, 2049, 2048]","[2048, 2049, 2049, 2048, 2048, 2048, 2048, 2048, 2048]",344.0,11_9153
1218,9153,11,21,2023-09-02T15:00:49.216000+00:00,33.993,34.467,,279.0,287.0,False,,"[2048, 2048, 2048, 2048, 2048, 2048, 2048, 2048]","[2048, 2048, 2048, 2048, 2048, 2048, 2048]",[2048],232.0,11_9153
1218,9153,14,1,2023-09-02T14:04:01.707000+00:00,,34.023,32.31,299.0,320.0,True,,"[2064, 2064, 2049, 2049, 2049, 2049, 2049, 2049]","[2049, 2049, 2049, 2049, 2049, 2049, 2049]","[2049, 2049, 2049, 2049, 2049, 2049, 2049, 2049, 2049]",250.0,14_9153
1218,9153,14,2,2023-09-02T14:05:39.050000+00:00,27.318,27.954,27.208,319.0,336.0,False,82.48,"[2049, 2049, 2049, 2049, 2049, 2049, 2049, 2049]","[2049, 2049, 2049, 2049, 2049, 2049, 2049]","[2049, 2049, 2049, 2049, 2049, 2049, 2049, 2049, 2049]",339.0,14_9153
1218,9153,14,3,2023-09-02T14:07:01.564000+00:00,42.48,37.115,31.319,266.0,307.0,False,110.914,"[2048, 2048, 2048, 2048, 2048, 2048, 2048, 2048]","[2048, 2048, 2048, 2048, 2048, 2048, 2048]","[2048, 2048, 2048, 2048, 2048, 2048, 2048, 2048, 2048]",96.0,14_9153
1218,9153,14,4,2023-09-02T14:08:52.516000+00:00,27.132,27.763,27.148,321.0,336.0,False,82.043,"[2049, 2049, 2049, 2049, 2049, 2049, 2049, 2049]","[2051, 2051, 2049, 2049, 2048, 2049, 2048]","[2051, 2048, 2049, 2049, 2049, 2048, 2048, 2049, 2049]",340.0,14_9153
1218,9153,14,5,2023-09-02T14:10:14.671000+00:00,33.855,35.649,44.031,268.0,252.0,False,113.535,"[2048, 2048, 2048, 2048, 2048, 2048, 2048, 2048]","[2048, 2048, 2048, 2048, 2048, 2048, 2048]","[2048, 2048, 2048, 2048, 2048, 2048, 2048, 2048, 2048, 2064]",223.0,14_9153
1218,9153,14,6,2023-09-02T14:15:49.137000+00:00,,31.55,38.61,304.0,323.0,True,326.209,"[2064, 2064, 2048, 2048, 2048, 2048, 2048, 2048]","[2048, 2048, 2048, 2048, 2048, 2048, 2048]","[2048, 2048, 2048, 2048, 2048, 2048, 2048, 2048, 2048, 2049]",239.0,14_9153
1218,9153,14,7,2023-09-02T14:17:34.292000+00:00,26.974,27.8,35.336,322.0,338.0,False,90.11,"[2049, 2049, 2048, 2049, 2051, 2049, 2049, 2049]","[2048, 2048, 2049, 2049, 2048, 2049, 2049]","[2048, 2048, 2048, 2048, 2048, 2048, 2048, 2048, 2048, 2048]",346.0,14_9153
1218,9153,14,8,2023-09-02T14:19:04.447000+00:00,36.877,36.337,43.091,240.0,265.0,False,116.305,"[2048, 2048, 2048, 2048, 2048, 2048, 2048, 2048]","[2048, 2048, 2048, 2048, 2048, 2048, 2048]","[2048, 2048, 2048, 2048, 2048, 2048, 2048, 2048, 2048, 2064]",202.0,14_9153
1218,9153,14,9,2023-09-02T14:27:03.129000+00:00,,36.033,39.26,303.0,308.0,True,472.29,"[2064, 2064, 2049, 2049, 2049, 2049, 2049, 2049]","[2049, 2049, 2049, 2049, 2049, 2049, 2049]","[2049, 2049, 2051, 2049, 2049, 2049, 2049, 2049, 2051]",252.0,14_9153
1218,9153,14,10,2023-09-02T14:28:52.972000+00:00,26.984,27.527,27.032,320.0,338.0,False,81.543,"[2049, 2049, 2049, 2049, 2049, 2049, 2049, 2049]","[2049, 2049, 2049, 2049, 2049, 2049, 2049]","[2049, 2049, 2049, 2049, 2049, 2049, 2049, 2048, 2051]",344.0,14_9153
1218,9153,14,11,2023-09-02T14:30:14.518000+00:00,33.291,35.255,40.908,242.0,295.0,False,109.454,"[2048, 2048, 2048, 2048, 2048, 2048, 2048, 2048]","[2048, 2048, 2048, 2048, 2048, 2048, 2048]","[2048, 2048, 2048, 2048, 2048, 2048, 2048, 2048, 2048, 2064]",210.0,14_9153
1218,9153,14,12,2023-09-02T14:37:35.028000+00:00,,33.52,39.876,301.0,182.0,True,441.508,"[None, 2064, 2048, 2048, 2048, 2048, 2048, 2048]","[2048, 2048, 2048, 2048, 2048, 2048, 2048]","[2048, 2048, 2048, 2048, 2048, 2048, 2048, 2048, 2048, 2049]",184.0,14_9153
1218,9153,14,13,2023-09-02T14:39:25.511000+00:00,26.966,29.499,46.014,322.0,134.0,False,102.479,"[2048, 2049, 2049, 2048, 2049, 2048, 2049, 2049]","[2049, 2048, 2048, 2048, 2048, 2048, 2048]","[2048, 2048, 2048, 2048, 2048, 2048, 2048, 2048, 2048, 2064]",344.0,14_9153
1218,9153,14,14,2023-09-02T14:49:25.114000+00:00,,35.253,34.784,301.0,187.0,True,612.623,"[2064, 2064, 2049, 2049, 2049, 2049, 2049, 2049]","[2049, 2049, 2051, 2049, 2049, 2051, 2049]","[2049, 2051, 2051, 2051, 2049, 2049, 2049, 2049, 2049]",195.0,14_9153
1218,9153,14,15,2023-09-02T14:51:20.597000+00:00,26.91,27.59,26.917,319.0,335.0,False,81.417,"[2049, 2049, 2049, 2049, 2049, 2049, 2049, 2049]","[2049, 2049, 2049, 2049, 2049, 2049, 2049]","[2049, 2049, 2049, 2049, 2049, 2049, 2049, 2049, 2049]",344.0,14_9153
1218,9153,14,16,2023-09-02T14:52:42.018000+00:00,32.184,34.197,42.401,253.0,198.0,False,108.782,"[2048, 2048, 2048, 2048, 2048, 2048, 2048, 2048]","[2048, 2048, 2048, 2048, 2048, 2048, 2048]","[2048, 2048, 2048, 2048, 2048, 2048, 2048, 2048, 2048, 2064]",236.0,14_9153
1218,9153,14,17,2023-09-02T14:56:58.328000+00:00,,36.922,33.295,286.0,312.0,True,251.647,"[None, 2064, 2048, 2048, 2048, 2048, 2048, 2048]","[2048, 2048, 2048, 2048, 2048, 2048, 2048]","[2048, 2048, 2048, 2048, 2048, 2048, 2048, 2048, 2048, 2048]",209.0,14_9153
1218,9153,14,18,2023-09-02T14:58:42.483000+00:00,27.124,27.545,26.9,317.0,332.0,False,81.569,"[2048, 2048, 2048, 2048, 2049, 2048, 2048, 2048]","[2048, 2049, 2048, 2049, 2049, 2049, 2048]","[2048, 2049, 2049, 2048, 2048, 2049, 2049, 2048, 2048, 2048]",338.0,14_9153
1218,9153,14,19,2023-09-02T15:00:04.044000+00:00,34.776,36.999,,211.0,222.0,False,,"[None, 2048, 2048, 2048, 2048, 2048, 2048, 2048]","[2048, 2048, 2048, 2048, 2048, 2048, 2048]",[2048],197.0,14_9153
1218,9153,16,1,2023-09-02T14:03:43.066000+00:00,,32.751,29.815,272.0,312.0,True,,"[2064, 2064, 2049, 2049, 2049, 2049, 2049, 2049]","[2049, 2049, 2049, 2049, 2049, 2049, 2049]","[2049, 2049, 2049, 2049, 2049, 2049, 2049, 2049, 2049]",125.0,16_9153
1218,9153,16,2,2023-09-02T14:05:25.253000+00:00,27.197,27.969,27.33,321.0,335.0,False,82.496,"[2049, 2049, 2049, 2049, 2049, 2049, 2049, 2049]","[2049, 2049, 2049, 2049, 2049, 2049, 2049]","[2049, 2049, 2049, 2049, 2049, 2049, 2049, 2049, 2049]",341.0,16_9153
1218,9153,16,3,2023-09-02T14:06:47.736000+00:00,40.16,38.868,36.0,264.0,135.0,False,115.028,"[2048, 2048, 2048, 2048, 2048, 2048, 2048, 2048]","[2048, 2048, 2048, 2048, 2048, 2048, 2048]","[2048, 2048, 2048, 2048, 2048, 2048, 2048, 2048, 2048, 2048]",168.0,16_9153
1218,9153,16,4,2023-09-02T14:08:42.797000+00:00,42.28,34.924,36.273,287.0,266.0,False,113.477,"[None, 2048, 2048, 2048, 2048, 2048, 2048, 2048]","[2048, 2048, 2048, 2048, 2048, 2048, 2048]","[2048, 2048, 2048, 2048, 2048, 2048, 2048, 2048, 2048, 2048]",101.0,16_9153
1218,9153,16,5,2023-09-02T14:10:36.281000+00:00,27.244,27.664,27.088,320.0,336.0,False,81.996,"[None, 2048, 2048, 2049, 2049, 2048, 2048, 2048]","[2049, 2049, 2049, 2049, 2049, 2049, 2049]","[2051, 2049, 2049, 2048, 2048, 2049, 2049, 2049, 2049]",341.0,16_9153
1218,9153,16,6,2023-09-02T14:11:58.295000+00:00,34.062,38.42,43.209,198.0,244.0,False,115.691,"[None, 2048, 2048, 2048, 2048, 2048, 2048, 2048]","[2048, 2048, 2048, 2048, 2048, 2048, 2048]","[2048, 2048, 2048, 2048, 2048, 2048, 2048, 2048, 2048, 2064]",248.0,16_9153
1218,9153,16,7,2023-09-02T14:14:18.778000+00:00,63.762,36.732,34.569,234.0,223.0,True,135.063,"[None, 2064, 2048, 2048, 2048, 2048, 2048, 2048]","[2048, 2048, 2048, 2048, 2048, 2048, 2048]","[2048, 2048, 2048, 2048, 2048, 2048, 2048, 2048, 2048, 2048]",175.0,16_9153
1218,9153,16,8,2023-09-02T14:16:09.058000+00:00,27.095,27.668,27.025,323.0,343.0,False,81.788,"[2048, 2049, 2049, 2049, 2048, 2048, 2048, 2049]","[2049, 2049, 2049, 2048, 2048, 2049, 2051]","[2051, 2049, 2048, 2049, 2048, 2048, 2048, 2048, 2051]",342.0,16_9153
1218,9153,16,9,2023-09-02T14:17:30.792000+00:00,39.923,33.05,37.023,235.0,281.0,False,109.996,"[None, 2048, 2048, 2048, 2048, 2048, 2048, 2048]","[2048, 2048, 2048, 2048, 2048, 2048, 2048]","[2048, 2048, 2048, 2048, 2048, 2048, 2048, 2048, 2048, 2064]",118.0,16_9153
1218,9153,16,10,2023-09-02T14:27:19.644000+00:00,,34.729,34.93,290.0,300.0,True,587.376,"[2064, 2064, 2049, 2049, 2049, 2049, 2049, 2049]","[2049, 2049, 2049, 2049, 2049, 2049, 2049]","[2049, 2049, 2049, 2049, 2049, 2049, 2049, 2049, 2049]",202.0,16_9153
1218,9153,16,11,2023-09-02T14:29:08.190000+00:00,26.809,27.433,26.933,322.0,339.0,False,81.175,"[2049, 2049, 2051, 2049, 2049, 2049, 2049, 2049]","[2049, 2049, 2049, 2049, 2049, 2049, 2049]","[2049, 2049, 2049, 2049, 2049, 2049, 2049, 2049, 2051]",348.0,16_9153
1218,9153,16,12,2023-09-02T14:30:29.361000+00:00,32.4,32.759,39.779,269.0,278.0,False,104.938,"[2048, 2048, 2048, 2048, 2048, 2048, 2048, 2048]","[2048, 2048, 2048, 2048, 2048, 2048, 2048]","[2048, 2048, 2048, 2048, 2048, 2048, 2048, 2048, 2048, 2064]",212.0,16_9153
1218,9153,16,13,2023-09-02T14:37:31.716000+00:00,,34.152,38.901,280.0,309.0,True,428.76,"[None, 2064, 2048, 2048, 2048, 2048, 2048, 2048]","[2048, 2048, 2048, 2048, 2048, 2048, 2048]","[2048, 2048, 2048, 2048, 2048, 2048, 2048, 2048, 2048, 2048]",127.0,16_9153
1218,9153,16,14,2023-09-02T14:39:23.074000+00:00,26.833,27.308,26.836,322.0,337.0,False,80.977,"[2048, 2048, 2048, 2049, 2049, 2048, 2049, 2049]","[2049, 2049, 2049, 2049, 2049, 2049, 2048]","[2051, 2049, 2048, 2048, 2048, 2048, 2049, 2051, 2048]",345.0,16_9153
1218,9153,16,15,2023-09-02T14:40:44.089000+00:00,33.596,35.01,38.873,235.0,261.0,False,107.479,"[None, 2048, 2048, 2048, 2048, 2048, 2048, 2048]","[2048, 2048, 2048, 2048, 2048, 2048, 2048]","[2048, 2048, 2048, 2048, 2048, 2048, 2048, 2048, 2048, 2064]",222.0,16_9153
1218,9153,16,16,2023-09-02T14:49:30.114000+00:00,,36.641,33.723,273.0,266.0,True,540.27,"[None, 2064, 2049, 2049, 2049, 2049, 2049, 2049]","[2049, 2049, 2049, 2049, 2049, 2049, 2049]","[2049, 2049, 2049, 2049, 2049, 2049, 2049, 2049, 2049]",137.0,16_9153
1218,9153,16,17,2023-09-02T14:51:31.769000+00:00,26.77,27.124,26.67,321.0,336.0,False,80.564,"[2049, 2049, 2049, 2051, 2049, 2049, 2049, 2049]","[2049, 2051, 2051, 2049, 2049, 2049, 2049]","[2049, 2049, 2049, 2049, 2049, 2049, 2049, 2049, 2049]",345.0,16_9153
1218,9153,16,18,2023-09-02T14:52:52.440000+00:00,32.746,32.905,37.177,245.0,279.0,False,102.828,"[2048, 2048, 2048, 2048, 2048, 2048, 2048, 2048]","[2048, 2048, 2048, 2048, 2048, 2048, 2048]","[2048, 2048, 2048, 2048, 2048, 2048, 2048, 2048, 2048, 2064]",204.0,16_9153
1218,9153,16,19,2023-09-02T14:57:07.656000+00:00,,38.912,31.954,223.0,266.0,True,257.308,"[2064, 2064, 2048, 2048, 2048, 2048, 2048, 2048]","[2048, 2048, 2048, 2048, 2048, 2048, 2048]","[2048, 2048, 2048, 2048, 2048, 2048, 2048, 2048, 2048, 2049]",240.0,16_9153
1218,9153,16,20,2023-09-02T14:58:52.514000+00:00,26.667,27.101,26.593,321.0,335.0,False,80.361,"[2049, 2049, 2051, 2051, 2049, 2049, 2049, 2049]","[2049, 2048, 2049, 2049, 2049, 2049, 2048]","[2049, 2049, 2048, 2048, 2048, 2048, 2049, 2049, 2049]",344.0,16_9153
1218,9153,16,21,2023-09-02T15:00:13.185000+00:00,36.112,37.278,,214.0,214.0,False,,"[2048, 2048, 2048, 2048, 2048, 2048, 2048, 2048]","[2048, 2048, 2048, 2048, 2048, 2048, 2048]",[2048],196.0,16_9153
1218,9153,18,1,2023-09-02T14:03:52.785000+00:00,,34.408,32.553,262.0,318.0,True,,"[2064, 2064, 2049, 2049, 2049, 2049, 2049, 2049]","[2049, 2049, 2049, 2049, 2049, 2049, 2049]","[2049, 2049, 2049, 2049, 2049, 2049, 2049, 2049, 2049]",173.0,18_9153
1218,9153,18,2,2023-09-02T14:05:33.909000+00:00,29.164,36.856,31.235,274.0,308.0,False,97.255,"[2049, 2049, 2051, 2049, 2048, 2048, 2048, 2048]","[2049, 2048, 2049, 2048, 2048, 2048, 2048]","[2048, 2048, 2049, 2049, 2049, 2049, 2049, 2048, 2048]",342.0,18_9153
1218,9153,18,3,2023-09-02T14:07:11.174000+00:00,27.424,28.342,27.81,321.0,334.0,False,83.576,"[2048, 2048, 2048, 2049, 2049, 2049, 2049, 2049]","[2049, 2049, 2049, 2049, 2049, 2049, 2049]","[2049, 2049, 2049, 2049, 2049, 2049, 2049, 2049, 2049]",,18_9153
1218,9153,18,4,2023-09-02T14:08:34.719000+00:00,33.267,33.253,36.361,283.0,312.0,False,102.881,"[None, 2048, 2048, 2048, 2048, 2048, 2048, 2048]","[2048, 2048, 2048, 2048, 2048, 2048, 2048]","[2048, 2048, 2048, 2048, 2048, 2048, 2048, 2048, 2048, 2064]",212.0,18_9153
1218,9153,18,5,2023-09-02T14:12:25.420000+00:00,,30.149,28.873,313.0,316.0,True,218.462,"[2064, 2064, 2048, 2048, 2048, 2048, 2048, 2048]","[2048, 2048, 2048, 2048, 2048, 2048, 2048]","[2048, 2048, 2048, 2048, 2048, 2048, 2048, 2048, 2048, 2048]",213.0,18_9153
1218,9153,18,6,2023-09-02T14:13:56.122000+00:00,27.267,28.076,27.517,321.0,334.0,False,82.86,"[2048, 2048, 2048, 2049, 2049, 2049, 2049, 2049]","[2049, 2049, 2048, 2049, 2049, 2049, 2049]","[2049, 2049, 2049, 2048, 2048, 2049, 2049, 2049, 2048]",340.0,18_9153
1218,9153,18,7,2023-09-02T14:15:18.918000+00:00,37.274,36.331,31.308,256.0,292.0,False,104.913,"[None, 2048, 2048, 2048, 2048, 2048, 2048, 2048]","[2048, 2048, 2048, 2048, 2048, 2048, 2048]","[2048, 2048, 2048, 2048, 2048, 2048, 2048, 2048, 2048, 2048]",171.0,18_9153
1218,9153,18,8,2023-09-02T14:17:03.901000+00:00,27.281,28.239,27.363,322.0,336.0,False,82.883,"[2049, 2049, 2048, 2048, 2048, 2048, 2048, 2049]","[2048, 2048, 2049, 2048, 2048, 2048, 2049]","[2049, 2049, 2049, 2048, 2048, 2049, 2049, 2048, 2049, 2048]",343.0,18_9153
1218,9153,18,9,2023-09-02T14:18:26.760000+00:00,34.135,34.042,37.45,284.0,288.0,False,105.627,"[2048, 2048, 2048, 2048, 2048, 2048, 2048, 2048]","[2048, 2048, 2048, 2048, 2048, 2048, 2048]","[2048, 2048, 2048, 2048, 2048, 2048, 2048, 2048, 2048, 2064]",193.0,18_9153
1218,9153,20,1,2023-09-02T14:01:04.099000+00:00,,39.411,34.225,290.0,287.0,True,,"[2064, 2064, 2049, 2051, 2049, 2049, 2049, 2049]","[2049, 2049, 2049, 2049, 2049, 2049, 2049]","[2049, 2049, 2049, 2049, 2049, 2049, 2049, 2049, 2049]",248.0,20_9153
1218,9153,20,2,2023-09-02T14:02:49.801000+00:00,27.321,28.117,27.415,321.0,335.0,False,82.853,"[2049, 2049, 2049, 2049, 2049, 2049, 2049, 2049]","[2049, 2049, 2049, 2049, 2049, 2049, 2049]","[2049, 2049, 2049, 2049, 2051, 2051, 2049, 2049, 2049]",341.0,20_9153
1218,9153,20,3,2023-09-02T14:04:12.675000+00:00,34.571,36.866,32.685,255.0,289.0,False,104.122,"[2048, 2048, 2048, 2048, 2048, 2048, 2048, 2048]","[2048, 2048, 2048, 2048, 2048, 2048, 2048]","[2048, 2048, 2048, 2048, 2048, 2048, 2048, 2048, 2048, 2048]",196.0,20_9153
1218,9153,20,4,2023-09-02T14:05:56.784000+00:00,27.57,29.736,36.636,319.0,321.0,False,93.942,"[2049, 2048, 2049, 2048, 2048, 2048, 2048, 2048]","[2049, 2048, 2048, 2048, 2048, 2048, 2048]","[2048, 2048, 2048, 2048, 2048, 2048, 2048, 2048, 2048, 2064]",341.0,20_9153
1218,9153,20,5,2023-09-02T14:12:10.905000+00:00,,32.454,33.845,292.0,291.0,True,379.11,"[None, 2064, 2048, 2048, 2048, 2048, 2048, 2048]","[2048, 2048, 2048, 2048, 2048, 2048, 2048]","[2048, 2048, 2048, 2048, 2048, 2048, 2048, 2049, 2049, 2048]",260.0,20_9153
1218,9153,20,6,2023-09-02T14:13:49.841000+00:00,27.384,27.829,27.379,319.0,333.0,False,82.592,"[2049, 2048, 2048, 2048, 2048, 2048, 2048, 2048]","[2049, 2049, 2049, 2049, 2049, 2048, 2048]","[2048, 2049, 2048, 2048, 2048, 2048, 2049, 2048, 2049, 2048]",340.0,20_9153
1218,9153,20,7,2023-09-02T14:15:12.418000+00:00,40.784,39.973,31.114,178.0,304.0,False,111.871,"[2048, 2048, 2048, 2048, 2048, 2048, 2048, 2048]","[2048, 2048, 2048, 2048, 2048, 2048, 2048]","[2048, 2048, 2048, 2048, 2048, 2048, 2048, 2048, 2048, 2049]",178.0,20_9153
1218,9153,20,8,2023-09-02T14:17:04.323000+00:00,27.488,28.277,33.229,324.0,342.0,False,88.994,"[2049, 2051, 2048, 2048, 2048, 2049, 2049, 2049]","[2048, 2048, 2049, 2048, 2048, 2049, 2049]","[2048, 2048, 2048, 2048, 2049, 2048, 2048, 2048, 2048, 2064]",351.0,20_9153
1218,9153,22,1,,,40.439,29.805,296.0,300.0,True,,"[None, 2064, 2049, 2049, 2049, 2049, 2049, 2049]","[2049, 2049, 2049, 2049, 2049, 2049, 2049]","[2049, 2051, 2049, 2049, 2051, 2051, 2051, 2051, 2051]",197.0,22_9153
1218,9153,22,2,2023-09-02T14:02:39.598000+00:00,27.496,28.191,27.547,318.0,332.0,False,83.234,"[2049, 2049, 2049, 2049, 2049, 2049, 2049, 2049]","[2049, 2049, 2049, 2049, 2049, 2049, 2049]","[2049, 2049, 2049, 2049, 2049, 2049, 2049, 2049, 2049]",334.0,22_9153
1218,9153,22,3,2023-09-02T14:04:03.426000+00:00,30.313,32.811,36.351,293.0,300.0,False,99.475,"[2048, 2048, 2048, 2048, 2048, 2048, 2048, 2048]","[2048, 2048, 2048, 2048, 2048, 2048, 2048]","[2048, 2048, 2048, 2048, 2048, 2048, 2048, 2048, 2048, 2064]",297.0,22_9153
1218,9153,22,4,2023-09-02T14:07:48.876000+00:00,,37.907,29.564,303.0,299.0,True,229.77,"[2064, 2064, 2048, 2048, 2048, 2048, 2048, 2048]","[2048, 2048, 2048, 2048, 2048, 2048, 2048]","[2048, 2048, 2048, 2048, 2048, 2048, 2048, 2049, 2049, 2049]",200.0,22_9153
1218,9153,22,5,2023-09-02T14:09:32.125000+00:00,27.032,27.828,27.27,319.0,334.0,False,82.13,"[2049, 2049, 2049, 2051, 2049, 2049, 2049, 2049]","[2049, 2049, 2049, 2049, 2049, 2049, 2049]","[2049, 2049, 2049, 2049, 2049, 2049, 2049, 2049, 2049]",341.0,22_9153
1218,9153,22,6,2023-09-02T14:10:54.249000+00:00,30.281,30.978,36.432,292.0,300.0,False,97.691,"[2048, 2048, 2048, 2048, 2048, 2048, 2048, 2048]","[2048, 2048, 2048, 2048, 2048, 2048, 2048]","[2048, 2048, 2048, 2048, 2048, 2048, 2048, 2048, 2048, 2064]",279.0,22_9153
1218,9153,22,7,2023-09-02T14:15:53.449000+00:00,,31.877,39.35,308.0,310.0,True,306.283,"[None, 2064, 2048, 2048, 2048, 2048, 2048, 2048]","[2048, 2048, 2048, 2048, 2048, 2048, 2048]","[2048, 2048, 2048, 2048, 2048, 2048, 2048, 2048, 2048, 2048]",255.0,22_9153
1218,9153,22,8,2023-09-02T14:17:38.229000+00:00,27.064,27.612,27.176,320.0,339.0,False,81.852,"[2048, 2049, 2051, 2048, 2048, 2048, 2048, 2049]","[2049, 2049, 2049, 2049, 2049, 2049, 2049]","[2051, 2049, 2049, 2048, 2048, 2048, 2049, 2049, 2049, 2048]",346.0,22_9153
1218,9153,22,9,2023-09-02T14:19:00.041000+00:00,30.525,34.594,41.413,287.0,293.0,False,106.532,"[None, 2048, 2048, 2048, 2048, 2048, 2048, 2048]","[2048, 2048, 2048, 2048, 2048, 2048, 2048]","[2048, 2048, 2048, 2048, 2048, 2048, 2048, 2048, 2048, 2064]",294.0,22_9153
1218,9153,22,10,2023-09-02T14:26:58.504000+00:00,,36.386,34.253,301.0,284.0,True,477.237,"[2064, 2064, 2049, 2049, 2049, 2049, 2049, 2049]","[2049, 2049, 2049, 2049, 2049, 2049, 2049]","[2051, 2051, 2049, 2049, 2049, 2049, 2049, 2049, 2049]",222.0,22_9153
1218,9153,22,11,2023-09-02T14:28:43.831000+00:00,27.173,27.48,27.115,320.0,335.0,False,81.768,"[2049, 2049, 2049, 2049, 2049, 2049, 2049, 2049]","[2051, 2049, 2049, 2049, 2049, 2049, 2049]","[2049, 2049, 2049, 2049, 2049, 2049, 2049, 2049, 2049]",344.0,22_9153
1218,9153,22,12,2023-09-02T14:30:05.565000+00:00,31.531,37.526,48.567,285.0,290.0,False,117.624,"[2048, 2048, 2048, 2048, 2048, 2048, 2048, 2048]","[2048, 2048, 2048, 2048, 2048, 2048, 2048]","[2048, 2048, 2048, 2048, 2048, 2048, 2048, 2048, 2048, 2064]",278.0,22_9153
1218,9153,22,13,2023-09-02T14:37:13.560000+00:00,,32.342,29.732,303.0,301.0,True,408.67,"[2064, 2064, 2048, 2048, 2048, 2048, 2048, 2048]","[2048, 2048, 2048, 2048, 2048, 2048, 2048]","[2048, 2048, 2048, 2048, 2048, 2048, 2048, 2048, 2048, 2048]",223.0,22_9153
1218,9153,22,14,2023-09-02T14:38:51.902000+00:00,27.054,27.462,27.078,320.0,337.0,False,81.594,"[2048, 2048, 2049, 2049, 2049, 2048, 2048, 2049]","[2048, 2048, 2049, 2049, 2049, 2049, 2049]","[2051, 2048, 2049, 2049, 2049, 2049, 2049, 2048, 2048]",344.0,22_9153
1218,9153,22,15,2023-09-02T14:40:13.448000+00:00,31.797,36.549,40.128,291.0,288.0,False,108.474,"[None, 2048, 2048, 2048, 2048, 2048, 2048, 2048]","[2048, 2048, 2048, 2048, 2048, 2048, 2048]","[2048, 2048, 2048, 2048, 2048, 2048, 2048, 2048, 2048, 2064]",269.0,22_9153
1218,9153,23,1,2023-09-02T14:02:02.536000+00:00,,31.659,30.107,321.0,298.0,True,,"[2064, 2064, 2049, 2049, 2049, 2049, 2049, 2049]","[2049, 2049, 2049, 2049, 2049, 2049, 2049]","[2049, 2049, 2049, 2049, 2049, 2049, 2049, 2049, 2051]",266.0,23_9153
1218,9153,23,2,2023-09-02T14:03:39.395000+00:00,27.087,27.84,27.196,323.0,337.0,False,82.123,"[2051, 2051, 2049, 2049, 2049, 2051, 2051, 2051]","[2049, 2049, 2049, 2049, 2049, 2051, 2051]","[2049, 2049, 2051, 2051, 2051, 2049, 2049, 2049, 2051]",345.0,23_9153
1218,9153,23,3,2023-09-02T14:05:01.503000+00:00,33.748,36.776,34.457,292.0,299.0,False,104.981,"[2048, 2048, 2048, 2048, 2048, 2048, 2048, 2048]","[2048, 2048, 2048, 2048, 2048, 2048, 2048]","[2048, 2048, 2048, 2048, 2048, 2048, 2048, 2048, 2048, 2048]",272.0,23_9153
1218,9153,23,4,2023-09-02T14:06:46.533000+00:00,35.23,41.191,32.825,283.0,232.0,False,109.246,"[None, 2048, 2048, 2048, 2048, 2048, 2048, 2048]","[2048, 2048, 2048, 2048, 2048, 2048, 2048]","[2048, 2048, 2048, 2048, 2048, 2048, 2048, 2048, 2048]",275.0,23_9153
1218,9153,23,5,2023-09-02T14:08:35.782000+00:00,27.108,27.793,27.37,323.0,338.0,False,82.271,"[2051, 2051, 2049, 2048, 2048, 2048, 2048, 2048]","[2049, 2049, 2049, 2049, 2048, 2051, 2051]","[2049, 2048, 2048, 2048, 2048, 2048, 2048, 2048, 2048, 2048]",349.0,23_9153
1218,9153,23,6,2023-09-02T14:09:58.078000+00:00,32.244,32.504,35.806,291.0,300.0,False,100.554,"[2048, 2048, 2048, 2048, 2048, 2048, 2048, 2048]","[2048, 2048, 2048, 2048, 2048, 2048, 2048]","[2048, 2048, 2048, 2048, 2048, 2048, 2048, 2048, 2048, 2064]",296.0,23_9153
1218,9153,23,7,2023-09-02T14:15:24.809000+00:00,,31.667,36.796,322.0,314.0,True,337.168,"[None, 2064, 2048, 2048, 2048, 2048, 2048, 2048]","[2048, 2048, 2048, 2048, 2048, 2048, 2048]","[2048, 2048, 2048, 2048, 2048, 2048, 2048, 2048, 2048, 2048]",214.0,23_9153
1218,9153,23,8,2023-09-02T14:17:15.792000+00:00,26.97,27.57,27.121,323.0,341.0,False,81.661,"[2048, 2048, 2048, 2049, 2048, 2048, 2048, 2048]","[2049, 2049, 2049, 2049, 2049, 2051, 2051]","[2049, 2048, 2048, 2051, 2051, 2049, 2049, 2048, 2049]",348.0,23_9153
1218,9153,23,9,2023-09-02T14:18:37.385000+00:00,34.303,35.62,39.44,271.0,301.0,False,109.363,"[None, 2048, 2048, 2048, 2048, 2048, 2048, 2048]","[2048, 2048, 2048, 2048, 2048, 2048, 2048]","[2048, 2048, 2048, 2048, 2048, 2048, 2048, 2048, 2048, 2064]",290.0,23_9153
1218,9153,23,10,2023-09-02T14:26:57.035000+00:00,,38.774,39.808,318.0,281.0,True,500.52,"[2064, 2064, 2049, 2049, 2049, 2049, 2049, 2049]","[2049, 2049, 2049, 2049, 2049, 2049, 2049]","[2049, 2049, 2049, 2049, 2049, 2049, 2049, 2049, 2051]",276.0,23_9153
1218,9153,23,11,2023-09-02T14:28:47.268000+00:00,26.828,27.475,26.969,321.0,337.0,False,81.272,"[2049, 2049, 2049, 2049, 2051, 2051, 2049, 2049]","[2049, 2049, 2049, 2049, 2049, 2051, 2051]","[2049, 2049, 2051, 2051, 2051, 2051, 2049, 2049, 2051]",346.0,23_9153
1218,9153,23,12,2023-09-02T14:30:08.533000+00:00,32.083,35.489,39.798,262.0,281.0,False,107.37,"[2048, 2048, 2048, 2048, 2048, 2048, 2048, 2048]","[2048, 2048, 2048, 2048, 2048, 2048, 2048]","[2048, 2048, 2048, 2048, 2048, 2048, 2048, 2048, 2048, 2064]",288.0,23_9153
1218,9153,23,13,2023-09-02T14:37:06.560000+00:00,,33.37,30.588,317.0,304.0,True,409.005,"[2064, 2064, 2048, 2048, 2048, 2048, 2048, 2048]","[2048, 2048, 2048, 2048, 2048, 2048, 2048]","[2048, 2048, 2048, 2048, 2048, 2048, 2048, 2048, 2048, 2048]",205.0,23_9153
1218,9153,23,14,2023-09-02T14:38:44.949000+00:00,26.999,27.449,26.968,319.0,332.0,False,81.416,"[2048, 2048, 2048, 2048, 2048, 2048, 2048, 2048]","[2049, 2048, 2049, 2049, 2049, 2048, 2048]","[2048, 2049, 2048, 2048, 2048, 2048, 2048, 2049, 2048, 2048]",341.0,23_9153
1218,9153,23,15,2023-09-02T14:40:06.402000+00:00,32.612,36.122,40.454,275.0,261.0,False,109.188,"[None, 2048, 2048, 2048, 2048, 2048, 2048, 2048]","[2048, 2048, 2048, 2048, 2048, 2048, 2048]","[2048, 2048, 2048, 2048, 2048, 2048, 2048, 2048, 2048, 2064]",294.0,23_9153
1218,9153,23,16,2023-09-02T14:49:51.458000+00:00,,35.569,33.772,321.0,305.0,True,589.807,"[2064, 2064, 2049, 2049, 2049, 2049, 2049, 2049]","[2049, 2049, 2049, 2051, 2051, 2049, 2049]","[2051, 2049, 2049, 2049, 2049, 2049, 2049, 2049, 2051]",211.0,23_9153
1218,9153,23,17,2023-09-02T14:51:45.378000+00:00,26.697,27.363,26.812,322.0,337.0,False,80.872,"[2051, 2051, 2049, 2049, 2051, 2051, 2051, 2049]","[2049, 2049, 2049, 2049, 2049, 2051, 2051]","[2049, 2049, 2049, 2051, 2051, 2051, 2049, 2048, 2048, 2049]",346.0,23_9153
1218,9153,23,18,2023-09-02T14:53:06.487000+00:00,32.533,34.745,39.468,293.0,291.0,False,106.746,"[2048, 2048, 2048, 2048, 2048, 2048, 2048, 2048]","[2048, 2048, 2048, 2048, 2048, 2048, 2048]","[2048, 2048, 2048, 2048, 2048, 2048, 2048, 2048, 2048, 2064]",293.0,23_9153
1218,9153,23,19,2023-09-02T14:57:51.280000+00:00,,37.496,32.785,321.0,303.0,True,279.107,"[2064, 2064, 2048, 2048, 2048, 2048, 2048, 2048]","[2048, 2048, 2048, 2048, 2048, 2048, 2048]","[2048, 2048, 2048, 2048, 2048, 2048, 2048, 2048, 2048, 2051]",277.0,23_9153
1218,9153,23,20,2023-09-02T14:59:32.170000+00:00,26.672,27.364,26.724,322.0,339.0,False,80.76,"[2048, 2051, 2048, 2048, 2051, 2051, 2051, 2051]","[2048, 2049, 2049, 2048, 2048, 2051, 2051]","[2049, 2049, 2051, 2051, 2048, 2048, 2049, 2048, 2048]",347.0,23_9153
1218,9153,23,21,2023-09-02T15:00:52.857000+00:00,33.55,34.021,,285.0,293.0,False,,"[None, 2048, 2048, 2048, 2048, 2048, 2048, 2048]","[2048, 2048, 2048, 2048, 2048, 2048, 2048]",[2048],241.0,23_9153
1218,9153,24,1,2023-09-02T14:02:22.067000+00:00,,31.608,29.627,299.0,314.0,True,,"[2064, 2064, 2049, 2049, 2049, 2049, 2049, 2049]","[2049, 2049, 2049, 2049, 2049, 2049, 2049]","[2049, 2049, 2049, 2049, 2049, 2049, 2049, 2049, 2049]",193.0,24_9153
1218,9153,24,2,2023-09-02T14:03:55.316000+00:00,27.051,28.024,27.315,321.0,338.0,False,82.39,"[2049, 2049, 2049, 2049, 2051, 2049, 2049, 2049]","[2049, 2049, 2051, 2049, 2049, 2049, 2049]","[2049, 2049, 2049, 2049, 2049, 2049, 2049, 2049, 2051]",345.0,24_9153
1218,9153,24,3,2023-09-02T14:05:17.769000+00:00,39.356,36.811,32.352,192.0,178.0,False,108.519,"[2048, 2048, 2048, 2048, 2048, 2048, 2048, 2048]","[2048, 2048, 2048, 2048, 2048, 2048, 2048]","[2048, 2048, 2048, 2048, 2048, 2048, 2048, 2048, 2048, 2048]",97.0,24_9153
1218,9153,24,4,2023-09-02T14:07:06.299000+00:00,27.256,28.581,27.734,322.0,336.0,False,83.571,"[2049, 2049, 2048, 2048, 2048, 2048, 2048, 2048]","[2049, 2048, 2048, 2048, 2048, 2048, 2048]","[2048, 2048, 2048, 2048, 2048, 2048, 2048, 2048, 2048, 2048]",346.0,24_9153
1218,9153,24,5,2023-09-02T14:08:29.845000+00:00,37.619,31.564,37.394,276.0,303.0,False,106.577,"[2048, 2048, 2048, 2048, 2048, 2048, 2048, 2048]","[2048, 2048, 2048, 2048, 2048, 2048, 2048]","[2048, 2048, 2048, 2048, 2048, 2048, 2048, 2048, 2048, 2064]",150.0,24_9153
1218,9153,24,6,2023-09-02T14:15:20.121000+00:00,,31.511,36.413,301.0,324.0,True,416.709,"[2064, 2064, 2048, 2048, 2048, 2048, 2048, 2048]","[2048, 2048, 2048, 2048, 2048, 2048, 2048]","[2048, 2048, 2048, 2048, 2048, 2048, 2048, 2048, 2048, 2048]",136.0,24_9153
1218,9153,24,7,2023-09-02T14:17:13.136000+00:00,27.142,27.978,27.309,325.0,341.0,False,82.429,"[2049, 2049, 2048, 2048, 2048, 2049, 2049, 2049]","[2048, 2049, 2049, 2049, 2048, 2049, 2049]","[2049, 2049, 2048, 2048, 2048, 2049, 2048, 2049, 2049, 2048]",350.0,24_9153
1218,9153,24,8,2023-09-02T14:18:35.572000+00:00,34.009,34.406,48.68,230.0,269.0,False,117.095,"[2048, 2048, 2048, 2048, 2048, 2048, 2048, 2048]","[2048, 2048, 2048, 2048, 2048, 2048, 2048]","[2048, 2048, 2048, 2048, 2048, 2048, 2048, 2048, 2048, 2064]",204.0,24_9153
1218,9153,27,1,2023-09-02T14:01:02.287000+00:00,,40.142,33.869,293.0,300.0,True,,"[2064, 2064, 2051, 2049, 2049, 2049, 2049, 2049]","[2049, 2049, 2049, 2049, 2049, 2049, 2049]","[2049, 2049, 2049, 2049, 2049, 2049, 2049, 2049, 2049]",258.0,27_9153
1218,9153,27,2,2023-09-02T14:02:47.051000+00:00,27.65,28.247,27.387,320.0,333.0,False,83.284,"[2049, 2049, 2049, 2049, 2049, 2049, 2049, 2049]","[2049, 2049, 2049, 2049, 2049, 2049, 2049]","[2049, 2049, 2049, 2051, 2049, 2049, 2051, 2049, 2049]",338.0,27_9153
1218,9153,27,3,2023-09-02T14:04:10.347000+00:00,32.607,34.136,34.522,278.0,256.0,False,101.265,"[2048, 2048, 2048, 2048, 2048, 2048, 2048, 2048]","[2048, 2048, 2048, 2048, 2048, 2048, 2048]","[2048, 2048, 2048, 2048, 2048, 2048, 2048, 2048, 2048, 2049]",212.0,27_9153
1218,9153,27,4,2023-09-02T14:05:51.643000+00:00,27.572,28.087,27.329,318.0,332.0,False,82.988,"[2049, 2048, 2048, 2049, 2048, 2048, 2048, 2048]","[2049, 2049, 2049, 2049, 2048, 2048, 2048]","[2048, 2049, 2048, 2048, 2048, 2049, 2049, 2049, 2049]",337.0,27_9153
1218,9153,27,5,2023-09-02T14:07:14.595000+00:00,29.709,31.335,35.097,290.0,304.0,False,96.141,"[2048, 2048, 2048, 2048, 2048, 2048, 2048, 2048]","[2048, 2048, 2048, 2048, 2048, 2048, 2048]","[2048, 2048, 2048, 2048, 2048, 2048, 2048, 2048, 2048, 2064]",308.0,27_9153
1218,9153,27,6,2023-09-02T14:12:08.561000+00:00,,34.192,33.764,291.0,148.0,True,296.251,"[2064, 2064, 2048, 2048, 2048, 2048, 2048, 2048]","[2048, 2048, 2048, 2048, 2048, 2048, 2048]","[2048, 2048, 2048, 2048, 2048, 2048, 2048, 2048, 2048, 2048]",250.0,27_9153
1218,9153,27,7,2023-09-02T14:13:46.997000+00:00,27.539,27.726,27.112,317.0,330.0,False,82.377,"[2048, 2048, 2048, 2049, 2048, 2048, 2048, 2048]","[2049, 2051, 2049, 2049, 2049, 2049, 2048]","[2048, 2049, 2048, 2048, 2048, 2048, 2049, 2049, 2049]",336.0,27_9153
1218,9153,27,8,2023-09-02T14:15:09.387000+00:00,36.334,35.647,34.147,210.0,226.0,False,106.128,"[None, 2048, 2048, 2048, 2048, 2048, 2048, 2048]","[2048, 2048, 2048, 2048, 2048, 2048, 2048]","[2048, 2048, 2048, 2048, 2048, 2048, 2048, 2048, 2048, 2048]",190.0,27_9153
1218,9153,27,9,2023-09-02T14:16:55.511000+00:00,27.423,27.832,27.088,316.0,331.0,False,82.343,"[None, 2048, 2048, 2049, 2048, 2048, 2048, 2048]","[2049, 2048, 2048, 2048, 2049, 2049, 2048]","[2048, 2051, 2048, 2048, 2048, 2048, 2048, 2048, 2048]",336.0,27_9153
1218,9153,27,10,2023-09-02T14:18:17.854000+00:00,31.212,32.89,36.831,285.0,299.0,False,100.933,"[None, 2048, 2048, 2048, 2048, 2048, 2048, 2048]","[2048, 2048, 2048, 2048, 2048, 2048, 2048]","[2048, 2048, 2048, 2048, 2048, 2048, 2048, 2048, 2048, 2064]",278.0,27_9153
1218,9153,27,11,2023-09-02T14:27:15.270000+00:00,,35.374,39.036,291.0,284.0,True,544.935,"[None, 2064, 2049, 2049, 2049, 2049, 2049, 2049]","[2049, 2051, 2051, 2051, 2049, 2049, 2049]","[2049, 2049, 2049, 2049, 2049, 2049, 2049, 2049, 2049]",164.0,27_9153
1218,9153,27,12,2023-09-02T14:29:03.721000+00:00,27.154,27.621,27.001,319.0,334.0,False,81.776,"[2049, 2049, 2049, 2049, 2049, 2049, 2049, 2049]","[2049, 2049, 2049, 2049, 2049, 2049, 2049]","[2049, 2049, 2049, 2049, 2049, 2049, 2049, 2049, 2049]",340.0,27_9153
1218,9153,27,13,2023-09-02T14:30:25.486000+00:00,30.462,31.787,38.347,283.0,302.0,False,100.596,"[2048, 2048, 2048, 2048, 2048, 2048, 2048, 2048]","[2048, 2048, 2048, 2048, 2048, 2048, 2048]","[2048, 2048, 2048, 2048, 2048, 2048, 2048, 2048, 2048, 2064]",297.0,27_9153
1218,9153,27,14,2023-09-02T14:37:42.059000+00:00,,34.055,40.167,292.0,297.0,True,445.764,"[None, 2064, 2048, 2048, 2048, 2048, 2048, 2048]","[2048, 2048, 2048, 2048, 2048, 2048, 2048]","[2048, 2048, 2048, 2048, 2048, 2048, 2048, 2048, 2048, 2048]",184.0,27_9153
1218,9153,27,15,2023-09-02T14:39:31.886000+00:00,27.333,27.55,26.955,320.0,335.0,False,81.838,"[2049, 2049, 2048, 2048, 2048, 2048, 2049, 2049]","[2049, 2048, 2048, 2048, 2049, 2049, 2049]","[2048, 2048, 2049, 2049, 2049, 2049, 2049, 2049, 2049, 2048]",341.0,27_9153
1218,9153,27,16,2023-09-02T14:40:53.776000+00:00,30.512,31.511,37.425,288.0,299.0,False,99.448,"[2048, 2048, 2048, 2048, 2048, 2048, 2048, 2048]","[2048, 2048, 2048, 2048, 2048, 2048, 2048]","[2048, 2048, 2048, 2048, 2048, 2048, 2048, 2048, 2048, 2064]",296.0,27_9153
1218,9153,31,1,2023-09-02T14:04:33.738000+00:00,,36.918,35.225,218.0,303.0,True,,"[2064, 2064, 2049, 2049, 2049, 2049, 2049, 2049]","[2049, 2049, 2049, 2049, 2049, 2049, 2049]","[2049, 2049, 2049, 2049, 2049, 2049, 2049, 2049, 2049, 2049]",228.0,31_9153
1218,9153,31,2,2023-09-02T14:06:19.533000+00:00,27.558,28.206,27.512,320.0,334.0,False,83.276,"[2049, 2049, 2049, 2049, 2049, 2049, 2049, 2049]","[2049, 2049, 2049, 2049, 2049, 2049, 2049]","[2049, 2049, 2049, 2049, 2049, 2049, 2049, 2049, 2049]",342.0,31_9153
1218,9153,31,3,2023-09-02T14:07:42.751000+00:00,33.536,35.191,34.713,250.0,239.0,False,103.44,"[2048, 2048, 2048, 2048, 2048, 2048, 2048, 2048]","[2048, 2048, 2048, 2048, 2048, 2048, 2048]","[2048, 2048, 2048, 2048, 2048, 2048, 2048, 2048, 2048, 2049]",224.0,31_9153
1218,9153,31,4,2023-09-02T14:09:26.203000+00:00,27.408,27.978,27.862,317.0,330.0,False,83.248,"[2049, 2048, 2048, 2049, 2049, 2048, 2048, 2048]","[2049, 2049, 2049, 2049, 2049, 2049, 2048]","[2048, 2048, 2048, 2048, 2048, 2048, 2048, 2049, 2049]",339.0,31_9153
1218,9153,31,5,2023-09-02T14:10:49.468000+00:00,30.289,31.544,45.551,290.0,303.0,False,107.384,"[2048, 2048, 2048, 2048, 2048, 2048, 2048, 2048]","[2048, 2048, 2048, 2048, 2048, 2048, 2048]","[2048, 2048, 2048, 2048, 2048, 2048, 2048, 2048, 2048, 2064]",303.0,31_9153
1218,9153,31,6,2023-09-02T14:16:05.761000+00:00,,30.639,32.059,311.0,311.0,True,303.98,"[None, 2064, 2048, 2048, 2048, 2048, 2048, 2048]","[2048, 2048, 2048, 2048, 2048, 2048, 2048]","[2048, 2048, 2048, 2048, 2048, 2048, 2048, 2048, 2048, 2048]",260.0,31_9153
1218,9153,31,7,2023-09-02T14:17:40.823000+00:00,27.296,27.859,27.393,320.0,337.0,False,82.548,"[2048, 2049, 2049, 2049, 2048, 2049, 2048, 2048]","[2049, 2048, 2049, 2048, 2049, 2049, 2049]","[2049, 2049, 2049, 2048, 2048, 2048, 2049, 2049, 2049]",346.0,31_9153
1218,9153,31,8,2023-09-02T14:19:03.353000+00:00,34.251,34.302,39.747,271.0,243.0,False,108.3,"[None, 2048, 2048, 2048, 2048, 2048, 2048, 2048]","[2048, 2048, 2048, 2048, 2048, 2048, 2048]","[2048, 2048, 2048, 2048, 2048, 2048, 2048, 2048, 2048, 2064]",255.0,31_9153
1218,9153,40,1,,,40.329,31.918,300.0,295.0,True,,"[None, 2064, 2049, 2049, 2049, 2049, 2049, 2049]","[2049, 2049, 2049, 2049, 2049, 2049, 2049]","[2049, 2049, 2051, 2051, 2049, 2049, 2049, 2049, 2049]",213.0,40_9153
1218,9153,40,2,2023-09-02T14:02:43.317000+00:00,27.632,28.608,27.661,318.0,333.0,False,83.901,"[2049, 2049, 2049, 2049, 2049, 2049, 2049, 2049]","[2049, 2049, 2049, 2049, 2049, 2049, 2049]","[2049, 2049, 2049, 2049, 2049, 2049, 2049, 2049, 2049]",337.0,40_9153
1218,9153,40,3,2023-09-02T14:04:07.238000+00:00,30.002,34.178,50.187,295.0,300.0,False,114.367,"[2048, 2048, 2048, 2048, 2048, 2048, 2048, 2048]","[2048, 2048, 2048, 2048, 2048, 2048, 2048]","[2048, 2048, 2048, 2048, 2048, 2048, 2048, 2048, 2048, 2064]",310.0,40_9153
1218,9153,40,4,2023-09-02T14:07:54.767000+00:00,,37.185,31.897,305.0,298.0,True,214.08,"[None, 2064, 2048, 2048, 2048, 2048, 2048, 2048]","[2048, 2048, 2048, 2048, 2048, 2048, 2048]","[2048, 2048, 2048, 2048, 2048, 2048, 2048, 2049, 2049, 2049]",212.0,40_9153
1218,9153,40,5,2023-09-02T14:09:35.750000+00:00,27.136,27.799,27.289,321.0,336.0,False,82.224,"[2049, 2049, 2049, 2049, 2049, 2049, 2049, 2049]","[2049, 2049, 2051, 2049, 2049, 2049, 2049]","[2049, 2049, 2049, 2049, 2049, 2049, 2049, 2049, 2048]",344.0,40_9153
1218,9153,40,6,2023-09-02T14:10:57.921000+00:00,29.723,32.206,36.516,295.0,298.0,False,98.445,"[2048, 2048, 2048, 2048, 2048, 2048, 2048, 2048]","[2048, 2048, 2048, 2048, 2048, 2048, 2048]","[2048, 2048, 2048, 2048, 2048, 2048, 2048, 2048, 2048, 2064]",310.0,40_9153
1218,9153,40,7,2023-09-02T14:15:47.230000+00:00,,32.034,35.315,304.0,304.0,True,291.577,"[2064, 2064, 2048, 2048, 2048, 2048, 2048, 2048]","[2048, 2048, 2048, 2048, 2048, 2048, 2048]","[2048, 2048, 2048, 2048, 2048, 2048, 2048, 2048, 2048, 2049]",244.0,40_9153
1218,9153,40,8,2023-09-02T14:17:27.979000+00:00,27.007,27.844,27.261,322.0,341.0,False,82.112,"[2049, 2049, 2049, 2048, 2049, 2049, 2049, 2049]","[2048, 2049, 2049, 2048, 2048, 2049, 2049]","[2049, 2049, 2049, 2049, 2048, 2048, 2048, 2049, 2048]",350.0,40_9153
1218,9153,40,9,2023-09-02T14:18:50.072000+00:00,34.623,35.638,41.19,286.0,297.0,False,111.451,"[2048, 2048, 2048, 2048, 2048, 2048, 2048, 2048]","[2048, 2048, 2048, 2048, 2048, 2048, 2048]","[2048, 2048, 2048, 2048, 2048, 2048, 2048, 2048, 2048, 2064]",204.0,40_9153
1218,9153,40,10,2023-09-02T14:27:05.816000+00:00,,37.732,37.647,304.0,293.0,True,494.716,"[2064, 2064, 2049, 2049, 2049, 2049, 2049, 2049]","[2049, 2049, 2049, 2049, 2049, 2049, 2049]","[2049, 2049, 2049, 2049, 2049, 2049, 2049, 2049, 2049]",239.0,40_9153
1218,9153,40,11,2023-09-02T14:28:56.206000+00:00,26.965,27.685,27.265,320.0,337.0,False,81.915,"[2049, 2049, 2049, 2049, 2049, 2049, 2049, 2049]","[2049, 2049, 2049, 2049, 2049, 2049, 2049]","[2049, 2049, 2049, 2049, 2049, 2049, 2049, 2048, 2049]",346.0,40_9153
1218,9153,40,12,2023-09-02T14:30:18.127000+00:00,32.926,35.696,38.794,283.0,297.0,False,107.416,"[2048, 2048, 2048, 2048, 2048, 2048, 2048, 2048]","[2048, 2048, 2048, 2048, 2048, 2048, 2048]","[2048, 2048, 2048, 2048, 2048, 2048, 2048, 2048, 2048, 2064]",280.0,40_9153
1218,9153,40,13,2023-09-02T14:37:38.622000+00:00,,33.966,40.675,304.0,263.0,True,443.014,"[None, 2064, 2048, 2048, 2048, 2048, 2048, 2048]","[2048, 2048, 2048, 2048, 2048, 2048, 2048]","[2048, 2048, 2048, 2048, 2048, 2048, 2048, 2049, 2048, 2048]",161.0,40_9153
1218,9153,40,14,2023-09-02T14:39:28.636000+00:00,27.029,27.657,27.072,321.0,336.0,False,81.758,"[2049, 2049, 2049, 2048, 2048, 2048, 2049, 2049]","[2049, 2049, 2048, 2048, 2049, 2049, 2049]","[2048, 2049, 2048, 2048, 2048, 2048, 2049, 2049, 2048]",347.0,40_9153
1218,9153,40,15,2023-09-02T14:40:50.323000+00:00,35.164,35.993,40.865,280.0,233.0,False,112.022,"[2048, 2048, 2048, 2048, 2048, 2048, 2048, 2048]","[2048, 2048, 2048, 2048, 2048, 2048, 2048]","[2048, 2048, 2048, 2048, 2048, 2048, 2048, 2048, 2048, 2064]",240.0,40_9153
1218,9153,44,1,2023-09-02T14:01:51.630000+00:00,,34.131,29.998,285.0,311.0,True,,"[2064, 2064, 2049, 2049, 2049, 2049, 2049, 2049]","[2049, 2049, 2049, 2049, 2049, 2049, 2049]","[2049, 2049, 2049, 2049, 2049, 2049, 2049, 2049, 2049]",221.0,44_9153
1218,9153,44,2,2023-09-02T14:03:29.645000+00:00,27.435,27.84,27.238,319.0,329.0,False,82.513,"[2049, 2049, 2049, 2049, 2049, 2049, 2049, 2049]","[2049, 2049, 2049, 2049, 2049, 2049, 2049]","[2049, 2049, 2049, 2049, 2049, 2049, 2049, 2049, 2049]",335.0,44_9153
1218,9153,44,3,2023-09-02T14:04:52.128000+00:00,33.634,36.481,44.729,275.0,272.0,False,114.844,"[2048, 2048, 2048, 2048, 2048, 2048, 2048, 2048]","[2048, 2048, 2048, 2048, 2048, 2048, 2048]","[2048, 2048, 2048, 2048, 2048, 2048, 2048, 2048, 2048, 2064]",200.0,44_9153
1218,9153,44,4,2023-09-02T14:09:34.719000+00:00,,35.077,38.424,301.0,269.0,True,282.14,"[None, 2064, 2048, 2048, 2048, 2048, 2048, 2048]","[2048, 2048, 2048, 2048, 2048, 2048, 2048]","[2048, 2048, 2048, 2048, 2048, 2048, 2048, 2048, 2049, 2049]",173.0,44_9153
1218,9153,44,5,2023-09-02T14:11:29.202000+00:00,27.348,27.712,27.173,318.0,332.0,False,82.233,"[2049, 2049, 2049, 2049, 2048, 2048, 2048, 2048]","[2051, 2051, 2049, 2049, 2048, 2048, 2049]","[2049, 2049, 2049, 2048, 2048, 2048, 2049, 2048, 2049]",337.0,44_9153
1218,9153,44,6,2023-09-02T14:12:51.389000+00:00,35.289,38.493,39.231,255.0,256.0,False,113.013,"[2048, 2048, 2048, 2048, 2048, 2048, 2048, 2048]","[2048, 2048, 2048, 2048, 2048, 2048, 2048]","[2048, 2048, 2048, 2048, 2048, 2048, 2048, 2048, 2048, 2064]",204.0,44_9153
1218,9153,44,7,2023-09-02T14:15:36.418000+00:00,94.595,36.533,36.447,289.0,287.0,True,167.575,"[None, 2064, 2048, 2048, 2048, 2048, 2048, 2048]","[2048, 2048, 2048, 2048, 2048, 2048, 2048]","[2048, 2048, 2048, 2048, 2048, 2048, 2048, 2048, 2048, 2048]",172.0,44_9153
1218,9153,44,8,2023-09-02T14:17:31.995000+00:00,27.281,27.676,27.02,318.0,334.0,False,81.977,"[2049, 2049, 2049, 2048, 2048, 2048, 2048, 2048]","[2048, 2048, 2048, 2048, 2048, 2049, 2049]","[2049, 2049, 2048, 2049, 2049, 2049, 2049, 2049, 2049]",340.0,44_9153
1218,9153,44,9,2023-09-02T14:18:53.931000+00:00,35.106,35.804,39.858,255.0,268.0,False,110.768,"[2048, 2048, 2048, 2048, 2048, 2048, 2048, 2048]","[2048, 2048, 2048, 2048, 2048, 2048, 2048]","[2048, 2048, 2048, 2048, 2048, 2048, 2048, 2048, 2048, 2064]",190.0,44_9153
1218,9153,44,10,2023-09-02T14:29:58.721000+00:00,,36.174,33.965,269.0,310.0,True,659.855,"[2064, 2064, 2049, 2049, 2049, 2049, 2049, 2049]","[2049, 2049, 2049, 2049, 2049, 2049, 2049]","[2049, 2049, 2049, 2049, 2049, 2049, 2049, 2049, 2049]",201.0,44_9153
1218,9153,44,11,2023-09-02T14:31:44.595000+00:00,27.298,27.562,27.006,318.0,332.0,False,81.866,"[2049, 2049, 2049, 2049, 2049, 2049, 2049, 2049]","[2051, 2049, 2049, 2049, 2049, 2049, 2049]","[2049, 2049, 2049, 2049, 2049, 2049, 2049, 2049, 2049]",337.0,44_9153
1218,9153,44,12,2023-09-02T14:33:06.437000+00:00,33.153,33.361,36.15,281.0,293.0,False,102.664,"[2048, 2048, 2048, 2048, 2048, 2048, 2048, 2048]","[2048, 2048, 2048, 2048, 2048, 2048, 2048]","[2048, 2048, 2048, 2048, 2048, 2048, 2048, 2048, 2048, 2064]",213.0,44_9153
1218,9153,44,13,2023-09-02T14:37:27.685000+00:00,,35.531,38.236,286.0,190.0,True,267.416,"[2064, 2064, 2048, 2048, 2048, 2048, 2048, 2048]","[2048, 2048, 2048, 2048, 2048, 2048, 2048]","[2048, 2048, 2048, 2048, 2048, 2048, 2048, 2048, 2048, 2048]",191.0,44_9153
1218,9153,44,14,2023-09-02T14:39:16.590000+00:00,27.065,27.386,26.918,319.0,333.0,False,81.369,"[2048, 2048, 2049, 2049, 2049, 2048, 2048, 2049]","[2051, 2049, 2049, 2049, 2049, 2049, 2049]","[2049, 2049, 2049, 2049, 2049, 2049, 2048, 2048, 2049]",337.0,44_9153
1218,9153,44,15,2023-09-02T14:40:37.979000+00:00,34.749,34.394,39.086,258.0,259.0,False,108.229,"[None, 2048, 2048, 2048, 2048, 2048, 2048, 2048]","[2048, 2048, 2048, 2048, 2048, 2048, 2048]","[2048, 2048, 2048, 2048, 2048, 2048, 2048, 2048, 2048, 2064]",185.0,44_9153
1218,9153,44,16,2023-09-02T14:50:16.707000+00:00,,35.801,31.353,275.0,309.0,True,577.602,"[2064, 2064, 2049, 2049, 2049, 2049, 2049, 2049]","[2049, 2049, 2049, 2049, 2049, 2049, 2051]","[2049, 2049, 2049, 2049, 2051, 2049, 2049, 2049, 2049]",213.0,44_9153
1218,9153,44,17,2023-09-02T14:52:03.753000+00:00,27.035,27.356,26.907,319.0,332.0,False,81.298,"[2049, 2049, 2049, 2049, 2049, 2049, 2049, 2049]","[2049, 2049, 2049, 2049, 2049, 2049, 2049]","[2049, 2049, 2049, 2049, 2049, 2049, 2049, 2048, 2048]",337.0,44_9153
1218,9153,44,18,2023-09-02T14:53:25.018000+00:00,35.017,32.422,36.065,248.0,291.0,False,103.504,"[2048, 2048, 2048, 2048, 2048, 2048, 2048, 2048]","[2048, 2048, 2048, 2048, 2048, 2048, 2048]","[2048, 2048, 2048, 2048, 2048, 2048, 2048, 2048, 2048, 2064]",210.0,44_9153
1218,9153,44,19,2023-09-02T14:58:07.921000+00:00,,33.801,33.605,277.0,292.0,True,282.344,"[2064, 2064, 2048, 2048, 2048, 2048, 2048, 2048]","[2048, 2048, 2048, 2048, 2048, 2048, 2048]","[2048, 2048, 2048, 2048, 2048, 2048, 2048, 2049, 2048, 2049]",154.0,44_9153
1218,9153,44,20,2023-09-02T14:59:50.920000+00:00,26.807,27.201,26.812,319.0,332.0,False,80.82,"[2049, 2049, 2049, 2049, 2049, 2049, 2049, 2048]","[2048, 2049, 2049, 2049, 2049, 2049, 2049]","[2049, 2049, 2048, 2048, 2048, 2048, 2049, 2049, 2049]",338.0,44_9153
1218,9153,44,21,2023-09-02T15:01:11.700000+00:00,34.959,35.85,,248.0,240.0,False,,"[2048, 2048, 2048, 2048, 2048, 2048, 2048, 2048]","[2048, 2048, 2048, 2048, 2048, 2048, 2048]",[2048],178.0,44_9153
1218,9153,55,1,2023-09-02T14:03:48.176000+00:00,,33.832,31.298,297.0,305.0,True,,"[2064, 2064, 2049, 2049, 2049, 2049, 2049, 2049]","[2049, 2049, 2049, 2049, 2049, 2049, 2049]","[2049, 2049, 2049, 2049, 2049, 2049, 2049, 2049, 2049]",170.0,55_9153
1218,9153,55,2,2023-09-02T14:05:31.878000+00:00,27.45,27.716,27.155,323.0,339.0,False,82.321,"[2049, 2049, 2049, 2049, 2049, 2049, 2049, 2049]","[2049, 2049, 2051, 2049, 2049, 2049, 2049]","[2049, 2049, 2049, 2049, 2049, 2049, 2049, 2049, 2049]",344.0,55_9153
1218,9153,55,3,2023-09-02T14:06:54.377000+00:00,46.347,38.123,39.934,251.0,294.0,False,124.404,"[2048, 2048, 2048, 2048, 2048, 2048, 2048, 2048]","[2048, 2048, 2048, 2048, 2048, 2048, 2048]","[2048, 2048, 2048, 2048, 2048, 2048, 2048, 2048, 2048, 2064]",130.0,55_9153
1218,9153,55,4,2023-09-02T14:09:23.516000+00:00,70.499,37.488,34.351,262.0,261.0,True,142.338,"[None, 2064, 2048, 2048, 2048, 2048, 2048, 2048]","[2048, 2048, 2048, 2048, 2048, 2048, 2048]","[2048, 2048, 2048, 2048, 2048, 2048, 2048, 2048, 2048, 2048]",84.0,55_9153
1218,9153,55,5,2023-09-02T14:11:20.968000+00:00,27.262,27.655,27.048,321.0,336.0,False,81.965,"[2048, 2048, 2049, 2049, 2049, 2048, 2048, 2048]","[2049, 2049, 2051, 2048, 2049, 2049, 2048]","[2049, 2049, 2048, 2048, 2048, 2048, 2049, 2049, 2048]",343.0,55_9153
1218,9153,55,6,2023-09-02T14:12:42.904000+00:00,40.624,36.552,42.729,273.0,269.0,False,119.905,"[None, 2048, 2048, 2048, 2048, 2048, 2048, 2048]","[2048, 2048, 2048, 2048, 2048, 2048, 2048]","[2048, 2048, 2048, 2048, 2048, 2048, 2048, 2048, 2048, 2064]",145.0,55_9153
1218,9153,55,7,2023-09-02T14:15:11.981000+00:00,78.766,34.122,34.685,279.0,295.0,True,147.573,"[2064, 2064, 2048, 2048, 2048, 2048, 2048, 2048]","[2048, 2048, 2048, 2048, 2048, 2048, 2048]","[2048, 2048, 2048, 2048, 2048, 2048, 2048, 2048, 2048, 2048]",94.0,55_9153
1218,9153,55,8,2023-09-02T14:17:10.417000+00:00,27.304,27.688,27.094,325.0,343.0,False,82.086,"[2049, 2049, 2049, 2048, 2048, 2049, 2049, 2051]","[2049, 2049, 2049, 2048, 2048, 2049, 2049]","[2049, 2048, 2048, 2049, 2049, 2048, 2048, 2049, 2051]",350.0,55_9153
1218,9153,55,9,2023-09-02T14:18:32.525000+00:00,35.911,33.769,38.919,245.0,268.0,False,108.599,"[2048, 2048, 2048, 2048, 2048, 2048, 2048, 2048]","[2048, 2048, 2048, 2048, 2048, 2048, 2048]","[2048, 2048, 2048, 2048, 2048, 2048, 2048, 2048, 2048, 2064]",203.0,55_9153
1218,9153,55,10,2023-09-02T14:27:25.582000+00:00,,34.68,31.902,276.0,290.0,True,532.828,"[2064, 2064, 2049, 2049, 2049, 2049, 2049, 2049]","[2049, 2049, 2049, 2049, 2049, 2049, 2049]","[2049, 2049, 2049, 2049, 2049, 2049, 2049, 2049, 2049]",197.0,55_9153
1218,9153,55,11,2023-09-02T14:29:13.909000+00:00,26.846,27.268,26.877,323.0,339.0,False,80.991,"[2051, 2049, 2049, 2049, 2049, 2049, 2049, 2051]","[2049, 2051, 2051, 2049, 2049, 2049, 2049]","[2051, 2049, 2049, 2049, 2049, 2049, 2049, 2049, 2051]",348.0,55_9153
1218,9153,55,12,2023-09-02T14:30:35.064000+00:00,34.336,35.383,38.196,247.0,269.0,False,107.915,"[2048, 2048, 2048, 2048, 2048, 2048, 2048, 2048]","[2048, 2048, 2048, 2048, 2048, 2048, 2048]","[2048, 2048, 2048, 2048, 2048, 2048, 2048, 2048, 2048, 2064]",222.0,55_9153
1218,9153,55,13,2023-09-02T14:37:57.372000+00:00,,34.042,44.518,302.0,287.0,True,445.637,"[None, 2064, 2048, 2048, 2048, 2048, 2048, 2048]","[2048, 2048, 2048, 2048, 2048, 2048, 2048]","[2048, 2048, 2048, 2048, 2048, 2048, 2048, 2048, 2048, 2048]",242.0,55_9153
1218,9153,55,14,2023-09-02T14:39:48.496000+00:00,27.242,27.846,39.218,324.0,276.0,False,94.306,"[2051, 2051, 2049, 2048, 2048, 2048, 2049, 2051]","[2049, 2048, 2048, 2048, 2048, 2048, 2048]","[2048, 2048, 2048, 2048, 2048, 2048, 2048, 2048, 2048, 2064]",350.0,55_9153
1218,9153,55,15,2023-09-02T14:49:35.770000+00:00,,35.394,33.444,269.0,284.0,True,615.228,"[2064, 2064, 2049, 2049, 2049, 2049, 2049, 2049]","[2049, 2049, 2049, 2049, 2049, 2049, 2049]","[2049, 2049, 2049, 2049, 2049, 2049, 2049, 2049, 2049]",136.0,55_9153
1218,9153,55,16,2023-09-02T14:51:38.003000+00:00,26.72,27.135,26.677,323.0,338.0,False,80.532,"[2049, 2049, 2051, 2049, 2049, 2049, 2049, 2051]","[2051, 2049, 2049, 2049, 2049, 2049, 2049]","[2051, 2049, 2049, 2049, 2049, 2049, 2049, 2049, 2049]",347.0,55_9153
1218,9153,55,17,2023-09-02T14:52:58.627000+00:00,34.701,35.441,39.22,236.0,260.0,False,109.362,"[2048, 2048, 2048, 2048, 2048, 2048, 2048, 2048]","[2048, 2048, 2048, 2048, 2048, 2048, 2048]","[2048, 2048, 2048, 2048, 2048, 2048, 2048, 2048, 2048, 2064]",229.0,55_9153
1218,9153,55,18,2023-09-02T14:57:20.984000+00:00,,39.552,34.224,239.0,263.0,True,262.96,"[2064, 2064, 2048, 2048, 2048, 2048, 2048, 2048]","[2048, 2048, 2048, 2048, 2048, 2048, 2048]","[2048, 2048, 2048, 2048, 2048, 2048, 2048, 2048, 2048, 2048]",202.0,55_9153
1218,9153,55,19,2023-09-02T14:59:10.873000+00:00,26.701,26.988,26.605,323.0,338.0,False,80.294,"[2049, 2049, 2048, 2048, 2049, 2049, 2049, 2049]","[2048, 2051, 2051, 2049, 2049, 2049, 2049]","[2048, 2049, 2049, 2048, 2048, 2048, 2049, 2049, 2049]",347.0,55_9153
1218,9153,55,20,2023-09-02T15:00:31.263000+00:00,36.664,37.154,45.238,213.0,223.0,False,119.056,"[2048, 2048, 2048, 2048, 2048, 2048, 2048, 2048]","[2048, 2048, 2048, 2048, 2048, 2048, 2048]","[2048, 2048, 2048, 2048, 2048, 2048, 2048, 2048, 2048, 2064]",230.0,55_9153
1218,9153,63,1,2023-09-02T14:01:44.396000+00:00,,30.882,28.715,291.0,306.0,True,,"[2064, 2064, 2049, 2049, 2049, 2049, 2049, 2049]","[2049, 2049, 2049, 2049, 2049, 2049, 2049]","[2049, 2051, 2051, 2051, 2051, 2051, 2049, 2049, 2049]",229.0,63_9153
1218,9153,63,2,2023-09-02T14:03:17.489000+00:00,27.252,27.804,27.092,321.0,332.0,False,82.148,"[2049, 2049, 2049, 2049, 2049, 2049, 2049, 2049]","[2049, 2051, 2049, 2049, 2049, 2049, 2049]","[2049, 2051, 2051, 2049, 2049, 2049, 2049, 2049, 2051]",337.0,63_9153
1218,9153,63,3,2023-09-02T14:04:39.706000+00:00,35.664,38.23,38.468,283.0,299.0,False,112.362,"[2048, 2048, 2048, 2048, 2048, 2048, 2048, 2048]","[2048, 2048, 2048, 2048, 2048, 2048, 2048]","[2048, 2048, 2048, 2048, 2048, 2048, 2048, 2048, 2048, 2064]",178.0,63_9153
1218,9153,63,4,2023-09-02T14:09:30.859000+00:00,,38.855,34.539,302.0,302.0,True,292.029,"[None, 2064, 2048, 2048, 2048, 2048, 2048, 2048]","[2048, 2048, 2048, 2048, 2048, 2048, 2048]","[2048, 2048, 2048, 2048, 2048, 2048, 2048, 2048, 2048, 2049]",207.0,63_9153
1218,9153,63,5,2023-09-02T14:11:24.093000+00:00,27.356,27.823,27.068,319.0,332.0,False,82.247,"[2048, 2048, 2049, 2048, 2048, 2048, 2048, 2048]","[2049, 2048, 2049, 2049, 2048, 2048, 2048]","[2049, 2051, 2051, 2049, 2048, 2048, 2048, 2049, 2048, 2048]",338.0,63_9153
1218,9153,63,6,2023-09-02T14:12:46.326000+00:00,32.159,34.873,37.924,290.0,303.0,False,104.956,"[None, 2048, 2048, 2048, 2048, 2048, 2048, 2048]","[2048, 2048, 2048, 2048, 2048, 2048, 2048]","[2048, 2048, 2048, 2048, 2048, 2048, 2048, 2048, 2048, 2064]",239.0,63_9153
1218,9153,63,7,2023-09-02T14:15:06.278000+00:00,79.487,37.34,32.599,242.0,311.0,True,149.426,"[2064, 2064, 2048, 2048, 2048, 2048, 2048, 2048]","[2048, 2048, 2048, 2048, 2048, 2048, 2048]","[2048, 2048, 2048, 2048, 2048, 2048, 2048, 2048, 2048, 2048]",94.0,63_9153
1218,9153,63,8,2023-09-02T14:17:00.698000+00:00,27.392,27.859,27.089,317.0,332.0,False,82.34,"[2048, 2048, 2049, 2048, 2048, 2048, 2048, 2048]","[2048, 2048, 2048, 2049, 2049, 2049, 2049]","[2049, 2049, 2048, 2048, 2048, 2048, 2049, 2048, 2049, 2048]",336.0,63_9153
1218,9153,63,9,2023-09-02T14:18:23.057000+00:00,36.985,34.311,40.757,267.0,304.0,False,112.053,"[None, 2048, 2048, 2048, 2048, 2048, 2048, 2048]","[2048, 2048, 2048, 2048, 2048, 2048, 2048]","[2048, 2048, 2048, 2048, 2048, 2048, 2048, 2048, 2048, 2064]",150.0,63_9153
1218,9153,63,10,2023-09-02T14:29:55.174000+00:00,,37.122,32.37,295.0,287.0,True,684.691,"[None, 2064, 2049, 2049, 2049, 2049, 2049, 2049]","[2049, 2049, 2049, 2049, 2049, 2049, 2049]","[2049, 2049, 2049, 2049, 2049, 2049, 2049, 2049, 2049]",202.0,63_9153
1218,9153,63,11,2023-09-02T14:31:39.767000+00:00,27.169,27.448,26.863,318.0,329.0,False,81.48,"[2049, 2049, 2049, 2049, 2049, 2049, 2049, 2049]","[2049, 2049, 2049, 2049, 2049, 2049, 2049]","[2049, 2051, 2049, 2049, 2049, 2049, 2049, 2049, 2049]",335.0,63_9153
1218,9153,63,12,2023-09-02T14:33:01.234000+00:00,35.339,32.74,39.191,291.0,304.0,False,107.27,"[2048, 2048, 2048, 2048, 2048, 2048, 2048, 2048]","[2048, 2048, 2048, 2048, 2048, 2048, 2048]","[2048, 2048, 2048, 2048, 2048, 2048, 2048, 2048, 2048, 2064]",153.0,63_9153
1218,9153,63,13,2023-09-02T14:37:21.888000+00:00,,37.726,34.144,272.0,252.0,True,262.865,"[2064, 2064, 2048, 2048, 2048, 2048, 2048, 2048]","[2048, 2048, 2048, 2048, 2048, 2048, 2048]","[2048, 2048, 2048, 2048, 2048, 2048, 2048, 2048, 2048, 2048]",202.0,63_9153
1218,9153,63,14,2023-09-02T14:39:11.418000+00:00,27.124,27.501,26.757,318.0,331.0,False,81.382,"[2049, 2049, 2049, 2049, 2049, 2049, 2049, 2048]","[2049, 2048, 2048, 2049, 2048, 2049, 2049]","[2049, 2051, 2049, 2049, 2049, 2049, 2048, 2051, 2048]",336.0,63_9153
1218,9153,63,15,2023-09-02T14:40:32.792000+00:00,37.411,35.13,38.835,245.0,305.0,False,111.376,"[2048, 2048, 2048, 2048, 2048, 2048, 2048, 2048]","[2048, 2048, 2048, 2048, 2048, 2048, 2048]","[2048, 2048, 2048, 2048, 2048, 2048, 2048, 2048, 2048, 2064]",151.0,63_9153
1218,9153,63,16,2023-09-02T14:49:58.520000+00:00,,37.472,31.726,290.0,305.0,True,572.552,"[2064, 2064, 2049, 2049, 2049, 2049, 2049, 2049]","[2049, 2049, 2049, 2049, 2049, 2049, 2049]","[2049, 2049, 2049, 2049, 2049, 2051, 2049, 2049, 2049]",183.0,63_9153
1218,9153,63,17,2023-09-02T14:51:56.675000+00:00,26.985,27.184,26.594,319.0,332.0,False,80.763,"[2049, 2049, 2049, 2049, 2049, 2049, 2049, 2049]","[2049, 2049, 2049, 2049, 2051, 2049, 2049]","[2049, 2051, 2051, 2049, 2049, 2049, 2049, 2049, 2049]",337.0,63_9153
1218,9153,63,18,2023-09-02T14:53:17.502000+00:00,33.162,31.003,35.564,290.0,305.0,False,99.729,"[2048, 2048, 2048, 2048, 2048, 2048, 2048, 2048]","[2048, 2048, 2048, 2048, 2048, 2048, 2048]","[2048, 2048, 2048, 2048, 2048, 2048, 2048, 2048, 2048, 2064]",226.0,63_9153
1218,9153,63,19,2023-09-02T14:57:56.687000+00:00,,36.939,32.964,278.0,291.0,True,286.628,"[2064, 2064, 2048, 2048, 2048, 2048, 2048, 2048]","[2048, 2048, 2048, 2048, 2048, 2048, 2048]","[2048, 2048, 2048, 2048, 2048, 2048, 2048, 2048, 2048, 2048]",177.0,63_9153
1218,9153,63,20,2023-09-02T14:59:43.857000+00:00,26.889,27.159,26.623,319.0,333.0,False,80.671,"[2048, 2049, 2049, 2049, 2049, 2049, 2049, 2049]","[2048, 2049, 2049, 2049, 2048, 2049, 2049]","[2049, 2048, 2048, 2048, 2048, 2048, 2048, 2049, 2049]",338.0,63_9153
1218,9153,63,21,2023-09-02T15:01:04.497000+00:00,38.595,33.335,,233.0,307.0,False,,"[None, 2048, 2048, 2048, 2048, 2048, 2048, 2048]","[2048, 2048, 2048, 2048, 2048, 2048, 2048]",[2048],157.0,63_9153
1218,9153,77,1,2023-09-02T14:02:18.958000+00:00,,30.918,28.729,297.0,312.0,True,,"[2064, 2064, 2049, 2049, 2049, 2049, 2049, 2049]","[2049, 2049, 2049, 2049, 2049, 2049, 2049]","[2049, 2049, 2049, 2049, 2049, 2049, 2049, 2049, 2049]",254.0,77_9153
1218,9153,77,2,2023-09-02T14:03:50.082000+00:00,27.26,28.048,27.35,321.0,337.0,False,82.658,"[2049, 2049, 2049, 2049, 2049, 2049, 2049, 2049]","[2049, 2049, 2049, 2049, 2049, 2049, 2049]","[2049, 2049, 2049, 2049, 2049, 2049, 2049, 2049, 2049]",344.0,77_9153
1218,9153,77,3,2023-09-02T14:05:12.722000+00:00,34.851,38.773,31.815,164.0,161.0,False,105.439,"[2048, 2048, 2048, 2048, 2048, 2048, 2048, 2048]","[2048, 2048, 2048, 2048, 2048, 2048, 2048]","[2048, 2048, 2048, 2048, 2048, 2048, 2048, 2048, 2048, 2048]",243.0,77_9153
1218,9153,77,4,2023-09-02T14:06:58.221000+00:00,27.26,27.995,27.471,321.0,334.0,False,82.726,"[2049, 2049, 2048, 2048, 2049, 2049, 2049, 2049]","[2049, 2049, 2049, 2049, 2049, 2048, 2048]","[2048, 2048, 2048, 2048, 2048, 2048, 2048, 2048, 2048, 2049]",345.0,77_9153
1218,9153,77,5,2023-09-02T14:08:20.938000+00:00,30.651,32.165,43.819,287.0,301.0,False,106.635,"[2048, 2048, 2048, 2048, 2048, 2048, 2048, 2048]","[2048, 2048, 2048, 2048, 2048, 2048, 2048]","[2048, 2048, 2048, 2048, 2048, 2048, 2048, 2048, 2048, 2064]",287.0,77_9153
1218,9153,77,6,2023-09-02T14:15:15.481000+00:00,,31.891,34.027,302.0,322.0,True,420.408,"[2064, 2064, 2048, 2048, 2048, 2048, 2048, 2048]","[2048, 2048, 2048, 2048, 2048, 2048, 2048]","[2048, 2048, 2048, 2048, 2048, 2048, 2048, 2048, 2048, 2049]",96.0,77_9153
1218,9153,77,7,2023-09-02T14:17:07.979000+00:00,27.08,27.808,27.361,322.0,341.0,False,82.249,"[2049, 2049, 2049, 2049, 2049, 2049, 2049, 2049]","[2048, 2049, 2051, 2049, 2048, 2049, 2049]","[2049, 2048, 2049, 2048, 2049, 2048, 2048, 2049, 2049]",348.0,77_9153
1218,9153,77,8,2023-09-02T14:18:30.197000+00:00,32.493,33.568,40.147,288.0,289.0,False,106.208,"[2048, 2048, 2048, 2048, 2048, 2048, 2048, 2048]","[2048, 2048, 2048, 2048, 2048, 2048, 2048]","[2048, 2048, 2048, 2048, 2048, 2048, 2048, 2048, 2048, 2064]",238.0,77_9153
1218,9153,77,9,2023-09-02T14:27:41.675000+00:00,,33.26,29.611,297.0,315.0,True,540.469,"[2064, 2064, 2049, 2049, 2049, 2049, 2049, 2049]","[2049, 2049, 2049, 2049, 2051, 2051, 2051]","[2051, 2051, 2051, 2051, 2051, 2049, 2049, 2049, 2049]",249.0,77_9153
1218,9153,77,10,2023-09-02T14:29:16.878000+00:00,26.968,27.73,27.249,322.0,338.0,False,81.947,"[2049, 2051, 2049, 2049, 2049, 2049, 2049, 2049]","[2049, 2049, 2049, 2049, 2049, 2049, 2049]","[2049, 2049, 2049, 2049, 2049, 2049, 2049, 2049, 2049]",347.0,77_9153
1218,9153,77,11,2023-09-02T14:30:38.814000+00:00,32.387,35.073,39.796,276.0,292.0,False,107.256,"[2048, 2048, 2048, 2048, 2048, 2048, 2048, 2048]","[2048, 2048, 2048, 2048, 2048, 2048, 2048]","[2048, 2048, 2048, 2048, 2048, 2048, 2048, 2048, 2048, 2064]",256.0,77_9153
1218,9153,77,12,2023-09-02T14:38:06.059000+00:00,,32.627,34.598,306.0,272.0,True,437.084,"[None, 2064, 2048, 2048, 2048, 2048, 2048, 2048]","[2048, 2048, 2048, 2048, 2048, 2048, 2048]","[2048, 2048, 2048, 2048, 2048, 2048, 2048, 2048, 2048, 2048]",241.0,77_9153
1218,9153,77,13,2023-09-02T14:39:43.230000+00:00,27.06,27.733,27.147,324.0,340.0,False,81.94,"[2048, 2049, 2049, 2048, 2048, 2048, 2051, 2049]","[2049, 2048, 2048, 2048, 2049, 2049, 2049]","[2048, 2049, 2049, 2049, 2049, 2049, 2049, 2049, 2049]",349.0,77_9153
1218,9153,77,14,2023-09-02T14:41:05.104000+00:00,33.198,34.467,42.301,282.0,229.0,False,109.966,"[None, 2048, 2048, 2048, 2048, 2048, 2048, 2048]","[2048, 2048, 2048, 2048, 2048, 2048, 2048]","[2048, 2048, 2048, 2048, 2048, 2048, 2048, 2048, 2048, 2064]",241.0,77_9153
1218,9153,81,1,2023-09-02T14:01:15.349000+00:00,,32.984,35.048,292.0,308.0,True,,"[2064, 2064, 2049, 2049, 2049, 2049, 2049, 2049]","[2049, 2049, 2049, 2049, 2049, 2049, 2049]","[2049, 2049, 2049, 2049, 2049, 2049, 2049, 2051, 2051]",241.0,81_9153
1218,9153,81,2,2023-09-02T14:02:55.348000+00:00,27.581,28.083,27.339,318.0,330.0,False,83.003,"[2049, 2049, 2049, 2049, 2049, 2049, 2049, 2049]","[2049, 2049, 2049, 2049, 2051, 2049, 2049]","[2049, 2049, 2049, 2049, 2049, 2049, 2051, 2049, 2049]",332.0,81_9153
1218,9153,81,3,2023-09-02T14:04:18.363000+00:00,36.46,35.88,34.494,261.0,281.0,False,106.834,"[2048, 2048, 2048, 2048, 2048, 2048, 2048, 2048]","[2048, 2048, 2048, 2048, 2048, 2048, 2048]","[2048, 2048, 2048, 2048, 2048, 2048, 2048, 2049, 2049, 2049]",138.0,81_9153
1218,9153,81,4,2023-09-02T14:06:05.252000+00:00,27.508,28.014,27.465,318.0,330.0,False,82.987,"[2049, 2049, 2049, 2048, 2049, 2049, 2049, 2049]","[2049, 2049, 2049, 2049, 2048, 2049, 2049]","[2048, 2048, 2048, 2048, 2049, 2049, 2049, 2048, 2049]",335.0,81_9153
1218,9153,81,5,2023-09-02T14:07:28.189000+00:00,32.309,32.223,47.767,285.0,285.0,False,112.299,"[2048, 2048, 2048, 2048, 2048, 2048, 2048, 2048]","[2048, 2048, 2048, 2048, 2048, 2048, 2048]","[2048, 2048, 2048, 2048, 2048, 2048, 2048, 2048, 2048, 2064]",244.0,81_9153
1218,9153,81,6,2023-09-02T14:12:30.717000+00:00,,33.177,31.956,300.0,311.0,True,286.405,"[2064, 2064, 2048, 2048, 2048, 2048, 2048, 2048]","[2048, 2048, 2048, 2048, 2048, 2048, 2048]","[2048, 2048, 2048, 2048, 2048, 2048, 2048, 2049, 2048, 2048]",257.0,81_9153
1218,9153,81,7,2023-09-02T14:14:07.075000+00:00,27.481,27.64,27.114,318.0,330.0,False,82.235,"[2048, 2048, 2048, 2049, 2049, 2049, 2049, 2049]","[2049, 2049, 2049, 2049, 2051, 2049, 2049]","[2049, 2049, 2049, 2048, 2048, 2048, 2049, 2049, 2049]",333.0,81_9153
1218,9153,81,8,2023-09-02T14:15:29.105000+00:00,39.302,34.842,34.817,281.0,269.0,False,108.961,"[None, 2048, 2048, 2048, 2048, 2048, 2048, 2048]","[2048, 2048, 2048, 2048, 2048, 2048, 2048]","[2048, 2048, 2048, 2048, 2048, 2048, 2048, 2048, 2048, 2049]",137.0,81_9153
1218,9153,81,9,2023-09-02T14:17:18.136000+00:00,27.187,27.885,27.034,321.0,336.0,False,82.106,"[2049, 2049, 2049, 2049, 2049, 2049, 2049, 2049]","[2048, 2048, 2048, 2048, 2048, 2048, 2049]","[2049, 2049, 2049, 2049, 2049, 2049, 2048, 2048, 2049]",343.0,81_9153
1218,9153,81,10,2023-09-02T14:18:40.197000+00:00,35.044,35.844,40.97,289.0,280.0,False,111.858,"[2048, 2048, 2048, 2048, 2048, 2048, 2048, 2048]","[2048, 2048, 2048, 2048, 2048, 2048, 2048]","[2048, 2048, 2048, 2048, 2048, 2048, 2048, 2048, 2048, 2064]",208.0,81_9153
1218,9153,81,11,2023-09-02T14:26:59.613000+00:00,,36.241,39.003,297.0,305.0,True,497.911,"[2064, 2064, 2049, 2049, 2049, 2049, 2049, 2049]","[2049, 2049, 2049, 2049, 2049, 2049, 2049]","[2049, 2049, 2049, 2049, 2049, 2049, 2049, 2049, 2049]",209.0,81_9153
1218,9153,81,12,2023-09-02T14:28:49.956000+00:00,27.225,27.479,27.041,320.0,332.0,False,81.745,"[2049, 2049, 2049, 2049, 2049, 2049, 2049, 2049]","[2049, 2049, 2049, 2049, 2049, 2049, 2049]","[2049, 2049, 2049, 2049, 2049, 2049, 2049, 2049, 2049]",339.0,81_9153
1218,9153,81,13,2023-09-02T14:30:11.721000+00:00,33.593,37.889,34.754,274.0,250.0,False,106.236,"[2048, 2048, 2048, 2048, 2048, 2048, 2048, 2048]","[2048, 2048, 2048, 2048, 2048, 2048, 2048]","[2048, 2048, 2048, 2048, 2048, 2048, 2048, 2048, 2048, 2048]",239.0,81_9153
1218,9153,81,14,2023-09-02T14:31:57.985000+00:00,27.254,27.563,26.983,318.0,330.0,False,81.8,"[None, 2048, 2049, 2049, 2049, 2048, 2048, 2048]","[2048, 2048, 2049, 2049, 2048, 2049, 2048]","[2048, 2049, 2049, 2049, 2049, 2049, 2049, 2048, 2048, 2048]",336.0,81_9153
1218,9153,81,15,2023-09-02T14:33:19.781000+00:00,30.922,31.786,35.605,290.0,297.0,False,98.313,"[None, 2048, 2048, 2048, 2048, 2048, 2048, 2048]","[2048, 2048, 2048, 2048, 2048, 2048, 2048]","[2048, 2048, 2048, 2048, 2048, 2048, 2048, 2048, 2048, 2064]",288.0,81_9153
1218,9153,81,16,2023-09-02T14:37:43.669000+00:00,,32.678,41.195,297.0,311.0,True,277.157,"[2064, 2064, 2048, 2048, 2048, 2048, 2048, 2048]","[2048, 2048, 2048, 2048, 2048, 2048, 2048]","[2048, 2048, 2048, 2048, 2048, 2048, 2048, 2048, 2048, 2048]",171.0,81_9153
1218,9153,81,17,2023-09-02T14:39:35.246000+00:00,27.17,27.484,26.873,320.0,333.0,False,81.527,"[2048, 2049, 2048, 2048, 2049, 2049, 2049, 2049]","[2048, 2048, 2049, 2051, 2048, 2048, 2049]","[2049, 2048, 2049, 2049, 2049, 2048, 2049, 2051, 2049]",340.0,81_9153
1218,9153,81,18,2023-09-02T14:40:56.760000+00:00,32.633,35.132,39.779,275.0,259.0,False,107.544,"[None, 2048, 2048, 2048, 2048, 2048, 2048, 2048]","[2048, 2048, 2048, 2048, 2048, 2048, 2048]","[2048, 2048, 2048, 2048, 2048, 2048, 2048, 2048, 2048, 2064]",242.0,81_9153
1218,9153,81,19,2023-09-02T14:49:40.255000+00:00,,35.056,33.98,291.0,305.0,True,537.388,"[None, 2064, 2049, 2049, 2049, 2049, 2049, 2049]","[2049, 2049, 2049, 2049, 2049, 2049, 2049]","[2049, 2049, 2049, 2049, 2049, 2049, 2049, 2049, 2049]",124.0,81_9153
1218,9153,81,20,2023-09-02T14:51:41.722000+00:00,27.059,27.275,26.786,320.0,331.0,False,81.12,"[2049, 2049, 2049, 2049, 2049, 2049, 2049, 2049]","[2049, 2049, 2049, 2051, 2049, 2049, 2049]","[2049, 2049, 2049, 2049, 2049, 2049, 2049, 2049, 2049]",338.0,81_9153
1218,9153,81,21,2023-09-02T14:53:02.815000+00:00,33.014,35.48,40.133,269.0,271.0,False,108.627,"[2048, 2048, 2048, 2048, 2048, 2048, 2048, 2048]","[2048, 2048, 2048, 2048, 2048, 2048, 2048]","[2048, 2048, 2048, 2048, 2048, 2048, 2048, 2048, 2048, 2064]",238.0,81_9153
1218,9153,81,22,2023-09-02T14:57:29.906000+00:00,,35.959,35.208,299.0,285.0,True,265.09,"[None, 2064, 2048, 2048, 2048, 2048, 2048, 2048]","[2048, 2048, 2048, 2048, 2048, 2048, 2048]","[2048, 2048, 2048, 2048, 2048, 2048, 2048, 2048, 2048, 2048]",237.0,81_9153
1218,9153,81,23,2023-09-02T14:59:16.826000+00:00,26.925,27.179,26.681,320.0,334.0,False,80.785,"[2049, 2049, 2049, 2049, 2048, 2049, 2049, 2049]","[2048, 2049, 2049, 2048, 2049, 2049, 2049]","[2049, 2048, 2048, 2049, 2049, 2049, 2049, 2048, 2049]",340.0,81_9153
1218,9153,81,24,2023-09-02T15:00:37.325000+00:00,35.417,36.609,,246.0,248.0,False,,"[2048, 2048, 2048, 2048, 2048, 2048, 2048, 2048]","[2048, 2048, 2048, 2048, 2048, 2048, 2048]",[2048],212.0,81_9153
1218,9157,1,1,2023-09-03T13:23:22.770000+00:00,30.001,29.666,28.473,320.0,307.0,False,88.14,"[2048, 2049, 2049, 2049, 2049, 2049, 2049, 2049]","[2049, 2049, 2049, 2049, 2049, 2049, 2049]","[2049, 2049, 2049, 2049, 2049, 2049, 2049, 2049, 2049, 0]",285.0,1_9157
1218,9157,1,2,2023-09-03T13:24:50.909000+00:00,28.274,29.543,28.346,309.0,309.0,False,86.163,"[2049, 2049, 2048, 2049, 2048, 2048, 2049, 2048]","[2049, 2049, 2048, 2048, 2049, 2049, 2049]","[2049, 2051, 2049, 2049, 2048, 2049, 2048, 2048, 2048, 2049]",305.0,1_9157
1218,9157,1,3,2023-09-03T13:26:17.158000+00:00,28.097,29.32,28.285,310.0,320.0,False,85.702,"[None, 2048, 2049, 2049, 2048, 2049, 2049, 2048]","[2049, 2049, 2048, 2048, 2048, 2051, 2049]","[2049, 2048, 2051, 2049, 2048, 2049, 2049, 2048, 2049]",309.0,1_9157
1218,9157,1,4,2023-09-03T13:27:42.736000+00:00,28.145,29.474,28.431,311.0,320.0,False,86.05,"[None, 2049, 2048, 2048, 2048, 2048, 2049, 2048]","[2048, 2048, 2048, 2048, 2048, 2048, 2048]","[2049, 2048, 2048, 2049, 2048, 2048, 2048, 2048, 2049]",318.0,1_9157
1218,9157,1,5,2023-09-03T13:29:08.907000+00:00,28.155,29.514,28.507,,321.0,False,86.176,"[None, 2049, 2048, 2048, 2048, 2048, 2048, 2048]","[2048, 2048, 2049, 2048, 2048, 2048, 2049]","[2048, 2048, 2049, 2049, 2049, 2049, 2048, 2048, 2048, 2048]",317.0,1_9157
1218,9157,1,6,2023-09-03T13:30:35.109000+00:00,28.7,29.662,28.475,310.0,319.0,False,86.837,"[None, 2049, 2049, 2048, 2048, 2048, 2048, 2048]","[2048, 2048, 2048, 2048, 2048, 2048, 2048]","[2048, 2048, 2048, 2048, 2048, 2048, 2048, 2048, 2048]",347.0,1_9157
1218,9157,1,7,2023-09-03T13:32:01.889000+00:00,28.166,29.751,28.451,309.0,318.0,False,86.368,"[2048, 2048, 2048, 2048, 2048, 2048, 2048, 2048]","[2048, 2048, 2048, 2048, 2048, 2048, 2048]","[2049, 2048, 2048, 2048, 2048, 2048, 2048, 2048, 2048, 2048]",320.0,1_9157
1218,9157,1,8,2023-09-03T13:33:28.279000+00:00,28.075,29.432,28.483,312.0,322.0,False,85.99,"[None, 2048, 2048, 2048, 2048, 2048, 2048, 2048]","[2048, 2048, 2051, 2048, 2048, 2048, 2049]","[2048, 2048, 2049, 2049, 2049, 2049, 2048, 2048, 2048]",321.0,1_9157
1218,9157,1,9,2023-09-03T13:34:54.246000+00:00,28.149,29.927,28.529,,319.0,False,86.605,"[2049, 2049, 2048, 2048, 2048, 2049, 2048, 2048]","[2048, 2048, 2048, 2048, 2048, 2048, 2048]","[2048, 2048, 2048, 2048, 2048, 2048, 2048, 2048, 2048, 2048]",344.0,1_9157
1218,9157,1,10,2023-09-03T13:36:20.855000+00:00,28.315,29.78,28.508,,319.0,False,86.603,"[2048, 2048, 2048, 2048, 2048, 2048, 2048, 2048]","[2048, 2048, 2048, 2048, 2048, 2048, 2048]","[2048, 2048, 2048, 2048, 2048, 2048, 2048, 2048, 2048]",322.0,1_9157
1218,9157,1,11,2023-09-03T13:37:47.432000+00:00,28.233,29.893,28.517,311.0,322.0,False,86.643,"[None, 2048, 2048, 2048, 2048, 2048, 2048, 2048]","[2048, 2048, 2048, 2048, 2048, 2048, 2048]","[2049, 2048, 2048, 2048, 2048, 2048, 2048, 2048, 2048, 2048]",319.0,1_9157
1218,9157,1,12,2023-09-03T13:39:14.212000+00:00,28.179,29.813,28.45,,319.0,False,86.442,"[None, 2048, 2048, 2048, 2048, 2048, 2048, 2048]","[2048, 2048, 2048, 2048, 2048, 2048, 2048]","[2048, 2048, 2048, 2048, 2048, 2048, 2048, 2048, 2049, 2051]",322.0,1_9157
1218,9157,1,13,2023-09-03T13:40:40.540000+00:00,28.254,29.907,28.505,313.0,322.0,False,86.666,"[None, 2048, 2048, 2048, 2048, 2048, 2049, 2048]","[2048, 2048, 2048, 2048, 2048, 2048, 2048]","[2048, 2048, 2048, 2049, 2049, 2049, 2048, 2048, 2048, 2048]",,1_9157
1218,9157,1,14,2023-09-03T13:42:07.242000+00:00,28.223,30.28,28.525,314.0,320.0,False,87.028,"[None, 2048, 2048, 2048, 2048, 2048, 2049, 2049]","[2048, 2048, 2048, 2048, 2048, 2048, 2048]","[2048, 2048, 2048, 2048, 2048, 2048, 2048, 2048, 2048]",343.0,1_9157
1218,9157,1,15,2023-09-03T13:43:34.225000+00:00,28.137,30.444,28.201,320.0,306.0,False,86.782,"[2049, 2049, 2048, 2048, 2048, 2048, 2048, 2048]","[2049, 2048, 2048, 2048, 2048, 2048, 2048]","[2048, 2051, 2048, 2048, 2048, 2048, 2049, 2048, 2048]",345.0,1_9157
1218,9157,1,16,2023-09-03T13:45:00.927000+00:00,28.45,29.91,28.358,307.0,306.0,False,86.718,"[2048, 2048, 2048, 2048, 2048, 2048, 2048, 2048]","[2048, 2048, 2048, 2048, 2048, 2048, 2048]","[2048, 2048, 2048, 2048, 2048, 2048, 2048, 2048, 2048, 2048]",308.0,1_9157
1218,9157,1,17,2023-09-03T13:46:28.004000+00:00,28.348,29.889,28.496,309.0,307.0,False,86.733,"[None, 2048, 2048, 2048, 2048, 2048, 2048, 2048]","[2048, 2048, 2048, 2048, 2048, 2048, 2048]","[2048, 2048, 2048, 2048, 2048, 2048, 2048, 2048, 2048]",310.0,1_9157
1218,9157,1,18,2023-09-03T13:47:54.503000+00:00,28.247,29.668,28.358,311.0,308.0,False,86.273,"[None, 2048, 2048, 2048, 2048, 2048, 2048, 2048]","[2048, 2048, 2048, 2048, 2048, 2048, 2048]","[2048, 2048, 2048, 2048, 2048, 2048, 2048, 2048, 2048, 2048]",311.0,1_9157
1218,9157,1,19,2023-09-03T13:49:20.799000+00:00,28.368,29.832,28.238,,311.0,False,86.438,"[None, 2048, 2048, 2048, 2048, 2048, 2048, 2048]","[2048, 2048, 2048, 2048, 2048, 2048, 2048]","[2048, 2051, 2048, 2048, 2048, 2048, 2048, 2048, 2048, 2048]",310.0,1_9157
1218,9157,1,20,2023-09-03T13:50:47.189000+00:00,28.384,29.907,32.558,,311.0,False,90.849,"[None, 2048, 2048, 2048, 2048, 2048, 2048, 2048]","[2048, 2048, 2048, 2048, 2048, 2048, 2048]","[2048, 2048, 2048, 2048, 2048, 2048, 2048, 2048, 2048, 2064]",,1_9157
1218,9157,1,21,2023-09-03T13:52:18.079000+00:00,48.054,29.398,28.208,312.0,317.0,True,105.66,"[2064, 2064, 2048, 2048, 2048, 2049, 2049, 2048]","[2048, 2048, 2048, 2048, 2048, 2049, 2048]","[2048, 2048, 2049, 2049, 2048, 2048, 2048, 2049, 2049, 2048]",281.0,1_9157
1218,9157,1,22,2023-09-03T13:54:03.702000+00:00,28.01,29.546,28.329,313.0,315.0,False,85.885,"[2048, 2048, 2048, 2048, 2048, 2049, 2048, 2048]","[2048, 2048, 2048, 2048, 2048, 2048, 2048]","[2048, 2048, 2048, 2048, 2048, 2048, 2048, 2049, 2048]",322.0,1_9157
1218,9157,1,23,2023-09-03T13:55:29.483000+00:00,28.131,29.638,28.39,,310.0,False,86.159,"[None, 2048, 2048, 2048, 2048, 2048, 2048, 2048]","[2048, 2048, 2048, 2048, 2048, 2048, 2048]","[2048, 2048, 2048, 2048, 2048, 2048, 2048, 2048, 2048]",314.0,1_9157
1218,9157,1,24,2023-09-03T13:56:55.669000+00:00,28.187,29.358,28.782,314.0,318.0,False,86.327,"[None, 2048, 2048, 2048, 2048, 2048, 2048, 2048]","[2048, 2048, 2048, 2048, 2048, 2049, 2049]","[2048, 2048, 2048, 2048, 2049, 2048, 2048, 2048, 2051, 2051]",312.0,1_9157
1218,9157,1,25,2023-09-03T13:58:22.137000+00:00,28.052,29.542,28.32,307.0,308.0,False,85.914,"[2049, 2048, 2048, 2048, 2048, 2048, 2048, 2048]","[2048, 2048, 2048, 2048, 2048, 2048, 2048]","[2048, 2048, 2048, 2048, 2048, 2048, 2048, 2048, 2048]",340.0,1_9157
1218,9157,1,26,2023-09-03T13:59:47.870000+00:00,28.257,29.382,28.147,308.0,309.0,False,85.786,"[2048, 2048, 2048, 2048, 2048, 2048, 2048, 2048]","[2048, 2051, 2048, 2048, 2049, 2048, 2048]","[2048, 2051, 2048, 2048, 2048, 2048, 2049, 2049, 2048, 2048]",311.0,1_9157
1218,9157,1,27,2023-09-03T14:01:13.760000+00:00,28.117,29.266,28.118,311.0,314.0,False,85.501,"[None, 2048, 2048, 2048, 2048, 2048, 2048, 2048]","[2048, 2048, 2048, 2049, 2048, 2048, 2048]","[2048, 2051, 2048, 2048, 2048, 2048, 2048, 2048, 2048, 2048]",314.0,1_9157
1218,9157,1,28,2023-09-03T14:02:39.259000+00:00,28.158,29.202,28.074,,312.0,False,85.434,"[None, 2048, 2048, 2048, 2048, 2048, 2048, 2048]","[2048, 2051, 2048, 2049, 2048, 2048, 2048]","[2048, 2048, 2048, 2048, 2048, 2048, 2049, 2049, 2048, 2048]",,1_9157
1218,9157,1,29,2023-09-03T14:04:04.727000+00:00,28.149,29.369,27.953,313.0,312.0,False,85.471,"[None, 2048, 2048, 2048, 2048, 2048, 2048, 2048]","[2048, 2048, 2048, 2048, 2048, 2048, 2048]","[2048, 2051, 2048, 2048, 2048, 2048, 2049, 2049, 2048, 2048]",316.0,1_9157
1218,9157,1,30,2023-09-03T14:05:30.210000+00:00,28.15,29.213,28.035,,312.0,False,85.398,"[None, 2048, 2048, 2048, 2048, 2048, 2048, 2048]","[2048, 2051, 2048, 2048, 2048, 2048, 2048]","[2048, 2048, 2048, 2048, 2048, 2048, 2048, 2049, 2048, 2048]",313.0,1_9157
1218,9157,1,31,2023-09-03T14:06:55.584000+00:00,28.161,29.37,27.971,312.0,312.0,False,85.502,"[None, 2048, 2048, 2048, 2048, 2048, 2048, 2048]","[2048, 2048, 2048, 2048, 2049, 2048, 2048]","[2048, 2048, 2048, 2048, 2048, 2048, 2051, 2049, 2048, 2048]",312.0,1_9157
1218,9157,1,32,2023-09-03T14:08:21.193000+00:00,28.151,29.284,27.975,311.0,312.0,False,85.41,"[None, 2048, 2048, 2048, 2048, 2048, 2048, 2048]","[2048, 2048, 2048, 2048, 2048, 2048, 2048]","[2048, 2051, 2049, 2048, 2048, 2048, 2048, 2048, 2048, 2048]",,1_9157
1218,9157,1,33,2023-09-03T14:09:46.520000+00:00,28.057,29.201,27.982,312.0,311.0,False,85.24,"[None, 2048, 2048, 2048, 2048, 2048, 2048, 2048]","[2048, 2051, 2048, 2048, 2048, 2048, 2048]","[2048, 2048, 2048, 2048, 2048, 2048, 2048, 2049, 2048, 2048]",311.0,1_9157
1218,9157,1,34,2023-09-03T14:11:11.738000+00:00,28.111,29.501,28.071,311.0,313.0,False,85.683,"[None, 2048, 2048, 2048, 2048, 2048, 2048, 2048]","[2048, 2048, 2048, 2048, 2048, 2048, 2048]","[2048, 2048, 2049, 2048, 2048, 2048, 2048, 2048, 2048]",313.0,1_9157
1218,9157,1,35,2023-09-03T14:12:37.393000+00:00,28.179,29.472,28.164,,312.0,False,85.815,"[None, 2048, 2048, 2048, 2048, 2049, 2048, 2048]","[2048, 2048, 2048, 2048, 2048, 2048, 2048]","[2048, 2048, 2048, 2048, 2048, 2048, 2048, 2048, 2048, 2048]",309.0,1_9157
1218,9157,1,36,2023-09-03T14:14:03.236000+00:00,28.04,29.439,28.119,,312.0,False,85.598,"[None, 2048, 2048, 2048, 2048, 2048, 2048, 2048]","[2048, 2048, 2048, 2048, 2048, 2048, 2048]","[2048, 2048, 2049, 2048, 2048, 2048, 2048, 2048, 2048, 2048]",311.0,1_9157
1218,9157,1,37,2023-09-03T14:15:28.829000+00:00,28.074,29.485,28.124,313.0,313.0,False,85.683,"[None, 2048, 2048, 2048, 2048, 2049, 2049, 2048]","[2048, 2048, 2048, 2048, 2048, 2048, 2048]","[2048, 2048, 2049, 2048, 2048, 2048, 2048, 2048, 2048, 2048]",315.0,1_9157
1218,9157,1,38,2023-09-03T14:16:54.515000+00:00,28.067,29.469,28.049,314.0,315.0,False,85.585,"[None, 2048, 2048, 2048, 2048, 2049, 2049, 2048]","[2048, 2048, 2048, 2048, 2048, 2048, 2048]","[2048, 2048, 2049, 2048, 2048, 2048, 2048, 2048, 2048, 2048]",312.0,1_9157
1218,9157,1,39,2023-09-03T14:18:20.092000+00:00,28.053,29.353,28.08,315.0,315.0,False,85.486,"[None, 2048, 2048, 2048, 2048, 2048, 2048, 2048]","[2048, 2048, 2048, 2048, 2048, 2048, 2048]","[2048, 2048, 2049, 2048, 2048, 2048, 2048, 2048, 2048, 2048]",314.0,1_9157
1218,9157,1,40,2023-09-03T14:19:45.670000+00:00,28.185,29.481,28.235,,315.0,False,85.901,"[None, 2048, 2048, 2048, 2048, 2048, 2048, 2048]","[2048, 2048, 2048, 2048, 2048, 2048, 2048]","[2048, 2048, 2048, 2048, 2048, 2048, 2048, 2048, 2048, 2048]",309.0,1_9157
1218,9157,1,41,2023-09-03T14:21:11.497000+00:00,28.079,29.543,28.157,313.0,313.0,False,85.779,"[None, 2048, 2048, 2048, 2048, 2048, 2048, 2048]","[2048, 2048, 2048, 2048, 2048, 2048, 2048]","[2048, 2048, 2049, 2048, 2048, 2048, 2048, 2048, 2048, 2048]",312.0,1_9157
1218,9157,1,42,2023-09-03T14:22:37.261000+00:00,28.057,29.562,28.293,314.0,316.0,False,85.912,"[None, 2048, 2048, 2048, 2048, 2048, 2048, 2048]","[2048, 2048, 2048, 2048, 2048, 2048, 2048]","[2049, 2048, 2048, 2048, 2048, 2048, 2048, 2048, 2048, 2048]",313.0,1_9157
1218,9157,1,43,2023-09-03T14:24:03.182000+00:00,28.178,29.666,28.15,315.0,316.0,False,85.994,"[None, 2048, 2048, 2048, 2048, 2048, 2048, 2048]","[2048, 2048, 2048, 2048, 2048, 2048, 2048]","[2048, 2048, 2049, 2048, 2048, 2048, 2048, 2048, 2048, 2048]",309.0,1_9157
1218,9157,1,44,2023-09-03T14:25:29.244000+00:00,28.03,29.503,28.218,316.0,318.0,False,85.751,"[None, 2048, 2048, 2048, 2048, 2049, 2049, 2048]","[2048, 2048, 2048, 2048, 2048, 2048, 2048]","[2048, 2048, 2049, 2048, 2048, 2048, 2048, 2048, 2048, 2048]",311.0,1_9157
1218,9157,1,45,2023-09-03T14:26:54.915000+00:00,28.045,29.693,28.178,317.0,316.0,False,85.916,"[None, 2048, 2048, 2048, 2048, 2048, 2049, 2048]","[2048, 2048, 2048, 2048, 2048, 2048, 2048]","[2048, 2048, 2049, 2048, 2048, 2048, 2048, 2048, 2048]",305.0,1_9157
1218,9157,1,46,2023-09-03T14:28:20.773000+00:00,28.067,29.921,28.197,316.0,317.0,False,86.185,"[None, 2048, 2048, 2048, 2049, 2049, 2049, 2048]","[2048, 2048, 2048, 2048, 2048, 2048, 2048]","[2048, 2048, 2048, 2048, 2048, 2048, 2048, 2048, 2048, 2048]",308.0,1_9157
1218,9157,1,47,2023-09-03T14:29:47.022000+00:00,28.058,29.565,28.514,,316.0,False,86.137,"[None, 2048, 2048, 2048, 2048, 2048, 2049, 2048]","[2048, 2048, 2048, 2048, 2048, 2048, 2048]","[2048, 2048, 2048, 2048, 2048, 2048, 2048, 2048, 2048, 2048]",306.0,1_9157
1218,9157,1,48,2023-09-03T14:31:13.146000+00:00,28.459,30.06,28.716,305.0,312.0,False,87.235,"[None, 2048, 2048, 2048, 2048, 2048, 2048, 2048]","[2048, 2048, 2048, 2048, 2048, 2048, 2048]","[2048, 2048, 2048, 2048, 2048, 2048, 2048, 2048, 2048, 2048]",294.0,1_9157
1218,9157,1,49,2023-09-03T14:32:40.427000+00:00,28.567,30.249,29.091,291.0,306.0,False,87.907,"[None, 2048, 2048, 2048, 2048, 2048, 2048, 2048]","[2048, 2048, 2048, 2048, 2048, 2048, 2048]","[2048, 2048, 2048, 2048, 2048, 2048, 2048, 2048, 2048, 2048]",290.0,1_9157
1218,9157,1,50,2023-09-03T14:34:08.316000+00:00,28.738,30.474,29.181,300.0,304.0,False,88.393,"[None, 2048, 2048, 2048, 2048, 2048, 2048, 2048]","[2048, 2048, 2048, 2048, 2048, 2048, 2048]","[2048, 2048, 2048, 2048, 2048, 2048, 2048, 2048, 2048, 2048]",283.0,1_9157
1218,9157,1,51,2023-09-03T14:35:36.706000+00:00,28.415,30.353,28.757,298.0,309.0,False,87.525,"[None, 2048, 2048, 2048, 2048, 2048, 2048, 2048]","[2048, 2048, 2048, 2048, 2048, 2048, 2048]","[2048, 2048, 2048, 2048, 2048, 2048, 2048, 2048, 2048, 2064]",293.0,1_9157
1218,9157,1,52,2023-09-03T14:43:31.982000+00:00,,,,,,False,,,,,,1_9157
1218,9157,2,1,2023-09-03T13:23:22.770000+00:00,32.989,32.159,29.492,332.0,316.0,False,94.64,"[2048, 2049, 2049, 2049, 2049, 2049, 2049, 2049]","[2049, 2049, 2049, 2049, 2049, 2049, 2049]","[2049, 2049, 2049, 2049, 2051, 2049, 2049, 2049, 2049, 0]",290.0,2_9157
1218,9157,2,2,2023-09-03T13:24:57.409000+00:00,28.252,30.443,29.385,316.0,319.0,False,88.08,"[2049, 2049, 2049, 2049, 2049, 2048, 2048, 2048]","[2049, 2049, 2049, 2049, 2049, 2049, 2049]","[2048, 2049, 2049, 2051, 2051, 2048, 2048, 2049, 2048]",327.0,2_9157
1218,9157,2,3,2023-09-03T13:26:25.580000+00:00,28.124,30.425,29.098,318.0,335.0,False,87.647,"[None, 2049, 2049, 2049, 2049, 2049, 2049, 2048]","[2048, 2048, 2048, 2048, 2048, 2049, 2049]","[2049, 2048, 2048, 2048, 2048, 2049, 2049, 2048, 2049]",326.0,2_9157
1218,9157,2,4,2023-09-03T13:27:53.204000+00:00,27.934,30.315,29.14,319.0,333.0,False,87.389,"[2049, 2049, 2048, 2049, 2048, 2048, 2048, 2048]","[2049, 2048, 2049, 2048, 2048, 2048, 2048]","[2049, 2049, 2048, 2048, 2048, 2048, 2048, 2048, 2048, 2048]",331.0,2_9157
1218,9157,2,5,2023-09-03T13:29:20.594000+00:00,28.002,30.133,29.035,318.0,333.0,False,87.17,"[2048, 2049, 2049, 2048, 2048, 2048, 2048, 2048]","[2049, 2048, 2049, 2049, 2048, 2048, 2048]","[2049, 2049, 2048, 2048, 2048, 2048, 2048, 2048, 2048, 2048]",342.0,2_9157
1218,9157,2,6,2023-09-03T13:30:47.765000+00:00,28.01,29.938,29.187,320.0,334.0,False,87.135,"[None, 2048, 2049, 2048, 2048, 2048, 2048, 2048]","[2049, 2049, 2049, 2048, 2049, 2048, 2049]","[2048, 2048, 2048, 2048, 2048, 2048, 2048, 2048, 2049, 2049]",337.0,2_9157
1218,9157,2,7,2023-09-03T13:32:14.920000+00:00,28.24,30.056,28.955,316.0,331.0,False,87.251,"[2049, 2048, 2048, 2048, 2048, 2048, 2048, 2048]","[2048, 2048, 2048, 2048, 2049, 2049, 2048]","[2048, 2049, 2048, 2048, 2048, 2048, 2048, 2048, 2048, 2048]",335.0,2_9157
1218,9157,2,8,2023-09-03T13:33:42.122000+00:00,28.118,29.957,29.158,320.0,332.0,False,87.233,"[2048, 2048, 2048, 2048, 2048, 2048, 2048, 2048]","[2049, 2049, 2048, 2048, 2048, 2049, 2048]","[2048, 2048, 2048, 2048, 2048, 2049, 2048, 2048, 2048, 2048]",333.0,2_9157
1218,9157,2,9,2023-09-03T13:35:09.371000+00:00,28.149,30.12,29.19,319.0,333.0,False,87.459,"[None, 2049, 2048, 2048, 2048, 2048, 2048, 2048]","[2048, 2048, 2048, 2048, 2048, 2048, 2048]","[2048, 2048, 2048, 2048, 2048, 2048, 2048, 2048, 2048]",339.0,2_9157
1218,9157,2,10,2023-09-03T13:36:36.823000+00:00,28.385,30.052,29.248,320.0,332.0,False,87.685,"[None, 2048, 2048, 2048, 2048, 2048, 2048, 2048]","[2048, 2048, 2048, 2048, 2048, 2048, 2048]","[2048, 2048, 2048, 2048, 2048, 2048, 2048, 2048, 2048, 2048]",331.0,2_9157
1218,9157,2,11,2023-09-03T13:38:04.557000+00:00,28.334,30.151,29.319,,333.0,False,87.804,"[None, 2048, 2048, 2048, 2048, 2048, 2048, 2048]","[2048, 2048, 2048, 2048, 2048, 2048, 2048]","[2048, 2048, 2048, 2048, 2048, 2048, 2048, 2048, 2048]",334.0,2_9157
1218,9157,2,12,2023-09-03T13:39:32.322000+00:00,28.212,31.278,29.204,322.0,329.0,False,88.694,"[None, 2048, 2048, 2048, 2048, 2048, 2048, 2048]","[2048, 2048, 2048, 2048, 2048, 2048, 2048]","[2048, 2048, 2048, 2048, 2048, 2048, 2048, 2048, 2048, 2048]",335.0,2_9157
1218,9157,2,13,2023-09-03T13:41:01.055000+00:00,28.374,30.365,29.06,320.0,329.0,False,87.799,"[None, 2048, 2048, 2048, 2048, 2048, 2048, 2048]","[2048, 2048, 2048, 2048, 2048, 2048, 2048]","[2048, 2048, 2048, 2048, 2048, 2048, 2048, 2048, 2048]",,2_9157
1218,9157,2,14,2023-09-03T13:42:28.788000+00:00,28.074,31.33,33.67,326.0,327.0,False,93.074,"[None, 2048, 2048, 2048, 2048, 2048, 2049, 2048]","[2048, 2048, 2048, 2048, 2048, 2048, 2048]","[2048, 2048, 2048, 2048, 2048, 2048, 2048, 2048, 2048, 2064]",343.0,2_9157
1218,9157,2,15,2023-09-03T13:44:01.865000+00:00,48.951,29.831,28.607,322.0,311.0,True,107.389,"[2064, 2064, 2048, 2048, 2048, 2048, 2048, 2048]","[2049, 2049, 2048, 2049, 2049, 2048, 2048]","[2048, 2049, 2048, 2048, 2048, 2048, 2049, 2049, 2049, 0]",282.0,2_9157
1218,9157,2,16,2023-09-03T13:45:49.192000+00:00,28.303,29.751,28.786,317.0,313.0,False,86.84,"[2048, 2048, 2048, 2048, 2048, 2048, 2048, 2048]","[2049, 2048, 2048, 2049, 2048, 2048, 2048]","[2048, 2048, 2048, 2048, 2048, 2048, 2048, 2048, 2049, 2048]",318.0,2_9157
1218,9157,2,17,2023-09-03T13:47:16.176000+00:00,28.198,29.88,28.922,316.0,314.0,False,87.0,"[None, 2048, 2048, 2048, 2048, 2048, 2048, 2048]","[2049, 2048, 2048, 2048, 2048, 2048, 2048]","[2048, 2048, 2048, 2048, 2048, 2048, 2048, 2048, 2048]",322.0,2_9157
1218,9157,2,18,2023-09-03T13:48:43.112000+00:00,28.16,29.981,28.765,318.0,313.0,False,86.906,"[None, 2048, 2049, 2049, 2048, 2048, 2048, 2048]","[2048, 2048, 2048, 2048, 2048, 2048, 2048]","[2048, 2049, 2049, 2048, 2048, 2049, 2048, 2048, 2048, 2048]",321.0,2_9157
1218,9157,2,19,2023-09-03T13:50:10.064000+00:00,28.315,29.982,28.868,315.0,314.0,False,87.165,"[None, 2048, 2048, 2048, 2048, 2048, 2048, 2048]","[2048, 2048, 2048, 2048, 2048, 2048, 2048]","[2048, 2048, 2048, 2048, 2048, 2048, 2048, 2048, 2048]",,2_9157
1218,9157,2,20,2023-09-03T13:51:37.220000+00:00,28.361,30.032,28.887,319.0,317.0,False,87.28,"[None, 2048, 2048, 2048, 2048, 2048, 2048, 2048]","[2048, 2048, 2048, 2048, 2048, 2048, 2048]","[2048, 2048, 2048, 2048, 2048, 2048, 2048, 2048, 2048, 2049]",323.0,2_9157
1218,9157,2,21,2023-09-03T13:53:04.500000+00:00,28.375,29.999,28.989,317.0,315.0,False,87.363,"[None, 2048, 2048, 2048, 2048, 2048, 2048, 2048]","[2048, 2048, 2048, 2048, 2048, 2048, 2048]","[2048, 2048, 2048, 2048, 2048, 2048, 2048, 2048, 2048]",325.0,2_9157
1218,9157,2,22,2023-09-03T13:54:31.733000+00:00,28.445,30.055,28.965,316.0,315.0,False,87.465,"[None, 2048, 2048, 2048, 2048, 2048, 2048, 2048]","[2048, 2048, 2048, 2048, 2048, 2048, 2048]","[2048, 2048, 2048, 2048, 2048, 2048, 2048, 2048, 2048, 2048]",317.0,2_9157
1218,9157,2,23,2023-09-03T13:55:59.311000+00:00,28.327,29.9,28.922,,315.0,False,87.149,"[None, 2048, 2048, 2048, 2048, 2048, 2048, 2048]","[2048, 2048, 2048, 2048, 2048, 2048, 2048]","[2048, 2048, 2048, 2048, 2048, 2048, 2048, 2048, 2049, 2048]",322.0,2_9157
1218,9157,2,24,2023-09-03T13:57:26.403000+00:00,28.242,29.963,28.899,317.0,317.0,False,87.104,"[None, 2048, 2048, 2048, 2048, 2048, 2048, 2048]","[2048, 2048, 2048, 2048, 2048, 2048, 2048]","[2048, 2048, 2049, 2048, 2048, 2048, 2048, 2048, 2049]",324.0,2_9157
1218,9157,2,25,2023-09-03T13:58:53.621000+00:00,28.187,30.065,28.913,315.0,314.0,False,87.165,"[None, 2048, 2048, 2048, 2048, 2048, 2048, 2048]","[2048, 2048, 2048, 2048, 2048, 2048, 2048]","[2048, 2048, 2048, 2048, 2048, 2048, 2048, 2048, 2048]",,2_9157
1218,9157,2,26,2023-09-03T14:00:20.636000+00:00,28.298,29.83,28.893,320.0,318.0,False,87.021,"[None, 2048, 2049, 2048, 2048, 2048, 2048, 2048]","[2048, 2048, 2049, 2048, 2048, 2048, 2048]","[2048, 2048, 2048, 2048, 2048, 2049, 2048, 2048, 2048]",326.0,2_9157
1218,9157,2,27,2023-09-03T14:01:47.650000+00:00,28.261,30.079,28.913,315.0,316.0,False,87.253,"[None, 2048, 2048, 2048, 2048, 2048, 2048, 2048]","[2048, 2048, 2048, 2048, 2048, 2048, 2048]","[2048, 2048, 2048, 2048, 2048, 2048, 2048, 2048, 2048, 2048]",324.0,2_9157
1218,9157,2,28,2023-09-03T14:03:14.993000+00:00,28.373,30.188,28.985,317.0,316.0,False,87.546,"[None, 2048, 2048, 2048, 2048, 2048, 2048, 2048]","[2048, 2048, 2049, 2048, 2048, 2048, 2048]","[2048, 2048, 2049, 2048, 2048, 2048, 2048, 2048, 2048, 2048]",,2_9157
1218,9157,2,29,2023-09-03T14:04:42.586000+00:00,28.388,30.221,28.936,321.0,316.0,False,87.545,"[None, 2048, 2049, 2048, 2048, 2048, 2048, 2048]","[2049, 2048, 2048, 2048, 2048, 2048, 2048]","[2048, 2048, 2049, 2048, 2048, 2048, 2048, 2048, 2048, 2048]",327.0,2_9157
1218,9157,2,30,2023-09-03T14:06:10.069000+00:00,28.336,30.021,28.764,318.0,315.0,False,87.121,"[None, 2048, 2048, 2048, 2048, 2048, 2048, 2048]","[2048, 2048, 2048, 2048, 2048, 2048, 2048]","[2048, 2048, 2048, 2048, 2048, 2048, 2048, 2048, 2048, 2048]",321.0,2_9157
1218,9157,2,31,2023-09-03T14:07:37.240000+00:00,28.284,30.277,28.9,317.0,315.0,False,87.461,"[None, 2048, 2049, 2048, 2048, 2048, 2048, 2048]","[2048, 2048, 2048, 2048, 2048, 2048, 2048]","[2048, 2048, 2048, 2048, 2048, 2048, 2048, 2048, 2048]",326.0,2_9157
1218,9157,2,32,2023-09-03T14:09:04.646000+00:00,28.261,30.315,28.946,320.0,315.0,False,87.522,"[None, 2048, 2048, 2048, 2048, 2048, 2048, 2048]","[2048, 2048, 2048, 2048, 2048, 2048, 2048]","[2048, 2048, 2048, 2048, 2048, 2048, 2048, 2048, 2048]",323.0,2_9157
1218,9157,2,33,2023-09-03T14:10:32.207000+00:00,28.247,30.149,28.897,318.0,329.0,False,87.293,"[None, 2048, 2048, 2048, 2048, 2048, 2048, 2048]","[2048, 2048, 2048, 2048, 2048, 2049, 2048]","[2048, 2048, 2048, 2048, 2048, 2048, 2048, 2049, 2048]",321.0,2_9157
1218,9157,2,34,2023-09-03T14:11:59.394000+00:00,28.213,30.129,28.877,313.0,312.0,False,87.219,"[None, 2048, 2049, 2048, 2048, 2048, 2048, 2048]","[2048, 2048, 2048, 2048, 2048, 2048, 2048]","[2048, 2048, 2048, 2048, 2048, 2048, 2048, 2048, 2048]",329.0,2_9157
1218,9157,2,35,2023-09-03T14:13:26.736000+00:00,28.272,30.197,28.764,316.0,312.0,False,87.233,"[None, 2048, 2049, 2048, 2048, 2048, 2048, 2048]","[2048, 2048, 2048, 2048, 2048, 2048, 2048]","[2048, 2048, 2048, 2048, 2048, 2048, 2048, 2048, 2048, 2048]",327.0,2_9157
1218,9157,2,36,2023-09-03T14:14:53.954000+00:00,28.312,30.153,28.677,,312.0,False,87.142,"[None, 2048, 2049, 2048, 2048, 2048, 2048, 2048]","[2048, 2048, 2048, 2048, 2048, 2048, 2048]","[2048, 2049, 2048, 2048, 2048, 2048, 2048, 2048, 2048, 2048]",321.0,2_9157
1218,9157,2,37,2023-09-03T14:16:21.047000+00:00,28.557,30.104,28.631,317.0,312.0,False,87.292,"[None, 2048, 2048, 2048, 2048, 2048, 2048, 2048]","[2048, 2048, 2048, 2048, 2048, 2048, 2048]","[2048, 2049, 2048, 2048, 2048, 2048, 2048, 2048, 2048]",324.0,2_9157
1218,9157,2,38,2023-09-03T14:17:48.374000+00:00,28.403,30.155,28.545,316.0,312.0,False,87.103,"[None, 2048, 2048, 2048, 2048, 2048, 2048, 2048]","[2048, 2048, 2048, 2048, 2048, 2048, 2048]","[2048, 2049, 2048, 2048, 2048, 2048, 2048, 2048, 2048, 2048]",320.0,2_9157
1218,9157,2,39,2023-09-03T14:19:15.467000+00:00,28.367,30.179,28.591,317.0,313.0,False,87.137,"[None, 2048, 2048, 2048, 2048, 2048, 2048, 2048]","[2048, 2048, 2048, 2048, 2048, 2048, 2048]","[2048, 2049, 2049, 2048, 2048, 2048, 2048, 2048, 2048]",324.0,2_9157
1218,9157,2,40,2023-09-03T14:20:42.591000+00:00,28.48,30.485,28.675,321.0,310.0,False,87.64,"[None, 2048, 2049, 2048, 2048, 2048, 2048, 2048]","[2048, 2048, 2048, 2048, 2048, 2048, 2048]","[2048, 2048, 2049, 2048, 2048, 2048, 2048, 2048, 2048, 2048]",333.0,2_9157
1218,9157,2,41,2023-09-03T14:22:10.262000+00:00,28.346,30.289,28.545,315.0,312.0,False,87.18,"[None, 2048, 2048, 2048, 2048, 2048, 2048, 2048]","[2048, 2048, 2048, 2048, 2048, 2048, 2048]","[2048, 2049, 2048, 2048, 2048, 2048, 2048, 2048, 2048]",319.0,2_9157
1218,9157,2,42,2023-09-03T14:23:37.417000+00:00,28.509,30.206,28.461,322.0,313.0,False,87.176,"[None, 2048, 2048, 2048, 2048, 2048, 2048, 2048]","[2048, 2048, 2048, 2048, 2048, 2048, 2048]","[2048, 2048, 2048, 2048, 2048, 2048, 2048, 2048, 2048, 2048]",324.0,2_9157
1218,9157,2,43,2023-09-03T14:25:04.494000+00:00,28.493,31.774,29.118,324.0,325.0,False,89.385,"[None, 2048, 2049, 2048, 2049, 2049, 2048, 2048]","[2049, 2048, 2048, 2048, 2048, 2048, 2048]","[2048, 2048, 2048, 2048, 2048, 2048, 2048, 2048, 2048, 2048]",334.0,2_9157
1218,9157,2,44,2023-09-03T14:26:34.024000+00:00,28.59,30.403,28.693,316.0,312.0,False,87.686,"[None, 2048, 2048, 2048, 2048, 2048, 2048, 2048]","[2048, 2048, 2048, 2048, 2048, 2048, 2048]","[2048, 2048, 2049, 2048, 2048, 2048, 2048, 2048, 2048, 2048]",320.0,2_9157
1218,9157,2,45,2023-09-03T14:28:01.664000+00:00,28.487,30.348,28.667,318.0,314.0,False,87.502,"[None, 2048, 2048, 2048, 2048, 2048, 2048, 2048]","[2048, 2048, 2048, 2048, 2048, 2048, 2048]","[2048, 2048, 2049, 2048, 2048, 2049, 2048, 2048, 2048, 2048]",326.0,2_9157
1218,9157,2,46,2023-09-03T14:29:29.210000+00:00,28.456,30.541,28.712,,313.0,False,87.709,"[None, 2048, 2048, 2048, 2048, 2048, 2048, 2048]","[2048, 2048, 2048, 2048, 2048, 2048, 2048]","[2048, 2048, 2048, 2048, 2048, 2048, 2048, 2048, 2048, 2048]",321.0,2_9157
1218,9157,2,47,2023-09-03T14:30:56.912000+00:00,28.463,30.392,28.767,320.0,315.0,False,87.622,"[None, 2048, 2048, 2048, 2048, 2048, 2048, 2048]","[2048, 2048, 2049, 2048, 2048, 2048, 2048]","[2048, 2048, 2048, 2048, 2048, 2048, 2048, 2048, 2048, 2048]",323.0,2_9157
1218,9157,2,48,2023-09-03T14:32:24.567000+00:00,28.202,30.516,28.722,318.0,313.0,False,87.44,"[None, 2048, 2048, 2048, 2048, 2048, 2048, 2048]","[2048, 2048, 2048, 2048, 2048, 2048, 2048]","[2048, 2048, 2048, 2048, 2048, 2048, 2048, 2048, 2048, 2048]",,2_9157
1218,9157,2,49,2023-09-03T14:33:51.988000+00:00,28.431,30.625,28.686,319.0,314.0,False,87.742,"[None, 2048, 2048, 2048, 2048, 2048, 2048, 2048]","[2048, 2048, 2048, 2048, 2048, 2048, 2048]","[2048, 2048, 2048, 2048, 2048, 2048, 2048, 2048, 2048, 2048]",320.0,2_9157
1218,9157,2,50,2023-09-03T14:35:19.800000+00:00,28.572,31.644,29.41,321.0,316.0,False,89.626,"[None, 2048, 2048, 2048, 2048, 2048, 2048, 2048]","[2048, 2048, 2048, 2048, 2048, 2048, 2048]","[2048, 2048, 2048, 2048, 2048, 2048, 2048, 2048, 2048, 2064]",335.0,2_9157
1218,9157,2,52,2023-09-03T14:43:31.982000+00:00,,,,,,False,,,,,,2_9157
1218,9157,4,1,2023-09-03T13:23:22.770000+00:00,31.824,31.119,28.885,310.0,307.0,False,91.828,"[2048, 2049, 2049, 2049, 2049, 2049, 2049, 2049]","[2049, 2049, 2049, 2049, 2049, 2049, 2049]","[2049, 2049, 2049, 2049, 2049, 2049, 2049, 2049, 2049, 2049]",290.0,4_9157
1218,9157,4,2,2023-09-03T13:24:54.597000+00:00,28.537,30.36,28.678,315.0,313.0,False,87.575,"[2049, 2049, 2049, 2049, 2048, 2048, 2049, 2049]","[2049, 2049, 2049, 2049, 2049, 2048, 2049]","[2048, 2049, 2049, 2049, 2049, 2049, 2049, 2049, 2049, 2049]",311.0,4_9157
1218,9157,4,3,2023-09-03T13:26:22.174000+00:00,28.693,29.848,28.564,310.0,322.0,False,87.105,"[None, 2049, 2048, 2048, 2048, 2048, 2048, 2048]","[2049, 2049, 2049, 2049, 2048, 2049, 2049]","[2049, 2049, 2049, 2048, 2048, 2048, 2049, 2048, 2049, 2049]",293.0,4_9157
1218,9157,4,4,2023-09-03T13:27:49.236000+00:00,28.445,29.988,28.636,309.0,316.0,False,87.069,"[None, 2049, 2048, 2048, 2048, 2048, 2048, 2048]","[2048, 2048, 2049, 2048, 2048, 2048, 2048]","[2048, 2049, 2049, 2049, 2048, 2048, 2049, 2048, 2049, 2049]",312.0,4_9157
1218,9157,4,5,2023-09-03T13:29:16.328000+00:00,28.562,29.982,28.598,,312.0,False,87.142,"[None, 2048, 2048, 2048, 2048, 2048, 2048, 2048]","[2048, 2048, 2049, 2049, 2049, 2048, 2048]","[2048, 2049, 2051, 2048, 2048, 2048, 2048, 2048, 2048, 2048]",307.0,4_9157
1218,9157,4,6,2023-09-03T13:30:43.468000+00:00,28.38,29.732,28.684,312.0,319.0,False,86.796,"[2048, 2048, 2049, 2049, 2048, 2048, 2049, 2048]","[2049, 2049, 2049, 2048, 2049, 2049, 2048]","[2048, 2048, 2048, 2049, 2049, 2048, 2048, 2048, 2048, 2048]",305.0,4_9157
1218,9157,4,7,2023-09-03T13:32:10.326000+00:00,28.36,29.946,28.558,308.0,310.0,False,86.864,"[None, 2048, 2048, 2049, 2048, 2048, 2048, 2048]","[2048, 2049, 2048, 2048, 2048, 2048, 2048]","[2048, 2048, 2048, 2048, 2048, 2048, 2048, 2048, 2048]",308.0,4_9157
1218,9157,4,8,2023-09-03T13:33:37.091000+00:00,28.271,29.746,28.611,313.0,319.0,False,86.628,"[2049, 2048, 2049, 2048, 2048, 2048, 2049, 2048]","[2048, 2048, 2048, 2049, 2048, 2049, 2048]","[2048, 2048, 2048, 2049, 2049, 2048, 2048, 2048, 2048]",310.0,4_9157
1218,9157,4,9,2023-09-03T13:35:03.762000+00:00,28.208,29.983,28.702,,319.0,False,86.893,"[None, 2049, 2049, 2048, 2048, 2049, 2049, 2048]","[2048, 2048, 2049, 2048, 2048, 2049, 2048]","[2048, 2048, 2048, 2048, 2048, 2048, 2048, 2048, 2048, 2048]",320.0,4_9157
1218,9157,4,10,2023-09-03T13:36:30.652000+00:00,28.292,29.893,28.78,314.0,320.0,False,86.965,"[2048, 2048, 2048, 2048, 2048, 2048, 2048, 2048]","[2048, 2048, 2048, 2048, 2048, 2048, 2048]","[2048, 2048, 2048, 2048, 2048, 2049, 2048, 2048, 2048]",319.0,4_9157
1218,9157,4,11,2023-09-03T13:37:57.604000+00:00,28.224,30.155,28.687,311.0,318.0,False,87.066,"[None, 2048, 2048, 2048, 2048, 2049, 2049, 2048]","[2048, 2048, 2048, 2048, 2048, 2048, 2048]","[2048, 2048, 2048, 2048, 2048, 2049, 2048, 2048, 2049, 2049]",313.0,4_9157
1218,9157,4,12,2023-09-03T13:39:24.681000+00:00,28.308,30.281,28.849,,318.0,False,87.438,"[None, 2048, 2048, 2048, 2048, 2048, 2048, 2048]","[2048, 2048, 2048, 2048, 2048, 2048, 2048]","[2048, 2048, 2048, 2048, 2048, 2048, 2048, 2048, 2049]",315.0,4_9157
1218,9157,4,13,2023-09-03T13:40:52.118000+00:00,28.176,30.425,28.758,313.0,320.0,False,87.359,"[2049, 2049, 2049, 2048, 2048, 2049, 2049, 2048]","[2048, 2048, 2048, 2048, 2048, 2048, 2048]","[2048, 2048, 2048, 2048, 2048, 2049, 2048, 2048, 2048]",329.0,4_9157
1218,9157,4,14,2023-09-03T13:42:19.460000+00:00,28.138,30.447,28.893,,322.0,False,87.478,"[None, 2049, 2049, 2048, 2048, 2049, 2048, 2048]","[2048, 2048, 2048, 2048, 2048, 2048, 2049]","[2048, 2048, 2048, 2048, 2048, 2048, 2048, 2048, 2049]",339.0,4_9157
1218,9157,4,15,2023-09-03T13:43:46.959000+00:00,28.418,30.509,28.869,,321.0,False,87.796,"[2048, 2048, 2048, 2048, 2048, 2048, 2048, 2048]","[2048, 2048, 2048, 2048, 2048, 2048, 2048]","[2048, 2048, 2048, 2048, 2048, 2048, 2048, 2048, 2048]",333.0,4_9157
1218,9157,4,16,2023-09-03T13:45:14.708000+00:00,28.356,30.068,28.775,314.0,318.0,False,87.199,"[None, 2048, 2048, 2048, 2048, 2048, 2048, 2049]","[2048, 2048, 2048, 2048, 2048, 2048, 2048]","[2048, 2048, 2048, 2048, 2048, 2048, 2048, 2048, 2048]",313.0,4_9157
1218,9157,4,17,2023-09-03T13:46:41.942000+00:00,28.582,30.325,28.69,311.0,309.0,False,87.597,"[None, 2048, 2048, 2048, 2048, 2048, 2048, 2048]","[2048, 2048, 2048, 2048, 2048, 2048, 2048]","[2048, 2048, 2048, 2048, 2048, 2048, 2048, 2048, 2048, 2048]",309.0,4_9157
1218,9157,4,18,2023-09-03T13:48:09.550000+00:00,28.43,30.043,28.799,315.0,317.0,False,87.272,"[None, 2048, 2048, 2048, 2048, 2048, 2048, 2049]","[2048, 2048, 2049, 2048, 2048, 2048, 2048]","[2048, 2048, 2048, 2048, 2048, 2048, 2048, 2048, 2048]",315.0,4_9157
1218,9157,4,19,2023-09-03T13:49:36.815000+00:00,28.451,30.143,28.686,311.0,318.0,False,87.28,"[None, 2048, 2048, 2048, 2048, 2048, 2048, 2048]","[2048, 2048, 2049, 2048, 2048, 2048, 2048]","[2049, 2048, 2048, 2048, 2048, 2048, 2048, 2048, 2048]",,4_9157
1218,9157,4,20,2023-09-03T13:51:04.079000+00:00,28.365,30.534,28.817,312.0,317.0,False,87.716,"[None, 2048, 2048, 2048, 2048, 2048, 2048, 2048]","[2048, 2048, 2048, 2048, 2048, 2048, 2048]","[2049, 2048, 2048, 2048, 2048, 2048, 2048, 2048, 2048]",312.0,4_9157
1218,9157,4,21,2023-09-03T13:52:31.735000+00:00,28.489,30.385,28.844,313.0,317.0,False,87.718,"[None, 2048, 2048, 2048, 2048, 2048, 2048, 2048]","[2048, 2048, 2048, 2048, 2048, 2048, 2048]","[2048, 2048, 2048, 2048, 2048, 2048, 2048, 2048, 2048]",317.0,4_9157
1218,9157,4,22,2023-09-03T13:53:59.453000+00:00,28.426,30.073,33.148,,318.0,False,91.647,"[None, 2048, 2048, 2048, 2048, 2048, 2048, 2048]","[2049, 2048, 2048, 2048, 2048, 2048, 2048]","[2049, 2048, 2048, 2048, 2048, 2048, 2048, 2048, 2048, 2064]",,4_9157
1218,9157,4,23,2023-09-03T13:55:31.076000+00:00,47.855,29.928,28.499,316.0,304.0,True,106.282,"[2064, 2064, 2048, 2048, 2048, 2048, 2048, 2048]","[2048, 2048, 2048, 2048, 2049, 2048, 2048]","[2048, 2049, 2048, 2048, 2048, 2048, 2049, 2048, 2049, 2048]",283.0,4_9157
1218,9157,4,24,2023-09-03T13:57:17.466000+00:00,28.37,29.458,28.316,308.0,330.0,False,86.144,"[2048, 2048, 2049, 2048, 2049, 2048, 2048, 2048]","[2048, 2048, 2049, 2048, 2048, 2049, 2049]","[2049, 2049, 2048, 2048, 2048, 2048, 2049, 2049, 2049]",331.0,4_9157
1218,9157,4,25,2023-09-03T13:58:43.543000+00:00,28.304,29.752,28.368,305.0,305.0,False,86.424,"[None, 2048, 2048, 2049, 2048, 2048, 2048, 2048]","[2048, 2048, 2049, 2049, 2049, 2048, 2048]","[2048, 2048, 2048, 2048, 2048, 2048, 2049, 2048, 2048]",313.0,4_9157
1218,9157,4,26,2023-09-03T14:00:09.933000+00:00,28.289,29.728,28.385,307.0,308.0,False,86.402,"[None, 2048, 2048, 2048, 2048, 2048, 2048, 2048]","[2048, 2048, 2048, 2048, 2048, 2048, 2048]","[2048, 2048, 2048, 2048, 2048, 2048, 2048, 2048, 2048]",,4_9157
1218,9157,4,27,2023-09-03T14:01:36.432000+00:00,28.346,29.745,28.394,305.0,307.0,False,86.485,"[None, 2048, 2048, 2048, 2048, 2048, 2048, 2048]","[2048, 2049, 2048, 2048, 2048, 2048, 2048]","[2048, 2048, 2048, 2048, 2048, 2048, 2048, 2048, 2048]",,4_9157
1218,9157,4,28,2023-09-03T14:03:02.946000+00:00,28.273,29.743,28.38,311.0,310.0,False,86.396,"[None, 2048, 2048, 2048, 2048, 2048, 2048, 2048]","[2049, 2048, 2049, 2048, 2048, 2048, 2048]","[2048, 2048, 2048, 2048, 2048, 2048, 2048, 2048, 2048]",,4_9157
1218,9157,4,29,2023-09-03T14:04:29.242000+00:00,28.197,29.731,28.544,313.0,318.0,False,86.472,"[None, 2048, 2048, 2048, 2048, 2048, 2048, 2048]","[2049, 2048, 2048, 2048, 2048, 2048, 2048]","[2048, 2048, 2049, 2049, 2048, 2048, 2048, 2048, 2049, 2048]",322.0,4_9157
1218,9157,4,30,2023-09-03T14:05:55.773000+00:00,28.657,29.952,28.359,306.0,316.0,False,86.968,"[None, 2048, 2048, 2048, 2048, 2048, 2048, 2048]","[2048, 2048, 2048, 2048, 2048, 2048, 2048]","[2048, 2048, 2049, 2049, 2048, 2048, 2048, 2048, 2048, 2048]",339.0,4_9157
1218,9157,4,31,2023-09-03T14:07:22.756000+00:00,28.548,30.01,28.351,311.0,316.0,False,86.909,"[None, 2048, 2048, 2048, 2048, 2048, 2048, 2048]","[2048, 2048, 2048, 2048, 2048, 2048, 2048]","[2048, 2048, 2048, 2048, 2048, 2048, 2048, 2049, 2048]",317.0,4_9157
1218,9157,4,32,2023-09-03T14:08:49.677000+00:00,28.175,29.858,28.553,313.0,319.0,False,86.586,"[None, 2048, 2048, 2048, 2048, 2048, 2049, 2048]","[2048, 2048, 2048, 2048, 2048, 2048, 2048]","[2048, 2048, 2048, 2048, 2048, 2048, 2048, 2048, 2048, 2048]",,4_9157
1218,9157,4,33,2023-09-03T14:10:16.254000+00:00,28.159,29.844,28.452,316.0,319.0,False,86.455,"[None, 2048, 2048, 2048, 2048, 2048, 2048, 2049]","[2048, 2048, 2051, 2048, 2048, 2048, 2048]","[2048, 2048, 2048, 2048, 2048, 2049, 2048, 2048, 2049, 2049]",321.0,4_9157
1218,9157,4,34,2023-09-03T14:11:42.722000+00:00,28.262,29.737,28.367,312.0,319.0,False,86.366,"[None, 2048, 2048, 2048, 2048, 2048, 2048, 2048]","[2048, 2048, 2048, 2048, 2048, 2048, 2048]","[2048, 2048, 2049, 2048, 2048, 2048, 2048, 2048, 2048, 2049]",320.0,4_9157
1218,9157,4,35,2023-09-03T14:13:09.065000+00:00,28.2,29.851,28.413,314.0,320.0,False,86.464,"[None, 2048, 2048, 2048, 2049, 2049, 2049, 2048]","[2048, 2048, 2048, 2048, 2048, 2048, 2048]","[2048, 2048, 2048, 2048, 2048, 2048, 2048, 2048, 2048, 2048]",316.0,4_9157
1218,9157,4,36,2023-09-03T14:14:35.564000+00:00,28.365,30.238,28.457,312.0,317.0,False,87.06,"[None, 2048, 2048, 2048, 2048, 2048, 2048, 2048]","[2048, 2048, 2048, 2048, 2048, 2048, 2048]","[2048, 2048, 2048, 2048, 2048, 2048, 2048, 2048, 2048, 2048]",,4_9157
1218,9157,4,37,2023-09-03T14:16:02.563000+00:00,28.348,29.924,28.323,315.0,319.0,False,86.595,"[None, 2048, 2048, 2048, 2048, 2048, 2048, 2048]","[2048, 2048, 2048, 2048, 2048, 2048, 2048]","[2048, 2048, 2048, 2048, 2049, 2048, 2048, 2048, 2051, 2049]",322.0,4_9157
1218,9157,4,38,2023-09-03T14:17:29.171000+00:00,28.683,30.384,28.5,303.0,316.0,False,87.567,"[2049, 2049, 2049, 2048, 2048, 2048, 2048, 2048]","[2048, 2048, 2048, 2048, 2048, 2048, 2048]","[2048, 2048, 2048, 2049, 2048, 2048, 2048, 2048, 2048, 2048]",345.0,4_9157
1218,9157,4,39,2023-09-03T14:18:56.842000+00:00,28.202,30.031,28.559,317.0,321.0,False,86.792,"[2048, 2048, 2048, 2048, 2048, 2048, 2049, 2049]","[2048, 2048, 2048, 2048, 2048, 2048, 2048]","[2048, 2048, 2049, 2049, 2048, 2048, 2048, 2048, 2048, 2048]",325.0,4_9157
1218,9157,4,40,2023-09-03T14:20:23.591000+00:00,28.184,30.016,28.561,314.0,318.0,False,86.761,"[None, 2048, 2048, 2048, 2048, 2049, 2048, 2048]","[2048, 2048, 2048, 2048, 2048, 2048, 2048]","[2048, 2048, 2049, 2048, 2048, 2048, 2048, 2048, 2048, 2048]",327.0,4_9157
1218,9157,4,41,2023-09-03T14:21:50.278000+00:00,28.269,29.96,28.333,315.0,320.0,False,86.562,"[None, 2048, 2048, 2048, 2048, 2048, 2048, 2048]","[2048, 2048, 2048, 2048, 2048, 2048, 2048]","[2048, 2048, 2048, 2048, 2048, 2048, 2048, 2048, 2048, 2048]",325.0,4_9157
1218,9157,4,42,2023-09-03T14:23:16.886000+00:00,28.311,29.995,28.317,314.0,320.0,False,86.623,"[None, 2048, 2048, 2048, 2048, 2048, 2048, 2048]","[2048, 2048, 2048, 2048, 2048, 2048, 2048]","[2048, 2048, 2049, 2049, 2048, 2048, 2048, 2048, 2048, 2048]",317.0,4_9157
1218,9157,4,43,2023-09-03T14:24:43.494000+00:00,28.312,30.079,28.419,315.0,322.0,False,86.81,"[None, 2048, 2048, 2048, 2048, 2049, 2049, 2048]","[2048, 2048, 2048, 2048, 2048, 2048, 2048]","[2048, 2048, 2048, 2048, 2049, 2048, 2048, 2049, 2048]",321.0,4_9157
1218,9157,4,44,2023-09-03T14:26:10.275000+00:00,28.037,31.196,28.758,324.0,328.0,False,87.991,"[None, 2048, 2048, 2048, 2049, 2051, 2049, 2049]","[2048, 2048, 2048, 2048, 2048, 2048, 2048]","[2048, 2048, 2048, 2048, 2048, 2048, 2048, 2048, 2048, 2048]",316.0,4_9157
1218,9157,4,45,2023-09-03T14:27:38.352000+00:00,28.726,30.34,28.4,307.0,323.0,False,87.466,"[None, 2048, 2048, 2048, 2048, 2048, 2048, 2048]","[2048, 2048, 2048, 2048, 2048, 2048, 2048]","[2048, 2048, 2049, 2049, 2049, 2048, 2048, 2048, 2048]",338.0,4_9157
1218,9157,4,46,2023-09-03T14:29:05.773000+00:00,28.325,30.218,28.474,314.0,324.0,False,87.017,"[None, 2048, 2048, 2048, 2048, 2048, 2048, 2048]","[2048, 2048, 2048, 2048, 2048, 2048, 2048]","[2048, 2048, 2048, 2048, 2048, 2048, 2048, 2049, 2048, 2048]",323.0,4_9157
1218,9157,4,47,2023-09-03T14:30:32.850000+00:00,28.079,31.244,28.563,321.0,323.0,False,87.886,"[None, 2048, 2048, 2048, 2048, 2048, 2048, 2048]","[2048, 2048, 2048, 2048, 2048, 2048, 2048]","[2048, 2048, 2048, 2048, 2048, 2048, 2048, 2049, 2049, 2049]",329.0,4_9157
1218,9157,4,48,2023-09-03T14:32:00.646000+00:00,28.415,30.09,28.228,308.0,321.0,False,86.733,"[None, 2048, 2048, 2048, 2048, 2048, 2048, 2048]","[2048, 2048, 2048, 2048, 2048, 2048, 2048]","[2048, 2048, 2049, 2048, 2048, 2048, 2048, 2049, 2049, 2049]",318.0,4_9157
1218,9157,4,49,2023-09-03T14:33:27.442000+00:00,28.211,30.897,28.553,299.0,321.0,False,87.661,"[2049, 2049, 2051, 2051, 2048, 2048, 2048, 2048]","[2048, 2048, 2048, 2048, 2048, 2048, 2048]","[2048, 2048, 2048, 2048, 2048, 2048, 2048, 2048, 2048, 2048]",346.0,4_9157
1218,9157,4,50,2023-09-03T14:34:55.081000+00:00,28.328,30.461,28.385,312.0,321.0,False,87.174,"[2048, 2048, 2048, 2048, 2048, 2048, 2048, 2048]","[2048, 2048, 2048, 2048, 2048, 2048, 2048]","[2048, 2048, 2048, 2048, 2048, 2048, 2048, 2048, 2048, 2048]",322.0,4_9157
1218,9157,4,51,2023-09-03T14:36:22.455000+00:00,28.597,30.414,28.414,317.0,318.0,False,87.425,"[None, 2048, 2048, 2048, 2048, 2048, 2048, 2048]","[2048, 2048, 2048, 2048, 2048, 2048, 2048]","[2048, 2048, 2048, 2048, 2048, 2048, 2048, 2048, 2048, 2064]",346.0,4_9157
1218,9157,4,52,2023-09-03T14:43:31.982000+00:00,,,,,,False,,,,,,4_9157
1218,9157,10,1,2023-09-03T13:23:22.770000+00:00,33.937,32.313,29.984,324.0,316.0,False,96.234,"[2048, 2049, 2049, 2049, 2049, 2049, 2049, 2049]","[2049, 2049, 2049, 2049, 2049, 2049, 2049]","[2049, 2049, 2049, 2049, 2049, 2049, 2049, 2049, 2049, 2049]",276.0,10_9157
1218,9157,10,2,2023-09-03T13:24:59.003000+00:00,28.782,30.575,29.339,310.0,309.0,False,88.696,"[2049, 2049, 2049, 2049, 2049, 2049, 2049, 2048]","[2049, 2049, 2049, 2049, 2049, 2049, 2048]","[2049, 2049, 2049, 2048, 2048, 2049, 2049, 2048, 2048]",320.0,10_9157
1218,9157,10,3,2023-09-03T13:26:27.721000+00:00,28.714,30.06,29.142,,326.0,False,87.916,"[None, 2049, 2049, 2049, 2048, 2048, 2048, 2048]","[2049, 2049, 2049, 2049, 2049, 2049, 2049]","[2049, 2049, 2049, 2048, 2048, 2049, 2048, 2048, 2048, 2048]",,10_9157
1218,9157,10,4,2023-09-03T13:27:55.657000+00:00,28.432,30.029,29.011,,326.0,False,87.472,"[None, 2049, 2049, 2049, 2048, 2048, 2048, 2048]","[2049, 2048, 2048, 2049, 2049, 2049, 2049]","[2049, 2048, 2048, 2048, 2048, 2048, 2049, 2048, 2048, 2049]",325.0,10_9157
1218,9157,10,5,2023-09-03T13:29:23.172000+00:00,28.291,30.155,29.248,308.0,327.0,False,87.694,"[None, 2051, 2049, 2048, 2048, 2048, 2048, 2048]","[2049, 2048, 2049, 2048, 2048, 2048, 2048]","[2049, 2048, 2048, 2048, 2048, 2048, 2048, 2048, 2048]",347.0,10_9157
1218,9157,10,6,2023-09-03T13:30:50.843000+00:00,28.241,30.047,29.036,,324.0,False,87.324,"[2048, 2048, 2049, 2049, 2048, 2048, 2048, 2048]","[2048, 2049, 2049, 2048, 2048, 2048, 2048]","[2049, 2048, 2048, 2048, 2048, 2048, 2048, 2048, 2048]",331.0,10_9157
1218,9157,10,7,2023-09-03T13:32:18.139000+00:00,28.18,29.932,29.098,307.0,325.0,False,87.21,"[None, 2048, 2048, 2049, 2048, 2048, 2048, 2048]","[2049, 2048, 2049, 2049, 2049, 2048, 2048]","[2048, 2049, 2048, 2048, 2048, 2048, 2048, 2048, 2048, 2048]",328.0,10_9157
1218,9157,10,8,2023-09-03T13:33:45.325000+00:00,28.0,30.157,29.083,310.0,322.0,False,87.24,"[None, 2048, 2049, 2049, 2048, 2048, 2048, 2048]","[2049, 2048, 2048, 2048, 2048, 2048, 2048]","[2049, 2049, 2048, 2048, 2048, 2048, 2048, 2048, 2048, 2048]",334.0,10_9157
1218,9157,10,9,2023-09-03T13:35:12.590000+00:00,28.124,29.976,29.266,309.0,325.0,False,87.366,"[None, 2048, 2049, 2048, 2048, 2048, 2048, 2048]","[2049, 2048, 2048, 2048, 2048, 2049, 2048]","[2049, 2048, 2048, 2048, 2048, 2048, 2048, 2048, 2048, 2048]",330.0,10_9157
1218,9157,10,10,2023-09-03T13:36:40.011000+00:00,28.126,30.178,33.73,312.0,325.0,False,92.034,"[None, 2048, 2048, 2048, 2048, 2048, 2048, 2048]","[2048, 2048, 2048, 2048, 2048, 2048, 2048]","[2048, 2048, 2048, 2048, 2048, 2048, 2048, 2048, 2048, 2064]",327.0,10_9157
1218,9157,10,11,2023-09-03T13:38:11.947000+00:00,51.42,29.937,28.813,301.0,299.0,True,110.17,"[2064, 2064, 2048, 2048, 2048, 2048, 2048, 2048]","[2048, 2049, 2048, 2049, 2049, 2048, 2048]","[2048, 2049, 2048, 2048, 2048, 2048, 2049, 2049, 2048, 0]",277.0,10_9157
1218,9157,10,12,2023-09-03T13:40:02.165000+00:00,28.524,29.851,29.056,,299.0,False,87.431,"[2048, 2048, 2048, 2049, 2048, 2048, 2048, 2048]","[2049, 2049, 2049, 2049, 2048, 2048, 2048]","[2048, 2048, 2048, 2048, 2048, 2048, 2048, 2048, 2048]",306.0,10_9157
1218,9157,10,13,2023-09-03T13:41:29.633000+00:00,28.44,29.892,29.036,303.0,301.0,False,87.368,"[None, 2048, 2048, 2048, 2048, 2048, 2048, 2048]","[2049, 2048, 2049, 2048, 2048, 2048, 2048]","[2048, 2048, 2048, 2048, 2048, 2048, 2048, 2048, 2048]",309.0,10_9157
1218,9157,10,14,2023-09-03T13:42:56.866000+00:00,28.394,30.051,28.903,306.0,304.0,False,87.348,"[None, 2048, 2048, 2048, 2048, 2048, 2048, 2048]","[2048, 2048, 2048, 2048, 2048, 2048, 2048]","[2048, 2048, 2048, 2048, 2048, 2048, 2048, 2048, 2048, 2048]",310.0,10_9157
1218,9157,10,15,2023-09-03T13:44:24.271000+00:00,28.462,30.093,28.808,308.0,309.0,False,87.363,"[None, 2048, 2048, 2048, 2048, 2048, 2048, 2048]","[2048, 2048, 2048, 2048, 2048, 2048, 2048]","[2048, 2048, 2048, 2048, 2048, 2048, 2048, 2048, 2048, 2048]",311.0,10_9157
1218,9157,10,16,2023-09-03T13:45:51.645000+00:00,28.289,30.067,28.732,,305.0,False,87.088,"[None, 2048, 2048, 2048, 2048, 2048, 2048, 2048]","[2049, 2048, 2048, 2048, 2048, 2048, 2048]","[2048, 2049, 2048, 2048, 2048, 2048, 2048, 2048, 2048]",313.0,10_9157
1218,9157,10,17,2023-09-03T13:47:18.816000+00:00,28.286,29.953,28.837,307.0,306.0,False,87.076,"[None, 2048, 2048, 2048, 2048, 2048, 2048, 2048]","[2049, 2048, 2048, 2048, 2048, 2048, 2048]","[2048, 2048, 2048, 2048, 2048, 2048, 2048, 2048, 2048]",314.0,10_9157
1218,9157,10,18,2023-09-03T13:48:45.831000+00:00,28.315,30.045,28.693,306.0,305.0,False,87.053,"[None, 2048, 2048, 2048, 2048, 2048, 2048, 2048]","[2048, 2048, 2048, 2048, 2048, 2048, 2048]","[2048, 2048, 2049, 2048, 2048, 2048, 2049, 2048, 2048, 2048]",,10_9157
1218,9157,10,19,2023-09-03T13:50:12.924000+00:00,28.422,30.088,28.626,305.0,306.0,False,87.136,"[None, 2048, 2048, 2048, 2048, 2048, 2048, 2048]","[2048, 2048, 2048, 2048, 2048, 2048, 2048]","[2048, 2048, 2049, 2049, 2049, 2049, 2048, 2048, 2048]",,10_9157
1218,9157,10,20,2023-09-03T13:51:40.095000+00:00,28.17,30.107,28.758,308.0,318.0,False,87.035,"[None, 2048, 2048, 2048, 2048, 2048, 2048, 2048]","[2048, 2048, 2049, 2048, 2048, 2048, 2048]","[2048, 2048, 2048, 2048, 2049, 2049, 2048, 2048, 2048, 2048]",326.0,10_9157
1218,9157,10,21,2023-09-03T13:53:07.062000+00:00,28.31,30.354,29.042,306.0,306.0,False,87.706,"[None, 2048, 2048, 2048, 2048, 2048, 2048, 2048]","[2048, 2048, 2048, 2048, 2048, 2048, 2048]","[2048, 2048, 2048, 2048, 2048, 2048, 2048, 2048, 2048, 2048]",324.0,10_9157
1218,9157,10,22,2023-09-03T13:54:34.687000+00:00,28.315,30.023,28.881,,307.0,False,87.219,"[None, 2048, 2048, 2048, 2048, 2048, 2048, 2048]","[2048, 2048, 2048, 2048, 2048, 2048, 2048]","[2048, 2048, 2048, 2048, 2048, 2048, 2048, 2048, 2048]",312.0,10_9157
1218,9157,10,23,2023-09-03T13:56:01.982000+00:00,28.367,30.178,28.909,,306.0,False,87.454,"[None, 2048, 2048, 2048, 2048, 2048, 2048, 2048]","[2048, 2048, 2048, 2048, 2048, 2048, 2048]","[2048, 2048, 2048, 2048, 2048, 2048, 2048, 2048, 2048, 2048]",,10_9157
1218,9157,10,24,2023-09-03T13:57:29.419000+00:00,28.144,30.16,28.756,,307.0,False,87.06,"[None, 2048, 2048, 2049, 2048, 2049, 2048, 2048]","[2048, 2048, 2048, 2048, 2048, 2048, 2048]","[2048, 2048, 2048, 2048, 2048, 2048, 2048, 2048, 2048, 2048]",315.0,10_9157
1218,9157,10,25,2023-09-03T13:58:56.527000+00:00,28.176,30.119,28.928,,307.0,False,87.223,"[None, 2048, 2048, 2048, 2048, 2048, 2048, 2048]","[2048, 2048, 2048, 2048, 2048, 2048, 2048]","[2048, 2048, 2048, 2048, 2048, 2048, 2048, 2048, 2048]",,10_9157
1218,9157,10,26,2023-09-03T14:00:23.667000+00:00,28.496,30.15,28.944,,308.0,False,87.59,"[None, 2048, 2048, 2048, 2048, 2048, 2048, 2048]","[2048, 2048, 2048, 2048, 2048, 2048, 2048]","[2048, 2048, 2048, 2048, 2048, 2048, 2048, 2048, 2048]",,10_9157
1218,9157,10,27,2023-09-03T14:01:51.213000+00:00,28.305,30.124,28.76,,308.0,False,87.189,"[None, 2048, 2048, 2048, 2048, 2048, 2048, 2048]","[2048, 2048, 2048, 2048, 2048, 2048, 2048]","[2048, 2049, 2048, 2048, 2048, 2048, 2048, 2048, 2048]",,10_9157
1218,9157,10,28,2023-09-03T14:03:18.478000+00:00,28.314,30.209,28.998,308.0,307.0,False,87.521,"[None, 2048, 2048, 2048, 2048, 2048, 2048, 2048]","[2048, 2048, 2048, 2048, 2048, 2048, 2048]","[2048, 2048, 2048, 2048, 2048, 2048, 2048, 2048, 2048, 2048]",,10_9157
1218,9157,10,29,2023-09-03T14:04:46.023000+00:00,28.372,30.15,28.861,309.0,307.0,False,87.383,"[None, 2048, 2048, 2048, 2048, 2048, 2048, 2048]","[2048, 2048, 2048, 2048, 2048, 2048, 2048]","[2048, 2048, 2048, 2048, 2048, 2048, 2048, 2048, 2048, 2048]",,10_9157
1218,9157,10,30,2023-09-03T14:06:13.397000+00:00,28.399,30.299,28.96,308.0,307.0,False,87.658,"[None, 2048, 2048, 2048, 2048, 2048, 2049, 2048]","[2048, 2048, 2048, 2048, 2048, 2048, 2048]","[2048, 2048, 2048, 2048, 2048, 2048, 2048, 2048, 2048, 2048]",314.0,10_9157
1218,9157,10,31,2023-09-03T14:07:41.084000+00:00,28.325,30.421,33.458,,307.0,False,92.204,"[None, 2048, 2048, 2048, 2048, 2048, 2048, 2048]","[2048, 2048, 2048, 2048, 2048, 2048, 2048]","[2048, 2048, 2048, 2048, 2048, 2048, 2048, 2048, 2048, 2064]",315.0,10_9157
1218,9157,10,32,2023-09-03T14:09:13.255000+00:00,48.486,29.732,28.502,306.0,303.0,True,106.72,"[2064, 2064, 2048, 2048, 2048, 2048, 2048, 2048]","[2048, 2049, 2049, 2048, 2049, 2048, 2048]","[2048, 2048, 2048, 2048, 2048, 2048, 2049, 2049, 2048, 2048]",281.0,10_9157
1218,9157,10,33,2023-09-03T14:10:59.972000+00:00,28.265,29.682,28.492,303.0,303.0,False,86.439,"[2048, 2048, 2048, 2049, 2048, 2048, 2048, 2048]","[2048, 2048, 2048, 2049, 2049, 2048, 2048]","[2048, 2049, 2048, 2048, 2048, 2048, 2049, 2049, 2048]",310.0,10_9157
1218,9157,10,34,2023-09-03T14:12:26.487000+00:00,28.208,29.857,28.812,305.0,306.0,False,86.877,"[None, 2048, 2048, 2049, 2049, 2049, 2048, 2048]","[2048, 2048, 2049, 2048, 2048, 2048, 2048]","[2048, 2048, 2048, 2048, 2048, 2048, 2048, 2048, 2048]",309.0,10_9157
1218,9157,10,35,2023-09-03T14:13:53.220000+00:00,28.318,29.75,28.835,304.0,304.0,False,86.903,"[None, 2048, 2048, 2048, 2048, 2048, 2048, 2048]","[2048, 2048, 2048, 2048, 2048, 2048, 2048]","[2048, 2048, 2048, 2048, 2048, 2048, 2048, 2048, 2048, 2048]",311.0,10_9157
1218,9157,10,36,2023-09-03T14:15:20.266000+00:00,28.373,29.719,28.705,305.0,306.0,False,86.797,"[None, 2048, 2048, 2048, 2048, 2049, 2048, 2048]","[2048, 2048, 2049, 2048, 2048, 2048, 2048]","[2048, 2048, 2048, 2048, 2048, 2048, 2048, 2048, 2048, 2048]",313.0,10_9157
1218,9157,10,37,2023-09-03T14:16:47.031000+00:00,28.27,29.768,28.461,,306.0,False,86.499,"[None, 2048, 2048, 2048, 2048, 2049, 2048, 2048]","[2048, 2048, 2048, 2048, 2048, 2048, 2048]","[2048, 2048, 2048, 2048, 2048, 2048, 2048, 2048, 2049, 2048]",312.0,10_9157
1218,9157,10,38,2023-09-03T14:18:13.483000+00:00,28.251,29.614,28.492,307.0,307.0,False,86.357,"[None, 2048, 2048, 2048, 2048, 2049, 2048, 2048]","[2048, 2048, 2048, 2048, 2048, 2048, 2048]","[2048, 2048, 2049, 2048, 2048, 2048, 2048, 2048, 2048, 2048]",314.0,10_9157
1218,9157,10,39,2023-09-03T14:19:39.920000+00:00,28.411,29.667,28.658,306.0,307.0,False,86.736,"[None, 2048, 2048, 2048, 2048, 2048, 2048, 2048]","[2048, 2048, 2048, 2049, 2049, 2048, 2048]","[2048, 2048, 2048, 2048, 2048, 2048, 2048, 2048, 2048]",312.0,10_9157
1218,9157,10,40,2023-09-03T14:21:06.512000+00:00,28.22,29.656,28.672,,306.0,False,86.548,"[None, 2048, 2048, 2048, 2048, 2048, 2048, 2048]","[2048, 2048, 2049, 2048, 2049, 2048, 2048]","[2048, 2048, 2048, 2048, 2048, 2048, 2048, 2048, 2048]",313.0,10_9157
1218,9157,10,41,2023-09-03T14:22:33.074000+00:00,28.298,29.528,28.52,,308.0,False,86.346,"[None, 2048, 2048, 2048, 2048, 2048, 2048, 2048]","[2048, 2048, 2049, 2048, 2049, 2049, 2048]","[2048, 2048, 2048, 2048, 2048, 2048, 2048, 2048, 2048, 2048]",312.0,10_9157
1218,9157,10,42,2023-09-03T14:23:59.511000+00:00,28.346,29.611,28.468,308.0,308.0,False,86.425,"[None, 2048, 2048, 2048, 2048, 2048, 2048, 2048]","[2048, 2048, 2048, 2048, 2048, 2048, 2048]","[2048, 2049, 2048, 2048, 2048, 2048, 2048, 2048, 2048, 2048]",313.0,10_9157
1218,9157,10,43,2023-09-03T14:25:25.963000+00:00,28.119,29.491,28.311,307.0,310.0,False,85.921,"[None, 2048, 2048, 2048, 2049, 2049, 2048, 2048]","[2048, 2048, 2049, 2049, 2048, 2048, 2048]","[2048, 2049, 2049, 2048, 2048, 2048, 2048, 2048, 2048]",315.0,10_9157
1218,9157,10,44,2023-09-03T14:26:51.884000+00:00,28.058,29.469,28.231,310.0,310.0,False,85.758,"[None, 2048, 2048, 2048, 2049, 2049, 2048, 2048]","[2049, 2048, 2048, 2049, 2048, 2048, 2048]","[2048, 2048, 2049, 2049, 2048, 2048, 2048, 2049, 2049, 2049]",316.0,10_9157
1218,9157,10,45,2023-09-03T14:28:17.601000+00:00,28.079,29.77,28.448,,310.0,False,86.297,"[None, 2048, 2049, 2048, 2048, 2049, 2049, 2048]","[2049, 2048, 2048, 2048, 2048, 2048, 2048]","[2048, 2048, 2048, 2048, 2048, 2048, 2048, 2048, 2048, 2048]",,10_9157
1218,9157,10,46,2023-09-03T14:29:43.897000+00:00,28.121,29.695,28.476,311.0,310.0,False,86.292,"[None, 2048, 2048, 2048, 2048, 2049, 2049, 2048]","[2048, 2048, 2048, 2048, 2048, 2048, 2048]","[2048, 2048, 2048, 2048, 2048, 2048, 2048, 2048, 2048, 2048]",314.0,10_9157
1218,9157,10,47,2023-09-03T14:31:10.162000+00:00,27.984,29.639,28.521,310.0,311.0,False,86.144,"[None, 2048, 2048, 2048, 2049, 2049, 2048, 2048]","[2048, 2048, 2049, 2048, 2048, 2049, 2048]","[2048, 2048, 2048, 2048, 2048, 2048, 2048, 2048, 2048, 2049]",316.0,10_9157
1218,9157,10,48,2023-09-03T14:32:36.630000+00:00,28.078,29.805,28.405,311.0,311.0,False,86.288,"[None, 2048, 2049, 2048, 2048, 2048, 2048, 2048]","[2048, 2048, 2048, 2048, 2048, 2048, 2048]","[2048, 2048, 2048, 2048, 2048, 2048, 2048, 2048, 2048, 2049]",317.0,10_9157
1218,9157,10,49,2023-09-03T14:34:02.691000+00:00,28.05,30.784,29.079,,325.0,False,87.913,"[None, 2048, 2049, 2048, 2048, 2048, 2048, 2048]","[2048, 2048, 2048, 2048, 2048, 2048, 2048]","[2048, 2048, 2048, 2049, 2049, 2048, 2048, 2048, 2048]",322.0,10_9157
1218,9157,10,50,2023-09-03T14:35:30.518000+00:00,28.252,30.016,29.107,307.0,307.0,False,87.375,"[2048, 2048, 2048, 2048, 2048, 2048, 2048, 2048]","[2048, 2048, 2048, 2048, 2048, 2048, 2048]","[2048, 2048, 2048, 2048, 2048, 2048, 2048, 2048, 2048, 2064]",315.0,10_9157
1218,9157,10,52,2023-09-03T14:43:31.982000+00:00,,,,,,False,,,,,,10_9157
1218,9157,11,1,2023-09-03T13:23:22.770000+00:00,30.802,30.555,28.768,329.0,313.0,False,90.125,"[2048, 2049, 2049, 2049, 2049, 2049, 2049, 2049]","[2049, 2049, 2049, 2049, 2049, 2049, 2049]","[2049, 2049, 2049, 2049, 2049, 2051, 2049, 2049, 2049, 2051]",298.0,11_9157
1218,9157,11,2,2023-09-03T13:24:52.894000+00:00,28.473,29.887,28.521,311.0,312.0,False,86.881,"[2049, 2049, 2048, 2049, 2048, 2048, 2048, 2048]","[2049, 2049, 2048, 2049, 2049, 2049, 2048]","[2049, 2049, 2049, 2049, 2048, 2051, 2049, 2048, 2048, 2048]",301.0,11_9157
1218,9157,11,3,2023-09-03T13:26:19.705000+00:00,28.372,29.462,28.309,312.0,326.0,False,86.143,"[2048, 2048, 2049, 2049, 2048, 2048, 2048, 2048]","[2049, 2049, 2049, 2049, 2048, 2049, 2049]","[2049, 2049, 2049, 2049, 2049, 2051, 2049, 2048, 2048]",308.0,11_9157
1218,9157,11,4,2023-09-03T13:27:45.876000+00:00,28.308,29.522,28.189,313.0,335.0,False,86.019,"[2049, 2049, 2048, 2048, 2048, 2048, 2048, 2048]","[2048, 2048, 2048, 2048, 2048, 2049, 2049]","[2051, 2048, 2049, 2049, 2049, 2051, 2048, 2048, 2049, 2049]",,11_9157
1218,9157,11,5,2023-09-03T13:29:11.922000+00:00,28.33,29.673,28.351,309.0,325.0,False,86.354,"[None, 2049, 2049, 2048, 2048, 2048, 2048, 2048]","[2048, 2048, 2049, 2048, 2048, 2048, 2048]","[2048, 2049, 2049, 2049, 2048, 2048, 2048, 2048, 2048, 2048]",340.0,11_9157
1218,9157,11,6,2023-09-03T13:30:38.281000+00:00,28.327,29.863,28.275,308.0,321.0,False,86.465,"[2048, 2048, 2048, 2048, 2048, 2048, 2048, 2048]","[2048, 2048, 2048, 2048, 2048, 2048, 2048]","[2048, 2048, 2049, 2048, 2049, 2051, 2048, 2048, 2048]",317.0,11_9157
1218,9157,11,7,2023-09-03T13:32:04.733000+00:00,28.288,29.798,28.247,,322.0,False,86.333,"[None, 2048, 2048, 2048, 2048, 2048, 2048, 2048]","[2048, 2048, 2048, 2048, 2048, 2048, 2048]","[2048, 2048, 2048, 2048, 2049, 2051, 2048, 2048, 2048, 2048]",319.0,11_9157
1218,9157,11,8,2023-09-03T13:33:31.091000+00:00,28.038,30.154,28.695,314.0,324.0,False,86.887,"[2049, 2049, 2049, 2048, 2048, 2049, 2048, 2048]","[2048, 2048, 2048, 2048, 2048, 2048, 2048]","[2048, 2048, 2049, 2049, 2049, 2051, 2048, 2048, 2048, 2048]",340.0,11_9157
1218,9157,11,9,2023-09-03T13:34:58.059000+00:00,28.437,29.838,28.289,309.0,319.0,False,86.564,"[2048, 2048, 2048, 2048, 2048, 2048, 2048, 2048]","[2048, 2048, 2048, 2048, 2048, 2048, 2048]","[2048, 2049, 2048, 2048, 2048, 2048, 2048, 2048, 2048, 2048]",313.0,11_9157
1218,9157,11,10,2023-09-03T13:36:24.527000+00:00,28.302,29.828,28.324,312.0,334.0,False,86.454,"[None, 2048, 2048, 2048, 2048, 2048, 2048, 2048]","[2048, 2048, 2048, 2048, 2048, 2048, 2048]","[2048, 2048, 2048, 2048, 2048, 2048, 2048, 2048, 2049, 2048]",315.0,11_9157
1218,9157,11,11,2023-09-03T13:37:50.948000+00:00,28.223,30.258,28.764,325.0,324.0,False,87.245,"[None, 2048, 2049, 2048, 2048, 2048, 2048, 2048]","[2048, 2048, 2048, 2048, 2048, 2048, 2048]","[2048, 2048, 2049, 2049, 2049, 2048, 2048, 2048, 2048]",349.0,11_9157
1218,9157,11,12,2023-09-03T13:39:18.244000+00:00,28.362,30.211,28.395,309.0,320.0,False,86.968,"[None, 2048, 2048, 2048, 2048, 2048, 2048, 2048]","[2048, 2048, 2048, 2048, 2048, 2048, 2048]","[2048, 2048, 2048, 2048, 2048, 2048, 2048, 2048, 2051]",345.0,11_9157
1218,9157,11,13,2023-09-03T13:40:45.211000+00:00,28.52,30.253,28.241,308.0,319.0,False,87.014,"[None, 2048, 2048, 2048, 2048, 2048, 2048, 2048]","[2048, 2048, 2048, 2048, 2048, 2048, 2048]","[2048, 2048, 2049, 2049, 2049, 2048, 2048, 2048, 2048, 2048]",316.0,11_9157
1218,9157,11,14,2023-09-03T13:42:12.226000+00:00,28.229,30.757,28.465,296.0,322.0,False,87.451,"[None, 2048, 2051, 2051, 2048, 2048, 2048, 2048]","[2048, 2048, 2048, 2048, 2048, 2048, 2048]","[2048, 2048, 2048, 2048, 2048, 2048, 2048, 2048, 2048, 2048]",350.0,11_9157
1218,9157,11,15,2023-09-03T13:43:39.663000+00:00,28.425,30.127,28.227,312.0,322.0,False,86.779,"[None, 2048, 2048, 2048, 2048, 2048, 2048, 2048]","[2048, 2048, 2048, 2048, 2048, 2048, 2048]","[2048, 2048, 2048, 2048, 2048, 2048, 2048, 2048, 2048, 2049]",307.0,11_9157
1218,9157,11,16,2023-09-03T13:45:06.427000+00:00,28.121,30.458,28.244,322.0,306.0,False,86.823,"[2049, 2048, 2048, 2048, 2048, 2048, 2048, 2048]","[2048, 2048, 2048, 2048, 2048, 2048, 2048]","[2048, 2049, 2048, 2048, 2048, 2048, 2049, 2048, 2048, 2048]",341.0,11_9157
1218,9157,11,17,2023-09-03T13:46:33.145000+00:00,28.691,30.102,28.218,312.0,310.0,False,87.011,"[2048, 2048, 2048, 2048, 2048, 2048, 2048, 2048]","[2049, 2048, 2048, 2048, 2048, 2048, 2048]","[2048, 2049, 2048, 2048, 2048, 2048, 2049, 2048, 2048, 2048]",299.0,11_9157
1218,9157,11,18,2023-09-03T13:48:00.378000+00:00,28.397,29.981,28.387,314.0,312.0,False,86.765,"[None, 2048, 2048, 2048, 2048, 2048, 2048, 2048]","[2048, 2048, 2049, 2048, 2048, 2048, 2048]","[2048, 2048, 2048, 2048, 2048, 2048, 2048, 2048, 2048, 2048]",314.0,11_9157
1218,9157,11,19,2023-09-03T13:49:27.034000+00:00,28.381,29.943,28.345,,316.0,False,86.669,"[None, 2048, 2048, 2048, 2048, 2048, 2048, 2048]","[2049, 2048, 2048, 2048, 2048, 2048, 2048]","[2048, 2048, 2049, 2048, 2048, 2048, 2048, 2048, 2048]",315.0,11_9157
1218,9157,11,20,2023-09-03T13:50:53.611000+00:00,28.174,29.896,28.439,316.0,327.0,False,86.509,"[None, 2048, 2048, 2048, 2048, 2048, 2048, 2048]","[2048, 2048, 2048, 2048, 2048, 2048, 2048]","[2048, 2048, 2048, 2048, 2048, 2048, 2048, 2048, 2048]",327.0,11_9157
1218,9157,11,21,2023-09-03T13:52:20.110000+00:00,28.368,30.014,32.552,311.0,310.0,False,90.934,"[None, 2048, 2048, 2048, 2048, 2048, 2048, 2048]","[2048, 2048, 2048, 2048, 2048, 2048, 2048]","[2048, 2048, 2048, 2048, 2048, 2048, 2048, 2048, 2048, 2064]",320.0,11_9157
1218,9157,11,22,2023-09-03T13:53:51.062000+00:00,47.765,29.377,28.086,315.0,328.0,True,105.228,"[2064, 2064, 2048, 2048, 2048, 2048, 2048, 2048]","[2048, 2048, 2049, 2049, 2049, 2049, 2048]","[2048, 2048, 2049, 2048, 2048, 2048, 2048, 2049, 2048, 2048]",281.0,11_9157
1218,9157,11,23,2023-09-03T13:55:36.420000+00:00,28.146,29.392,28.026,313.0,327.0,False,85.564,"[2048, 2048, 2048, 2048, 2048, 2048, 2048, 2048]","[2048, 2048, 2048, 2048, 2049, 2048, 2048]","[2048, 2048, 2048, 2048, 2048, 2048, 2049, 2049, 2048]",318.0,11_9157
1218,9157,11,24,2023-09-03T13:57:01.857000+00:00,28.041,29.399,28.319,315.0,336.0,False,85.759,"[None, 2048, 2048, 2048, 2048, 2048, 2048, 2048]","[2048, 2048, 2048, 2048, 2048, 2048, 2049]","[2048, 2048, 2048, 2048, 2048, 2048, 2048, 2049, 2049]",330.0,11_9157
1218,9157,11,25,2023-09-03T13:58:27.653000+00:00,28.403,29.587,28.015,321.0,326.0,False,86.005,"[2049, 2049, 2048, 2048, 2048, 2048, 2048, 2048]","[2048, 2048, 2048, 2048, 2049, 2051, 2048]","[2048, 2048, 2048, 2048, 2048, 2048, 2048, 2051, 2049, 2048]",338.0,11_9157
1218,9157,11,26,2023-09-03T13:59:53.792000+00:00,28.196,29.713,27.975,313.0,327.0,False,85.884,"[None, 2051, 2048, 2048, 2048, 2049, 2048, 2048]","[2048, 2048, 2048, 2049, 2048, 2048, 2048]","[2048, 2048, 2048, 2049, 2049, 2051, 2048, 2048, 2048, 2048]",344.0,11_9157
1218,9157,11,27,2023-09-03T14:01:19.604000+00:00,28.286,29.542,28.628,310.0,330.0,False,86.456,"[2048, 2048, 2048, 2048, 2048, 2048, 2048, 2048]","[2048, 2048, 2048, 2048, 2048, 2048, 2048]","[2048, 2048, 2048, 2049, 2049, 2048, 2048, 2048, 2048]",312.0,11_9157
1218,9157,11,28,2023-09-03T14:02:45.931000+00:00,28.034,29.58,27.97,312.0,327.0,False,85.584,"[None, 2048, 2048, 2048, 2048, 2048, 2048, 2048]","[2048, 2048, 2048, 2048, 2048, 2048, 2048]","[2048, 2048, 2048, 2048, 2048, 2048, 2048, 2048, 2048, 2048]",325.0,11_9157
1218,9157,11,29,2023-09-03T14:04:11.664000+00:00,28.122,29.489,27.995,313.0,330.0,False,85.606,"[None, 2048, 2048, 2048, 2048, 2048, 2048, 2048]","[2048, 2048, 2048, 2048, 2048, 2051, 2048]","[2048, 2048, 2049, 2049, 2048, 2051, 2049, 2048, 2048, 2048]",328.0,11_9157
1218,9157,11,30,2023-09-03T14:05:37.210000+00:00,28.101,29.752,27.904,314.0,324.0,False,85.757,"[None, 2048, 2048, 2048, 2048, 2049, 2048, 2048]","[2048, 2048, 2048, 2048, 2048, 2048, 2048]","[2048, 2048, 2048, 2048, 2048, 2048, 2051, 2051, 2048, 2049]",354.0,11_9157
1218,9157,11,31,2023-09-03T14:07:03.006000+00:00,27.825,30.328,28.262,322.0,324.0,False,86.415,"[None, 2048, 2048, 2048, 2051, 2049, 2048, 2048]","[2048, 2048, 2048, 2048, 2048, 2048, 2048]","[2048, 2048, 2048, 2048, 2048, 2048, 2048, 2048, 2051, 2049]",351.0,11_9157
1218,9157,11,32,2023-09-03T14:08:29.412000+00:00,28.166,29.868,27.846,308.0,308.0,False,85.88,"[2051, 2048, 2048, 2048, 2048, 2048, 2048, 2048]","[2048, 2048, 2048, 2048, 2048, 2048, 2048]","[2048, 2049, 2048, 2048, 2048, 2048, 2051, 2048, 2048]",331.0,11_9157
1218,9157,11,33,2023-09-03T14:09:55.176000+00:00,28.422,29.703,27.895,310.0,309.0,False,86.02,"[2048, 2048, 2048, 2048, 2048, 2048, 2048, 2048]","[2048, 2048, 2048, 2048, 2048, 2048, 2048]","[2048, 2049, 2048, 2048, 2048, 2048, 2048, 2048, 2048, 2048]",306.0,11_9157
1218,9157,11,34,2023-09-03T14:11:21.332000+00:00,28.323,29.676,27.949,309.0,314.0,False,85.948,"[None, 2048, 2048, 2048, 2048, 2048, 2048, 2048]","[2048, 2048, 2048, 2048, 2048, 2048, 2048]","[2048, 2049, 2049, 2048, 2048, 2048, 2048, 2048, 2048]",308.0,11_9157
1218,9157,11,35,2023-09-03T14:12:47.268000+00:00,28.18,29.513,27.958,314.0,314.0,False,85.651,"[None, 2048, 2048, 2048, 2048, 2048, 2048, 2048]","[2048, 2048, 2049, 2048, 2048, 2048, 2048]","[2048, 2048, 2048, 2048, 2048, 2048, 2048, 2048, 2048]",313.0,11_9157
1218,9157,11,36,2023-09-03T14:14:12.892000+00:00,28.192,29.54,27.895,313.0,314.0,False,85.627,"[None, 2048, 2048, 2048, 2048, 2048, 2048, 2048]","[2048, 2048, 2049, 2048, 2048, 2048, 2048]","[2048, 2048, 2049, 2048, 2048, 2048, 2048, 2048, 2048, 2048]",318.0,11_9157
1218,9157,11,37,2023-09-03T14:15:38.532000+00:00,28.168,29.619,27.97,315.0,314.0,False,85.757,"[None, 2048, 2048, 2048, 2048, 2048, 2048, 2048]","[2048, 2048, 2049, 2048, 2048, 2048, 2048]","[2048, 2048, 2048, 2048, 2048, 2048, 2048, 2048, 2048]",316.0,11_9157
1218,9157,11,38,2023-09-03T14:17:04.265000+00:00,28.047,29.518,28.019,316.0,315.0,False,85.584,"[None, 2048, 2048, 2048, 2048, 2048, 2048, 2048]","[2049, 2048, 2048, 2048, 2048, 2048, 2048]","[2048, 2048, 2049, 2048, 2048, 2048, 2048, 2048, 2048]",,11_9157
1218,9157,11,39,2023-09-03T14:18:29.874000+00:00,28.005,29.53,27.987,326.0,316.0,False,85.522,"[None, 2048, 2048, 2048, 2048, 2048, 2048, 2048]","[2048, 2048, 2049, 2048, 2048, 2048, 2048]","[2048, 2048, 2049, 2049, 2048, 2048, 2048, 2048, 2048]",320.0,11_9157
1218,9157,11,40,2023-09-03T14:19:55.373000+00:00,28.096,29.591,27.939,314.0,330.0,False,85.626,"[None, 2048, 2048, 2048, 2048, 2048, 2048, 2048]","[2048, 2048, 2048, 2048, 2048, 2048, 2048]","[2048, 2048, 2048, 2048, 2048, 2048, 2048, 2048, 2049, 2048]",323.0,11_9157
1218,9157,11,41,2023-09-03T14:21:20.981000+00:00,28.078,30.539,28.102,330.0,324.0,False,86.719,"[None, 2048, 2048, 2048, 2048, 2048, 2048, 2049]","[2048, 2048, 2048, 2048, 2048, 2048, 2048]","[2048, 2048, 2049, 2048, 2048, 2048, 2048, 2048, 2048, 2048]",347.0,11_9157
1218,9157,11,42,2023-09-03T14:22:47.699000+00:00,28.121,30.276,28.142,322.0,326.0,False,86.539,"[None, 2048, 2048, 2048, 2048, 2048, 2048, 2048]","[2048, 2048, 2048, 2048, 2048, 2048, 2048]","[2048, 2048, 2048, 2048, 2048, 2048, 2048, 2048, 2048, 2048]",329.0,11_9157
1218,9157,11,43,2023-09-03T14:24:14.307000+00:00,28.249,30.205,28.17,316.0,326.0,False,86.624,"[None, 2048, 2048, 2048, 2048, 2048, 2048, 2048]","[2048, 2048, 2048, 2048, 2048, 2048, 2048]","[2048, 2048, 2048, 2048, 2048, 2048, 2048, 2048, 2048]",320.0,11_9157
1218,9157,11,44,2023-09-03T14:25:40.931000+00:00,28.396,29.943,27.99,314.0,325.0,False,86.329,"[None, 2048, 2048, 2048, 2048, 2048, 2048, 2048]","[2048, 2048, 2048, 2048, 2048, 2048, 2048]","[2048, 2048, 2048, 2048, 2048, 2048, 2048, 2048, 2048, 2048]",316.0,11_9157
1218,9157,11,45,2023-09-03T14:27:07.243000+00:00,28.094,30.365,28.114,298.0,326.0,False,86.573,"[None, 2048, 2048, 2051, 2048, 2048, 2048, 2048]","[2048, 2048, 2048, 2048, 2048, 2048, 2048]","[2048, 2048, 2049, 2049, 2048, 2048, 2048, 2048, 2051, 2049]",348.0,11_9157
1218,9157,11,46,2023-09-03T14:28:33.851000+00:00,27.932,29.663,28.003,316.0,315.0,False,85.598,"[2049, 2048, 2048, 2048, 2048, 2048, 2048, 2048]","[2048, 2048, 2048, 2048, 2048, 2048, 2048]","[2048, 2048, 2048, 2048, 2048, 2048, 2048, 2048, 2048, 2048]",340.0,11_9157
1218,9157,11,47,2023-09-03T14:29:59.335000+00:00,28.289,29.768,28.419,315.0,315.0,False,86.476,"[2048, 2048, 2048, 2048, 2048, 2048, 2048, 2048]","[2048, 2048, 2048, 2048, 2048, 2048, 2048]","[2048, 2048, 2048, 2048, 2048, 2048, 2048, 2048, 2048, 2048]",314.0,11_9157
1218,9157,11,48,2023-09-03T14:31:25.974000+00:00,28.253,29.659,28.196,316.0,316.0,False,86.108,"[None, 2048, 2048, 2048, 2048, 2048, 2048, 2048]","[2049, 2048, 2048, 2048, 2048, 2048, 2048]","[2048, 2048, 2048, 2048, 2048, 2048, 2048, 2048, 2048]",317.0,11_9157
1218,9157,11,49,2023-09-03T14:32:51.973000+00:00,28.272,29.563,28.171,314.0,315.0,False,86.006,"[None, 2048, 2048, 2048, 2048, 2048, 2048, 2048]","[2048, 2048, 2048, 2048, 2048, 2048, 2048]","[2048, 2048, 2048, 2048, 2048, 2048, 2048, 2048, 2048]",312.0,11_9157
1218,9157,11,50,2023-09-03T14:34:18.004000+00:00,28.257,29.905,28.223,315.0,314.0,False,86.385,"[None, 2048, 2048, 2048, 2048, 2048, 2048, 2048]","[2048, 2048, 2048, 2048, 2048, 2048, 2048]","[2048, 2048, 2048, 2048, 2048, 2048, 2048, 2048, 2048, 2048]",315.0,11_9157
1218,9157,11,51,2023-09-03T14:35:44.378000+00:00,28.247,29.516,28.14,316.0,315.0,False,85.903,"[None, 2048, 2048, 2048, 2048, 2048, 2048, 2048]","[2048, 2048, 2048, 2048, 2048, 2048, 2048]","[2048, 2048, 2048, 2048, 2048, 2048, 2048, 2048, 2048, 2064]",311.0,11_9157
1218,9157,11,52,2023-09-03T14:43:31.982000+00:00,,,,,,False,,,,,,11_9157
1218,9157,14,1,2023-09-03T13:23:22.770000+00:00,32.276,32.049,29.284,326.0,310.0,False,93.609,"[2048, 2049, 2049, 2049, 2049, 2049, 2049, 2049]","[2049, 2049, 2049, 2049, 2049, 2049, 2049]","[2049, 2049, 2049, 2049, 2049, 2049, 2049, 2049, 2049, 2049]",258.0,14_9157
1218,9157,14,2,2023-09-03T13:24:56.378000+00:00,28.525,30.38,29.107,311.0,311.0,False,88.012,"[2049, 2049, 2049, 2049, 2049, 2049, 2049, 2048]","[2049, 2049, 2049, 2049, 2049, 2049, 2049]","[2049, 2049, 2048, 2049, 2049, 2048, 2049, 2048, 2048, 2049]",316.0,14_9157
1218,9157,14,3,2023-09-03T13:26:24.487000+00:00,28.514,30.136,28.896,,328.0,False,87.546,"[None, 2049, 2049, 2048, 2048, 2049, 2049, 2048]","[2049, 2049, 2049, 2048, 2049, 2049, 2049]","[2051, 2049, 2048, 2048, 2048, 2049, 2049, 2048, 2048]",312.0,14_9157
1218,9157,14,4,2023-09-03T13:27:51.954000+00:00,28.2,30.095,28.926,315.0,329.0,False,87.221,"[None, 2049, 2049, 2049, 2048, 2048, 2049, 2048]","[2049, 2048, 2049, 2048, 2049, 2048, 2049]","[2048, 2048, 2048, 2049, 2049, 2049, 2049, 2048, 2048]",325.0,14_9157
1218,9157,14,5,2023-09-03T13:29:19.203000+00:00,28.03,30.158,28.845,317.0,329.0,False,87.033,"[None, 2049, 2049, 2049, 2048, 2048, 2048, 2048]","[2048, 2048, 2049, 2048, 2048, 2048, 2048]","[2048, 2049, 2049, 2049, 2049, 2048, 2048, 2048, 2048]",339.0,14_9157
1218,9157,14,6,2023-09-03T13:30:46.202000+00:00,28.048,30.18,28.947,318.0,326.0,False,87.175,"[2048, 2048, 2049, 2048, 2048, 2048, 2049, 2048]","[2048, 2048, 2048, 2048, 2048, 2048, 2048]","[2048, 2048, 2048, 2048, 2049, 2048, 2048, 2048, 2048, 2048]",334.0,14_9157
1218,9157,14,7,2023-09-03T13:32:13.498000+00:00,28.135,29.944,28.85,317.0,328.0,False,86.929,"[None, 2048, 2048, 2049, 2048, 2048, 2048, 2048]","[2049, 2048, 2048, 2049, 2049, 2049, 2048]","[2048, 2048, 2049, 2049, 2049, 2048, 2048, 2048, 2049]",326.0,14_9157
1218,9157,14,8,2023-09-03T13:33:40.294000+00:00,27.89,30.205,28.848,313.0,312.0,False,86.943,"[2049, 2049, 2051, 2049, 2048, 2048, 2048, 2048]","[2049, 2048, 2048, 2048, 2048, 2048, 2048]","[2048, 2049, 2048, 2048, 2048, 2049, 2048, 2048, 2048]",351.0,14_9157
1218,9157,14,9,2023-09-03T13:35:07.168000+00:00,28.364,30.033,28.986,,311.0,False,87.383,"[2048, 2048, 2048, 2048, 2048, 2048, 2048, 2048]","[2049, 2049, 2049, 2048, 2048, 2048, 2048]","[2048, 2048, 2048, 2048, 2048, 2048, 2048, 2048, 2048, 2048]",317.0,14_9157
1218,9157,14,10,2023-09-03T13:36:34.652000+00:00,28.289,30.065,29.014,315.0,312.0,False,87.368,"[None, 2048, 2048, 2048, 2048, 2048, 2048, 2048]","[2049, 2049, 2049, 2048, 2048, 2048, 2048]","[2048, 2048, 2048, 2048, 2048, 2049, 2048, 2048, 2048]",323.0,14_9157
1218,9157,14,11,2023-09-03T13:38:01.994000+00:00,28.23,30.106,29.007,317.0,314.0,False,87.343,"[None, 2048, 2048, 2049, 2048, 2048, 2048, 2048]","[2048, 2048, 2049, 2049, 2048, 2048, 2048]","[2048, 2048, 2048, 2048, 2048, 2048, 2048, 2048, 2048, 2048]",316.0,14_9157
1218,9157,14,12,2023-09-03T13:39:29.322000+00:00,28.344,30.153,28.842,314.0,314.0,False,87.339,"[None, 2048, 2048, 2049, 2048, 2048, 2048, 2048]","[2048, 2048, 2048, 2048, 2048, 2048, 2048]","[2048, 2049, 2048, 2048, 2048, 2048, 2048, 2048, 2048]",314.0,14_9157
1218,9157,14,13,2023-09-03T13:40:56.711000+00:00,28.219,30.16,28.779,,314.0,False,87.158,"[None, 2048, 2048, 2049, 2048, 2048, 2048, 2048]","[2048, 2048, 2049, 2048, 2048, 2048, 2048]","[2048, 2048, 2048, 2048, 2048, 2049, 2048, 2048, 2048]",321.0,14_9157
1218,9157,14,14,2023-09-03T13:42:23.898000+00:00,28.743,30.141,28.723,315.0,312.0,False,87.607,"[None, 2048, 2048, 2048, 2048, 2048, 2048, 2048]","[2048, 2048, 2049, 2048, 2048, 2048, 2048]","[2048, 2049, 2048, 2048, 2048, 2048, 2049, 2048, 2048]",323.0,14_9157
1218,9157,14,15,2023-09-03T13:43:51.459000+00:00,28.12,30.043,28.766,318.0,316.0,False,86.929,"[None, 2048, 2048, 2049, 2048, 2048, 2048, 2048]","[2049, 2048, 2049, 2048, 2048, 2048, 2048]","[2048, 2048, 2048, 2048, 2048, 2048, 2048, 2048, 2048, 2048]",325.0,14_9157
1218,9157,14,16,2023-09-03T13:45:18.380000+00:00,28.235,30.255,28.674,316.0,312.0,False,87.164,"[None, 2048, 2048, 2048, 2048, 2048, 2048, 2048]","[2048, 2048, 2048, 2048, 2048, 2048, 2048]","[2048, 2048, 2048, 2048, 2048, 2048, 2048, 2048, 2048]",323.0,14_9157
1218,9157,14,17,2023-09-03T13:46:45.504000+00:00,28.169,30.151,28.836,317.0,312.0,False,87.156,"[None, 2048, 2048, 2048, 2048, 2048, 2049, 2048]","[2048, 2048, 2048, 2048, 2048, 2048, 2048]","[2048, 2048, 2048, 2048, 2048, 2048, 2049, 2048, 2048, 2048]",,14_9157
1218,9157,14,18,2023-09-03T13:48:12.738000+00:00,28.21,30.324,28.741,319.0,315.0,False,87.275,"[None, 2048, 2048, 2048, 2048, 2049, 2048, 2048]","[2048, 2048, 2048, 2048, 2048, 2048, 2048]","[2048, 2048, 2048, 2048, 2048, 2049, 2048, 2048, 2048, 2048]",325.0,14_9157
1218,9157,14,19,2023-09-03T13:49:39.987000+00:00,28.251,30.267,28.8,318.0,316.0,False,87.318,"[None, 2048, 2048, 2048, 2048, 2048, 2048, 2048]","[2048, 2048, 2049, 2048, 2048, 2048, 2048]","[2048, 2048, 2049, 2048, 2048, 2048, 2048, 2048, 2048, 2048]",326.0,14_9157
1218,9157,14,20,2023-09-03T13:51:07.283000+00:00,28.303,31.004,28.977,317.0,316.0,False,88.284,"[None, 2048, 2048, 2048, 2048, 2048, 2048, 2048]","[2048, 2048, 2048, 2048, 2048, 2048, 2048]","[2048, 2048, 2048, 2048, 2048, 2048, 2048, 2048, 2048]",327.0,14_9157
1218,9157,14,21,2023-09-03T13:52:35.516000+00:00,28.267,30.526,33.584,318.0,316.0,False,92.377,"[None, 2048, 2048, 2048, 2048, 2048, 2048, 2048]","[2048, 2048, 2048, 2048, 2048, 2048, 2048]","[2048, 2048, 2048, 2048, 2048, 2048, 2048, 2048, 2048, 2064]",324.0,14_9157
1218,9157,14,22,2023-09-03T13:54:07.827000+00:00,48.485,30.233,28.554,317.0,305.0,True,107.272,"[2064, 2064, 2048, 2048, 2048, 2048, 2048, 2048]","[2048, 2048, 2048, 2048, 2048, 2048, 2048]","[2048, 2049, 2048, 2048, 2048, 2048, 2049, 2049, 2048, 0]",281.0,14_9157
1218,9157,14,23,2023-09-03T13:55:55.232000+00:00,28.229,29.832,28.788,314.0,309.0,False,86.849,"[2048, 2048, 2048, 2048, 2048, 2048, 2048, 2048]","[2048, 2049, 2048, 2049, 2049, 2048, 2048]","[2048, 2048, 2049, 2048, 2048, 2048, 2048, 2048, 2048]",316.0,14_9157
1218,9157,14,24,2023-09-03T13:57:22.107000+00:00,28.24,30.006,28.703,311.0,312.0,False,86.949,"[None, 2048, 2048, 2048, 2048, 2049, 2048, 2048]","[2048, 2048, 2049, 2048, 2048, 2048, 2048]","[2048, 2048, 2048, 2048, 2048, 2048, 2049, 2048, 2049]",309.0,14_9157
1218,9157,14,25,2023-09-03T13:58:48.949000+00:00,28.139,30.044,28.716,314.0,312.0,False,86.899,"[None, 2048, 2048, 2048, 2048, 2049, 2048, 2048]","[2048, 2048, 2048, 2048, 2048, 2048, 2048]","[2048, 2048, 2048, 2048, 2048, 2048, 2048, 2048, 2048]",314.0,14_9157
1218,9157,14,26,2023-09-03T14:00:15.964000+00:00,28.194,29.885,28.713,315.0,313.0,False,86.792,"[None, 2048, 2048, 2048, 2048, 2048, 2048, 2048]","[2048, 2048, 2048, 2049, 2048, 2048, 2048]","[2048, 2048, 2048, 2048, 2048, 2048, 2048, 2048, 2048]",316.0,14_9157
1218,9157,14,27,2023-09-03T14:01:42.635000+00:00,28.132,29.838,28.696,314.0,314.0,False,86.666,"[None, 2048, 2048, 2049, 2048, 2048, 2049, 2048]","[2048, 2048, 2048, 2048, 2048, 2048, 2048]","[2048, 2048, 2049, 2048, 2048, 2048, 2048, 2048, 2048, 2048]",321.0,14_9157
1218,9157,14,28,2023-09-03T14:03:09.446000+00:00,28.121,29.958,28.644,316.0,314.0,False,86.723,"[None, 2048, 2048, 2048, 2048, 2048, 2049, 2048]","[2048, 2048, 2048, 2048, 2048, 2048, 2048]","[2048, 2048, 2048, 2048, 2048, 2048, 2048, 2048, 2048]",322.0,14_9157
1218,9157,14,29,2023-09-03T14:04:36.039000+00:00,28.249,30.04,28.708,320.0,327.0,False,86.997,"[None, 2048, 2048, 2048, 2049, 2049, 2049, 2048]","[2048, 2048, 2048, 2048, 2048, 2048, 2048]","[2048, 2048, 2049, 2049, 2048, 2048, 2048, 2048, 2048]",325.0,14_9157
1218,9157,14,30,2023-09-03T14:06:03.132000+00:00,28.315,29.961,28.639,319.0,317.0,False,86.915,"[None, 2048, 2048, 2048, 2048, 2048, 2048, 2048]","[2048, 2048, 2048, 2048, 2048, 2048, 2048]","[2048, 2048, 2048, 2048, 2048, 2048, 2048, 2048, 2048, 2048]",316.0,14_9157
1218,9157,14,31,2023-09-03T14:07:30.022000+00:00,28.145,30.095,28.608,315.0,314.0,False,86.848,"[None, 2048, 2048, 2048, 2048, 2048, 2048, 2048]","[2048, 2048, 2048, 2048, 2048, 2048, 2048]","[2048, 2048, 2048, 2048, 2048, 2048, 2048, 2048, 2048]",326.0,14_9157
1218,9157,14,32,2023-09-03T14:08:56.880000+00:00,28.219,29.93,28.598,317.0,314.0,False,86.747,"[None, 2048, 2048, 2048, 2048, 2048, 2048, 2048]","[2048, 2048, 2048, 2048, 2048, 2048, 2048]","[2048, 2048, 2048, 2048, 2048, 2048, 2049, 2048, 2048]",320.0,14_9157
1218,9157,14,33,2023-09-03T14:10:23.613000+00:00,28.316,29.842,28.611,316.0,314.0,False,86.769,"[None, 2048, 2048, 2048, 2048, 2048, 2048, 2048]","[2048, 2048, 2048, 2049, 2048, 2048, 2048]","[2048, 2048, 2048, 2048, 2048, 2049, 2048, 2048, 2049, 2048]",318.0,14_9157
1218,9157,14,34,2023-09-03T14:11:50.409000+00:00,28.146,29.905,28.512,315.0,314.0,False,86.563,"[None, 2048, 2048, 2048, 2048, 2048, 2048, 2048]","[2048, 2048, 2048, 2048, 2048, 2048, 2048]","[2048, 2048, 2048, 2048, 2048, 2048, 2048, 2048, 2048, 2048]",321.0,14_9157
1218,9157,14,35,2023-09-03T14:13:17.002000+00:00,28.068,29.929,28.52,,313.0,False,86.517,"[None, 2048, 2048, 2048, 2048, 2048, 2048, 2048]","[2048, 2048, 2049, 2048, 2048, 2048, 2048]","[2048, 2048, 2049, 2048, 2048, 2048, 2048, 2048, 2048]",325.0,14_9157
1218,9157,14,36,2023-09-03T14:14:43.485000+00:00,28.152,29.967,28.338,,313.0,False,86.457,"[None, 2048, 2048, 2048, 2048, 2048, 2048, 2048]","[2048, 2048, 2048, 2048, 2048, 2048, 2048]","[2048, 2048, 2049, 2048, 2048, 2048, 2049, 2048, 2048]",322.0,14_9157
1218,9157,14,37,2023-09-03T14:16:09.906000+00:00,28.147,29.835,28.398,316.0,314.0,False,86.38,"[None, 2048, 2048, 2048, 2048, 2048, 2048, 2048]","[2048, 2048, 2051, 2048, 2048, 2048, 2048]","[2048, 2048, 2048, 2048, 2048, 2048, 2049, 2048, 2048, 2048]",324.0,14_9157
1218,9157,14,38,2023-09-03T14:17:36.374000+00:00,28.039,29.984,28.551,317.0,315.0,False,86.574,"[None, 2048, 2048, 2048, 2048, 2048, 2048, 2048]","[2048, 2048, 2048, 2048, 2048, 2048, 2048]","[2049, 2048, 2048, 2048, 2048, 2049, 2048, 2048, 2048]",321.0,14_9157
1218,9157,14,39,2023-09-03T14:19:02.936000+00:00,28.156,30.082,28.469,,314.0,False,86.707,"[None, 2048, 2048, 2048, 2048, 2048, 2048, 2048]","[2048, 2048, 2048, 2048, 2048, 2048, 2048]","[2048, 2048, 2048, 2048, 2048, 2048, 2048, 2048, 2048, 2048]",,14_9157
1218,9157,14,40,2023-09-03T14:20:29.607000+00:00,28.187,29.957,28.466,,314.0,False,86.61,"[None, 2048, 2048, 2048, 2048, 2048, 2048, 2048]","[2048, 2048, 2048, 2048, 2048, 2048, 2048]","[2048, 2048, 2048, 2048, 2048, 2048, 2048, 2048, 2048, 2048]",319.0,14_9157
1218,9157,14,41,2023-09-03T14:21:56.184000+00:00,28.084,30.125,28.606,316.0,316.0,False,86.815,"[None, 2048, 2048, 2048, 2048, 2048, 2048, 2048]","[2048, 2048, 2048, 2048, 2048, 2048, 2048]","[2048, 2048, 2048, 2048, 2048, 2048, 2048, 2048, 2049]",325.0,14_9157
1218,9157,14,42,2023-09-03T14:23:22.995000+00:00,28.072,29.934,28.397,317.0,315.0,False,86.403,"[None, 2048, 2048, 2048, 2048, 2048, 2048, 2048]","[2048, 2048, 2051, 2048, 2048, 2048, 2048]","[2048, 2048, 2048, 2048, 2048, 2048, 2048, 2048, 2049, 2048]",320.0,14_9157
1218,9157,14,43,2023-09-03T14:24:49.416000+00:00,28.036,29.833,28.236,,314.0,False,86.105,"[None, 2048, 2048, 2048, 2048, 2048, 2048, 2048]","[2048, 2048, 2048, 2048, 2048, 2048, 2048]","[2048, 2049, 2049, 2048, 2048, 2048, 2049, 2048, 2048, 2048]",326.0,14_9157
1218,9157,14,44,2023-09-03T14:26:15.571000+00:00,28.025,29.868,28.262,318.0,315.0,False,86.155,"[None, 2048, 2048, 2048, 2048, 2048, 2048, 2048]","[2048, 2048, 2048, 2048, 2048, 2048, 2048]","[2048, 2049, 2049, 2048, 2048, 2048, 2048, 2048, 2049]",322.0,14_9157
1218,9157,14,45,2023-09-03T14:27:41.680000+00:00,28.023,29.92,28.334,320.0,318.0,False,86.277,"[None, 2048, 2048, 2048, 2048, 2048, 2048, 2049]","[2048, 2048, 2048, 2048, 2048, 2048, 2048]","[2049, 2048, 2049, 2049, 2048, 2048, 2048, 2048, 2048, 2048]",,14_9157
1218,9157,14,46,2023-09-03T14:29:07.945000+00:00,28.069,30.096,28.288,,317.0,False,86.453,"[None, 2048, 2048, 2048, 2048, 2048, 2048, 2049]","[2048, 2048, 2048, 2048, 2048, 2048, 2048]","[2048, 2048, 2048, 2048, 2048, 2048, 2048, 2048, 2048, 2048]",326.0,14_9157
1218,9157,14,47,2023-09-03T14:30:34.397000+00:00,27.97,30.321,28.621,321.0,329.0,False,86.912,"[None, 2048, 2048, 2048, 2048, 2048, 2048, 2049]","[2048, 2048, 2048, 2048, 2048, 2049, 2049]","[2049, 2048, 2048, 2049, 2048, 2048, 2048, 2049, 2049]",324.0,14_9157
1218,9157,14,48,2023-09-03T14:32:01.349000+00:00,28.074,30.358,28.751,317.0,331.0,False,87.183,"[2049, 2048, 2048, 2048, 2048, 2048, 2048, 2048]","[2048, 2048, 2048, 2048, 2048, 2049, 2049]","[2049, 2048, 2048, 2049, 2048, 2048, 2048, 2048, 2048]",333.0,14_9157
1218,9157,14,49,2023-09-03T14:33:28.504000+00:00,28.044,30.608,28.593,323.0,328.0,False,87.245,"[2048, 2048, 2048, 2048, 2048, 2048, 2049, 2049]","[2048, 2048, 2048, 2048, 2048, 2048, 2048]","[2049, 2048, 2048, 2048, 2048, 2048, 2048, 2048, 2048, 2048]",323.0,14_9157
1218,9157,14,50,2023-09-03T14:34:55.800000+00:00,28.144,30.732,28.484,326.0,332.0,False,87.36,"[None, 2048, 2048, 2048, 2048, 2048, 2048, 2049]","[2048, 2048, 2048, 2048, 2048, 2048, 2048]","[2049, 2048, 2048, 2049, 2048, 2048, 2048, 2048, 2048, 2048]",333.0,14_9157
1218,9157,14,51,2023-09-03T14:36:23.143000+00:00,27.812,30.849,28.734,333.0,329.0,False,87.395,"[None, 2048, 2048, 2048, 2048, 2048, 2048, 2048]","[2048, 2048, 2048, 2048, 2048, 2048, 2048]","[2048, 2048, 2048, 2048, 2048, 2048, 2048, 2048, 2048, 2064]",345.0,14_9157
1218,9157,14,52,2023-09-03T14:43:31.982000+00:00,,,,,,False,,,,,,14_9157
1218,9157,16,1,2023-09-03T13:23:22.770000+00:00,30.469,29.908,28.623,322.0,306.0,False,89.0,"[2048, 2049, 2049, 2049, 2049, 2049, 2049, 2049]","[2049, 2049, 2049, 2049, 2049, 2049, 2049]","[2049, 2049, 2049, 2049, 2049, 2049, 2049, 2049, 2049, 2048]",280.0,16_9157
1218,9157,16,2,2023-09-03T13:24:51.769000+00:00,28.155,29.728,28.429,309.0,307.0,False,86.312,"[2049, 2049, 2051, 2049, 2048, 2049, 2049, 2048]","[2049, 2049, 2049, 2048, 2049, 2048, 2049]","[2051, 2049, 2049, 2049, 2049, 2049, 2049, 2049, 2049, 2049]",312.0,16_9157
1218,9157,16,3,2023-09-03T13:26:18.143000+00:00,27.933,29.256,28.53,322.0,326.0,False,85.719,"[None, 2049, 2051, 2049, 2048, 2049, 2048, 2049]","[2051, 2049, 2049, 2048, 2048, 2049, 2049]","[2049, 2048, 2048, 2049, 2049, 2049, 2048, 2048, 2048]",315.0,16_9157
1218,9157,16,4,2023-09-03T13:27:43.861000+00:00,28.073,29.438,28.514,309.0,323.0,False,86.025,"[None, 2049, 2049, 2048, 2048, 2048, 2048, 2048]","[2048, 2048, 2048, 2048, 2049, 2049, 2048]","[2049, 2048, 2048, 2048, 2049, 2049, 2048, 2048, 2049]",316.0,16_9157
1218,9157,16,5,2023-09-03T13:29:09.875000+00:00,28.042,29.611,28.613,,322.0,False,86.266,"[None, 2049, 2051, 2048, 2048, 2048, 2048, 2048]","[2048, 2048, 2048, 2048, 2048, 2048, 2048]","[2049, 2048, 2048, 2048, 2048, 2048, 2048, 2048, 2048]",327.0,16_9157
1218,9157,16,6,2023-09-03T13:30:36.140000+00:00,28.204,29.712,28.567,311.0,324.0,False,86.483,"[2048, 2048, 2048, 2048, 2048, 2048, 2048, 2048]","[2048, 2048, 2048, 2048, 2048, 2048, 2048]","[2048, 2048, 2048, 2049, 2048, 2048, 2048, 2048, 2049, 2049]",315.0,16_9157
1218,9157,16,7,2023-09-03T13:32:02.623000+00:00,28.13,29.768,28.575,309.0,323.0,False,86.473,"[2049, 2049, 2048, 2048, 2048, 2048, 2048, 2048]","[2048, 2048, 2048, 2048, 2048, 2048, 2048]","[2048, 2048, 2048, 2048, 2048, 2048, 2048, 2048, 2048]",329.0,16_9157
1218,9157,16,8,2023-09-03T13:33:29.076000+00:00,28.002,29.51,28.46,312.0,324.0,False,85.972,"[None, 2049, 2048, 2048, 2048, 2048, 2048, 2048]","[2048, 2048, 2049, 2048, 2048, 2048, 2048]","[2048, 2049, 2049, 2049, 2049, 2049, 2048, 2048, 2048, 2048]",327.0,16_9157
1218,9157,16,9,2023-09-03T13:34:55.090000+00:00,28.037,29.789,28.852,311.0,324.0,False,86.678,"[2048, 2048, 2048, 2048, 2048, 2048, 2048, 2048]","[2048, 2048, 2048, 2048, 2048, 2048, 2048]","[2048, 2048, 2048, 2048, 2049, 2048, 2048, 2048, 2048, 2048]",330.0,16_9157
1218,9157,16,10,2023-09-03T13:36:21.761000+00:00,28.308,29.817,28.662,310.0,323.0,False,86.787,"[None, 2048, 2048, 2048, 2048, 2048, 2048, 2048]","[2048, 2048, 2048, 2048, 2048, 2048, 2048]","[2048, 2048, 2048, 2048, 2048, 2048, 2048, 2048, 2048]",326.0,16_9157
1218,9157,16,11,2023-09-03T13:37:48.526000+00:00,28.279,29.772,28.787,,322.0,False,86.838,"[None, 2048, 2048, 2048, 2048, 2048, 2048, 2048]","[2048, 2048, 2048, 2048, 2048, 2048, 2048]","[2048, 2048, 2048, 2048, 2048, 2048, 2048, 2048, 2048]",315.0,16_9157
1218,9157,16,12,2023-09-03T13:39:15.384000+00:00,28.237,29.915,28.542,311.0,314.0,False,86.694,"[None, 2048, 2048, 2048, 2048, 2048, 2048, 2048]","[2048, 2048, 2048, 2048, 2048, 2048, 2048]","[2048, 2048, 2048, 2048, 2048, 2048, 2048, 2048, 2048, 2048]",319.0,16_9157
1218,9157,16,13,2023-09-03T13:40:42.039000+00:00,28.136,29.853,28.568,315.0,317.0,False,86.557,"[None, 2048, 2048, 2048, 2048, 2048, 2048, 2048]","[2048, 2048, 2048, 2048, 2048, 2048, 2048]","[2048, 2048, 2048, 2048, 2048, 2048, 2048, 2048, 2048, 2048]",320.0,16_9157
1218,9157,16,14,2023-09-03T13:42:08.664000+00:00,28.276,30.041,28.623,310.0,312.0,False,86.94,"[None, 2048, 2048, 2048, 2048, 2048, 2049, 2048]","[2048, 2048, 2048, 2048, 2048, 2048, 2048]","[2048, 2048, 2048, 2048, 2048, 2048, 2048, 2048, 2048, 2048]",317.0,16_9157
1218,9157,16,15,2023-09-03T13:43:35.553000+00:00,28.401,30.047,28.866,315.0,328.0,False,87.314,"[None, 2048, 2048, 2048, 2048, 2048, 2049, 2048]","[2048, 2048, 2048, 2048, 2048, 2048, 2049]","[2048, 2048, 2048, 2048, 2048, 2048, 2048, 2048, 2048]",320.0,16_9157
1218,9157,16,16,2023-09-03T13:45:02.880000+00:00,28.242,30.148,28.765,325.0,325.0,False,87.155,"[None, 2049, 2048, 2048, 2048, 2048, 2049, 2049]","[2048, 2048, 2048, 2048, 2048, 2048, 2048]","[2048, 2048, 2048, 2048, 2048, 2048, 2048, 2048, 2048, 2048]",334.0,16_9157
1218,9157,16,17,2023-09-03T13:46:30.036000+00:00,28.308,30.329,29.033,316.0,324.0,False,87.67,"[None, 2048, 2048, 2048, 2048, 2048, 2049, 2048]","[2048, 2048, 2048, 2048, 2048, 2048, 2048]","[2048, 2048, 2048, 2048, 2048, 2048, 2048, 2048, 2048]",330.0,16_9157
1218,9157,16,18,2023-09-03T13:47:57.691000+00:00,28.199,30.37,28.929,315.0,322.0,False,87.498,"[2049, 2048, 2048, 2048, 2048, 2048, 2048, 2048]","[2048, 2048, 2048, 2048, 2048, 2048, 2048]","[2048, 2048, 2048, 2048, 2048, 2048, 2048, 2048, 2048]",322.0,16_9157
1218,9157,16,19,2023-09-03T13:49:25.190000+00:00,28.304,30.386,29.012,312.0,322.0,False,87.702,"[2048, 2048, 2048, 2048, 2048, 2048, 2048, 2048]","[2048, 2048, 2048, 2048, 2048, 2048, 2048]","[2048, 2048, 2048, 2049, 2048, 2048, 2048, 2048, 2048]",327.0,16_9157
1218,9157,16,20,2023-09-03T13:50:52.830000+00:00,28.176,30.071,32.908,,311.0,False,91.155,"[None, 2048, 2049, 2048, 2048, 2048, 2048, 2048]","[2048, 2048, 2048, 2048, 2048, 2048, 2048]","[2048, 2048, 2048, 2048, 2048, 2048, 2048, 2048, 2048, 2064]",,16_9157
1218,9157,16,21,2023-09-03T13:52:24.063000+00:00,47.538,29.973,28.331,328.0,321.0,True,105.842,"[2064, 2064, 2048, 2048, 2049, 2049, 2049, 2049]","[2051, 2048, 2048, 2048, 2048, 2049, 2048]","[2048, 2048, 2051, 2049, 2048, 2048, 2048, 2049, 2051, 2051]",285.0,16_9157
1218,9157,16,22,2023-09-03T13:54:09.999000+00:00,28.116,29.46,28.166,311.0,320.0,False,85.742,"[2048, 2048, 2049, 2048, 2048, 2048, 2048, 2048]","[2048, 2048, 2048, 2048, 2049, 2049, 2048]","[2048, 2049, 2048, 2049, 2049, 2049, 2048, 2049, 2051]",341.0,16_9157
1218,9157,16,23,2023-09-03T13:55:35.545000+00:00,27.984,29.553,28.27,312.0,320.0,False,85.807,"[None, 2048, 2048, 2048, 2048, 2048, 2048, 2048]","[2048, 2048, 2048, 2048, 2048, 2048, 2048]","[2048, 2048, 2048, 2048, 2048, 2049, 2048, 2048, 2048]",316.0,16_9157
1218,9157,16,24,2023-09-03T13:57:01.372000+00:00,27.945,29.668,28.32,311.0,321.0,False,85.933,"[None, 2048, 2048, 2048, 2048, 2048, 2048, 2048]","[2048, 2048, 2049, 2048, 2048, 2048, 2048]","[2048, 2048, 2048, 2048, 2048, 2049, 2048, 2048, 2048]",329.0,16_9157
1218,9157,16,25,2023-09-03T13:58:27.309000+00:00,27.93,29.72,28.411,,321.0,False,86.061,"[None, 2049, 2048, 2048, 2048, 2048, 2048, 2048]","[2048, 2048, 2048, 2048, 2048, 2048, 2048]","[2048, 2048, 2048, 2048, 2048, 2048, 2048, 2048, 2049, 2048]",347.0,16_9157
1218,9157,16,26,2023-09-03T13:59:53.449000+00:00,28.034,29.494,28.235,312.0,321.0,False,85.763,"[None, 2049, 2048, 2048, 2048, 2048, 2048, 2048]","[2048, 2048, 2048, 2048, 2048, 2048, 2048]","[2048, 2048, 2048, 2048, 2048, 2049, 2048, 2048, 2048, 2048]",346.0,16_9157
1218,9157,16,27,2023-09-03T14:01:19.198000+00:00,28.016,29.562,28.656,,326.0,False,86.234,"[None, 2048, 2048, 2048, 2048, 2048, 2048, 2048]","[2048, 2048, 2048, 2048, 2048, 2051, 2048]","[2048, 2048, 2051, 2049, 2048, 2048, 2048, 2048, 2048]",329.0,16_9157
1218,9157,16,28,2023-09-03T14:02:45.384000+00:00,28.012,29.486,28.165,310.0,321.0,False,85.663,"[None, 2048, 2048, 2048, 2048, 2048, 2048, 2048]","[2048, 2048, 2048, 2048, 2048, 2048, 2048]","[2048, 2048, 2048, 2048, 2048, 2048, 2048, 2048, 2048]",328.0,16_9157
1218,9157,16,29,2023-09-03T14:04:11.086000+00:00,28.146,29.642,28.026,312.0,320.0,False,85.814,"[None, 2048, 2048, 2048, 2048, 2048, 2048, 2048]","[2048, 2048, 2048, 2048, 2048, 2048, 2048]","[2048, 2049, 2048, 2048, 2049, 2049, 2048, 2048, 2048, 2048]",324.0,16_9157
1218,9157,16,30,2023-09-03T14:05:36.945000+00:00,28.142,29.568,28.072,311.0,319.0,False,85.782,"[None, 2048, 2048, 2048, 2048, 2048, 2048, 2048]","[2048, 2048, 2048, 2048, 2048, 2048, 2048]","[2048, 2049, 2048, 2049, 2049, 2048, 2048, 2048, 2048]",342.0,16_9157
1218,9157,16,31,2023-09-03T14:07:02.725000+00:00,28.063,30.061,28.372,313.0,308.0,False,86.496,"[None, 2048, 2049, 2048, 2048, 2048, 2048, 2048]","[2048, 2048, 2048, 2048, 2048, 2048, 2048]","[2048, 2048, 2048, 2048, 2048, 2048, 2048, 2048, 2048, 2048]",332.0,16_9157
1218,9157,16,32,2023-09-03T14:08:29.177000+00:00,28.786,29.915,28.168,,322.0,False,86.869,"[None, 2048, 2048, 2048, 2048, 2048, 2048, 2048]","[2048, 2048, 2048, 2048, 2048, 2048, 2048]","[2048, 2048, 2048, 2049, 2049, 2048, 2048, 2048, 2049]",313.0,16_9157
1218,9157,16,33,2023-09-03T14:09:56.036000+00:00,28.143,29.653,28.166,315.0,323.0,False,85.962,"[2049, 2048, 2048, 2048, 2048, 2048, 2048, 2048]","[2048, 2048, 2048, 2048, 2048, 2048, 2048]","[2048, 2048, 2048, 2048, 2049, 2048, 2048, 2048, 2049, 2048]",322.0,16_9157
1218,9157,16,34,2023-09-03T14:11:22.003000+00:00,28.13,29.667,28.054,314.0,323.0,False,85.851,"[None, 2048, 2048, 2048, 2048, 2048, 2048, 2048]","[2048, 2048, 2048, 2048, 2048, 2048, 2048]","[2048, 2048, 2048, 2049, 2048, 2048, 2048, 2048, 2049, 2049]",324.0,16_9157
1218,9157,16,35,2023-09-03T14:12:47.862000+00:00,28.17,29.626,28.054,313.0,334.0,False,85.85,"[None, 2048, 2048, 2048, 2048, 2048, 2048, 2048]","[2048, 2048, 2048, 2048, 2048, 2048, 2048]","[2049, 2048, 2048, 2048, 2048, 2048, 2048, 2048, 2048, 2048]",327.0,16_9157
1218,9157,16,36,2023-09-03T14:14:13.736000+00:00,27.916,29.701,28.014,314.0,323.0,False,85.631,"[2048, 2048, 2048, 2048, 2048, 2048, 2048, 2048]","[2048, 2048, 2048, 2048, 2048, 2048, 2048]","[2048, 2048, 2048, 2048, 2048, 2048, 2048, 2048, 2049, 2049]",330.0,16_9157
1218,9157,16,37,2023-09-03T14:15:39.375000+00:00,27.902,29.633,28.136,315.0,331.0,False,85.671,"[2049, 2048, 2048, 2048, 2048, 2048, 2048, 2048]","[2048, 2048, 2048, 2048, 2048, 2048, 2048]","[2049, 2048, 2048, 2049, 2048, 2048, 2048, 2048, 2048]",331.0,16_9157
1218,9157,16,38,2023-09-03T14:17:05.015000+00:00,27.994,29.492,28.094,328.0,324.0,False,85.58,"[None, 2048, 2048, 2048, 2048, 2048, 2048, 2048]","[2051, 2048, 2048, 2048, 2048, 2048, 2048]","[2048, 2048, 2048, 2051, 2049, 2048, 2048, 2048, 2049, 2049]",332.0,16_9157
1218,9157,16,39,2023-09-03T14:18:30.592000+00:00,27.997,29.531,28.101,315.0,335.0,False,85.629,"[None, 2048, 2048, 2048, 2048, 2048, 2048, 2048]","[2048, 2048, 2048, 2048, 2048, 2048, 2049]","[2048, 2048, 2048, 2051, 2048, 2048, 2048, 2048, 2048]",,16_9157
1218,9157,16,40,2023-09-03T14:19:56.263000+00:00,27.941,29.673,28.114,,339.0,False,85.728,"[2048, 2048, 2048, 2048, 2048, 2048, 2048, 2048]","[2048, 2048, 2048, 2048, 2048, 2048, 2049]","[2051, 2048, 2048, 2048, 2048, 2048, 2048, 2048, 2048]",334.0,16_9157
1218,9157,16,41,2023-09-03T14:21:21.950000+00:00,28.014,30.072,28.425,313.0,329.0,False,86.511,"[None, 2048, 2048, 2048, 2048, 2048, 2048, 2048]","[2048, 2048, 2048, 2048, 2048, 2048, 2048]","[2048, 2048, 2048, 2048, 2048, 2048, 2048, 2048, 2048, 2048]",330.0,16_9157
1218,9157,16,42,2023-09-03T14:22:48.464000+00:00,28.005,30.118,28.325,314.0,330.0,False,86.448,"[None, 2048, 2048, 2048, 2048, 2048, 2048, 2048]","[2048, 2048, 2048, 2048, 2048, 2048, 2048]","[2048, 2048, 2048, 2048, 2048, 2048, 2048, 2048, 2048]",,16_9157
1218,9157,16,43,2023-09-03T14:24:14.917000+00:00,28.224,30.135,28.238,328.0,342.0,False,86.597,"[None, 2048, 2048, 2048, 2048, 2048, 2048, 2048]","[2048, 2048, 2048, 2048, 2048, 2048, 2051]","[2048, 2048, 2048, 2051, 2048, 2048, 2048, 2048, 2048]",333.0,16_9157
1218,9157,16,44,2023-09-03T14:25:41.509000+00:00,28.282,29.969,28.335,314.0,329.0,False,86.586,"[2049, 2048, 2048, 2048, 2048, 2048, 2048, 2048]","[2048, 2048, 2048, 2048, 2048, 2049, 2048]","[2048, 2048, 2048, 2051, 2048, 2048, 2048, 2048, 2048, 2048]",,16_9157
1218,9157,16,45,2023-09-03T14:27:08.102000+00:00,28.007,30.103,28.211,315.0,328.0,False,86.321,"[2048, 2048, 2048, 2048, 2048, 2048, 2048, 2048]","[2048, 2048, 2048, 2048, 2048, 2048, 2048]","[2048, 2048, 2048, 2051, 2051, 2048, 2048, 2048, 2049, 2049]",332.0,16_9157
1218,9157,16,46,2023-09-03T14:28:34.429000+00:00,27.912,30.545,28.123,333.0,326.0,False,86.58,"[2049, 2048, 2048, 2048, 2048, 2049, 2049, 2049]","[2048, 2048, 2048, 2048, 2048, 2048, 2048]","[2048, 2048, 2048, 2051, 2051, 2048, 2048, 2049, 2051, 2051]",333.0,16_9157
1218,9157,16,47,2023-09-03T14:30:01.085000+00:00,28.486,30.781,28.104,324.0,322.0,False,87.371,"[2051, 2048, 2049, 2048, 2048, 2048, 2048, 2048]","[2051, 2048, 2048, 2048, 2048, 2048, 2048]","[2048, 2048, 2048, 2048, 2048, 2048, 2048, 2048, 2048]",338.0,16_9157
1218,9157,16,48,2023-09-03T14:31:28.380000+00:00,28.441,30.154,28.233,315.0,323.0,False,86.828,"[2048, 2048, 2049, 2048, 2048, 2048, 2048, 2048]","[2048, 2048, 2048, 2048, 2048, 2048, 2048]","[2048, 2048, 2048, 2048, 2048, 2048, 2048, 2048, 2048, 2048]",,16_9157
1218,9157,16,49,2023-09-03T14:32:55.286000+00:00,28.284,30.207,28.142,,323.0,False,86.633,"[None, 2049, 2048, 2048, 2048, 2048, 2048, 2048]","[2048, 2048, 2048, 2048, 2048, 2048, 2048]","[2048, 2048, 2048, 2048, 2048, 2048, 2048, 2048, 2048, 2048]",346.0,16_9157
1218,9157,16,50,2023-09-03T14:34:21.910000+00:00,28.367,30.573,28.021,311.0,323.0,False,86.961,"[None, 2049, 2049, 2048, 2048, 2048, 2048, 2048]","[2048, 2048, 2048, 2048, 2048, 2048, 2048]","[2048, 2048, 2048, 2048, 2048, 2049, 2048, 2048, 2048, 2048]",354.0,16_9157
1218,9157,16,51,2023-09-03T14:35:48.862000+00:00,28.122,30.349,28.312,317.0,320.0,False,86.783,"[None, 2048, 2048, 2048, 2048, 2048, 2048, 2048]","[2048, 2048, 2048, 2048, 2048, 2048, 2048]","[2048, 2048, 2048, 2048, 2048, 2048, 2048, 2048, 2048, 2064]",352.0,16_9157
1218,9157,16,52,2023-09-03T14:43:31.982000+00:00,,,,,,False,,,,,,16_9157
1218,9157,18,1,2023-09-03T13:23:22.770000+00:00,34.243,32.64,30.195,320.0,300.0,False,97.078,"[2048, 2049, 2049, 2049, 2049, 2049, 2049, 2049]","[2049, 2049, 2049, 2049, 2049, 2049, 2049]","[2049, 2049, 2049, 2049, 2049, 2049, 2049, 2049, 2049, 0]",246.0,18_9157
1218,9157,18,2,2023-09-03T13:24:59.847000+00:00,28.81,30.757,29.386,313.0,314.0,False,88.953,"[2049, 2049, 2049, 2049, 2049, 2048, 2049, 2048]","[2049, 2049, 2049, 2049, 2049, 2049, 2049]","[2049, 2049, 2049, 2049, 2049, 2049, 2049, 2049, 2049, 2049]",305.0,18_9157
1218,9157,18,3,2023-09-03T13:26:28.815000+00:00,28.49,30.911,29.213,330.0,329.0,False,88.614,"[None, 2048, 2048, 2049, 2049, 2049, 2049, 2049]","[2048, 2049, 2048, 2048, 2049, 2049, 2049]","[2049, 2049, 2048, 2048, 2048, 2049, 2049, 2048, 2049, 2049]",298.0,18_9157
1218,9157,18,4,2023-09-03T13:27:57.407000+00:00,28.152,30.384,29.189,312.0,315.0,False,87.725,"[None, 2051, 2049, 2049, 2048, 2048, 2048, 2048]","[2049, 2049, 2049, 2049, 2049, 2048, 2048]","[2049, 2048, 2048, 2048, 2048, 2048, 2049, 2049, 2048, 2048]",351.0,18_9157
1218,9157,18,5,2023-09-03T13:29:25.063000+00:00,28.256,30.13,29.188,314.0,317.0,False,87.574,"[2048, 2048, 2048, 2049, 2048, 2048, 2048, 2048]","[2049, 2049, 2049, 2049, 2049, 2048, 2048]","[2048, 2049, 2048, 2048, 2048, 2049, 2048, 2048, 2048, 2048]",318.0,18_9157
1218,9157,18,6,2023-09-03T13:30:52.718000+00:00,28.333,30.229,29.094,310.0,313.0,False,87.656,"[None, 2048, 2048, 2048, 2048, 2048, 2048, 2048]","[2049, 2048, 2049, 2048, 2049, 2048, 2048]","[2049, 2049, 2049, 2048, 2048, 2048, 2049, 2048, 2048]",321.0,18_9157
1218,9157,18,7,2023-09-03T13:32:20.389000+00:00,28.016,29.968,29.116,314.0,316.0,False,87.1,"[None, 2048, 2048, 2049, 2048, 2048, 2048, 2048]","[2049, 2048, 2048, 2048, 2049, 2048, 2048]","[2049, 2048, 2048, 2048, 2048, 2048, 2049, 2048, 2048, 2048]",326.0,18_9157
1218,9157,18,8,2023-09-03T13:33:47.466000+00:00,28.218,29.966,29.178,313.0,314.0,False,87.362,"[None, 2048, 2048, 2048, 2048, 2048, 2048, 2048]","[2048, 2049, 2049, 2048, 2048, 2048, 2048]","[2048, 2049, 2049, 2048, 2048, 2048, 2048, 2048, 2048]",321.0,18_9157
1218,9157,18,9,2023-09-03T13:35:14.840000+00:00,28.012,30.001,29.299,316.0,316.0,False,87.312,"[None, 2048, 2049, 2048, 2048, 2048, 2048, 2048]","[2049, 2048, 2048, 2048, 2048, 2048, 2048]","[2048, 2048, 2048, 2048, 2048, 2048, 2048, 2048, 2048, 2048]",329.0,18_9157
1218,9157,18,10,2023-09-03T13:36:42.120000+00:00,28.062,30.153,29.324,314.0,315.0,False,87.539,"[None, 2048, 2048, 2048, 2048, 2048, 2048, 2048]","[2048, 2048, 2048, 2048, 2048, 2048, 2048]","[2048, 2048, 2048, 2048, 2048, 2049, 2048, 2048, 2048]",327.0,18_9157
1218,9157,18,11,2023-09-03T13:38:09.588000+00:00,28.139,30.17,29.06,315.0,314.0,False,87.369,"[None, 2048, 2048, 2048, 2048, 2048, 2048, 2048]","[2048, 2049, 2048, 2048, 2048, 2048, 2048]","[2048, 2048, 2048, 2048, 2048, 2049, 2048, 2048, 2048]",325.0,18_9157
1218,9157,18,12,2023-09-03T13:39:36.962000+00:00,28.188,30.336,29.286,,314.0,False,87.81,"[None, 2048, 2049, 2048, 2048, 2048, 2048, 2048]","[2048, 2048, 2048, 2048, 2048, 2048, 2048]","[2048, 2048, 2048, 2048, 2048, 2048, 2048, 2048, 2048, 2048]",323.0,18_9157
1218,9157,18,13,2023-09-03T13:41:04.899000+00:00,28.177,30.572,29.473,313.0,314.0,False,88.222,"[None, 2048, 2048, 2048, 2048, 2048, 2048, 2048]","[2048, 2048, 2048, 2048, 2048, 2048, 2048]","[2048, 2048, 2048, 2048, 2048, 2048, 2048, 2048, 2048]",326.0,18_9157
1218,9157,18,14,2023-09-03T13:42:33.070000+00:00,28.293,30.415,29.349,315.0,314.0,False,88.057,"[None, 2048, 2048, 2048, 2048, 2048, 2048, 2048]","[2048, 2048, 2048, 2048, 2048, 2048, 2048]","[2048, 2048, 2048, 2048, 2048, 2048, 2048, 2048, 2048]",321.0,18_9157
1218,9157,18,15,2023-09-03T13:44:01.037000+00:00,28.321,30.575,29.283,314.0,311.0,False,88.179,"[None, 2048, 2048, 2048, 2048, 2048, 2048, 2048]","[2048, 2048, 2048, 2048, 2048, 2048, 2048]","[2048, 2048, 2048, 2048, 2048, 2048, 2048, 2048, 2048]",325.0,18_9157
1218,9157,18,16,2023-09-03T13:45:29.333000+00:00,28.251,30.546,29.283,315.0,310.0,False,88.08,"[None, 2048, 2048, 2048, 2048, 2048, 2048, 2048]","[2048, 2048, 2048, 2048, 2048, 2048, 2048]","[2048, 2048, 2048, 2048, 2048, 2048, 2048, 2048, 2048]",,18_9157
1218,9157,18,17,2023-09-03T13:46:57.301000+00:00,28.149,30.462,29.298,316.0,311.0,False,87.909,"[None, 2048, 2049, 2048, 2048, 2048, 2048, 2048]","[2049, 2048, 2048, 2048, 2048, 2048, 2048]","[2049, 2048, 2048, 2048, 2048, 2048, 2048, 2048, 2048]",321.0,18_9157
1218,9157,18,18,2023-09-03T13:48:25.331000+00:00,28.279,30.672,29.45,315.0,311.0,False,88.401,"[None, 2048, 2048, 2048, 2048, 2048, 2048, 2048]","[2048, 2048, 2048, 2048, 2048, 2048, 2048]","[2048, 2048, 2048, 2048, 2048, 2048, 2048, 2048, 2048]",326.0,18_9157
1218,9157,18,19,2023-09-03T13:49:53.705000+00:00,28.245,30.608,29.197,317.0,312.0,False,88.05,"[None, 2048, 2048, 2048, 2048, 2048, 2048, 2048]","[2048, 2048, 2048, 2048, 2048, 2048, 2048]","[2048, 2048, 2049, 2048, 2048, 2048, 2048, 2048, 2048]",323.0,18_9157
1218,9157,18,20,2023-09-03T13:51:21.782000+00:00,28.335,30.751,33.94,319.0,323.0,False,93.026,"[None, 2048, 2048, 2048, 2048, 2048, 2048, 2048]","[2048, 2048, 2048, 2048, 2048, 2048, 2048]","[2048, 2048, 2048, 2048, 2048, 2048, 2048, 2048, 2048, 2064]",322.0,18_9157
1218,9157,18,21,2023-09-03T13:52:54.750000+00:00,49.687,30.078,29.086,319.0,304.0,True,108.851,"[2064, 2064, 2048, 2048, 2048, 2048, 2048, 2048]","[2048, 2048, 2048, 2049, 2048, 2048, 2048]","[2048, 2049, 2048, 2048, 2048, 2048, 2048, 2048, 2048, 0]",279.0,18_9157
1218,9157,18,22,2023-09-03T13:54:43.640000+00:00,28.099,29.727,28.916,312.0,308.0,False,86.742,"[2048, 2048, 2048, 2049, 2049, 2048, 2048, 2048]","[2048, 2049, 2049, 2049, 2049, 2048, 2048]","[2048, 2049, 2049, 2048, 2048, 2048, 2048, 2048, 2048, 2048]",314.0,18_9157
1218,9157,18,23,2023-09-03T13:56:10.404000+00:00,28.004,29.927,29.037,,307.0,False,86.968,"[None, 2048, 2048, 2048, 2048, 2048, 2048, 2048]","[2049, 2048, 2048, 2048, 2048, 2048, 2048]","[2048, 2048, 2048, 2048, 2048, 2048, 2049, 2048, 2048, 2048]",318.0,18_9157
1218,9157,18,24,2023-09-03T13:57:37.325000+00:00,28.054,30.058,29.228,313.0,308.0,False,87.34,"[None, 2048, 2049, 2048, 2048, 2048, 2048, 2048]","[2048, 2048, 2048, 2048, 2049, 2048, 2048]","[2048, 2048, 2048, 2048, 2048, 2048, 2048, 2048, 2048, 2048]",323.0,18_9157
1218,9157,18,25,2023-09-03T13:59:04.668000+00:00,28.201,29.928,29.047,311.0,309.0,False,87.176,"[None, 2048, 2048, 2048, 2048, 2048, 2048, 2048]","[2048, 2048, 2048, 2048, 2049, 2048, 2048]","[2048, 2048, 2048, 2048, 2048, 2048, 2048, 2048, 2048]",319.0,18_9157
1218,9157,18,26,2023-09-03T14:00:31.792000+00:00,28.225,30.003,29.031,317.0,314.0,False,87.259,"[None, 2048, 2048, 2048, 2048, 2048, 2048, 2048]","[2048, 2048, 2048, 2048, 2048, 2048, 2048]","[2048, 2048, 2048, 2048, 2048, 2049, 2048, 2048, 2048, 2048]",318.0,18_9157
1218,9157,18,27,2023-09-03T14:01:59.166000+00:00,27.971,29.841,28.863,316.0,314.0,False,86.675,"[None, 2048, 2048, 2048, 2048, 2048, 2048, 2048]","[2048, 2048, 2048, 2048, 2048, 2048, 2048]","[2048, 2048, 2048, 2048, 2048, 2048, 2049, 2048, 2048]",322.0,18_9157
1218,9157,18,28,2023-09-03T14:03:25.806000+00:00,28.05,30.174,28.861,315.0,312.0,False,87.085,"[None, 2048, 2048, 2048, 2048, 2048, 2048, 2048]","[2049, 2048, 2048, 2048, 2048, 2048, 2048]","[2048, 2048, 2048, 2048, 2048, 2048, 2049, 2048, 2048, 2048]",321.0,18_9157
1218,9157,18,29,2023-09-03T14:04:52.867000+00:00,28.134,29.979,28.696,317.0,311.0,False,86.809,"[None, 2048, 2048, 2048, 2048, 2048, 2048, 2048]","[2048, 2048, 2048, 2048, 2048, 2048, 2048]","[2049, 2048, 2048, 2048, 2048, 2049, 2048, 2048, 2048, 2048]",320.0,18_9157
1218,9157,18,30,2023-09-03T14:06:19.741000+00:00,28.197,29.99,28.737,315.0,309.0,False,86.924,"[None, 2048, 2048, 2048, 2048, 2048, 2048, 2048]","[2048, 2048, 2048, 2048, 2048, 2048, 2048]","[2048, 2048, 2048, 2048, 2048, 2048, 2048, 2048, 2048, 2048]",321.0,18_9157
1218,9157,18,31,2023-09-03T14:07:46.662000+00:00,27.983,29.98,28.654,316.0,310.0,False,86.617,"[None, 2048, 2048, 2048, 2048, 2048, 2048, 2048]","[2048, 2048, 2048, 2048, 2048, 2048, 2048]","[2049, 2048, 2049, 2048, 2048, 2048, 2049, 2048, 2048]",324.0,18_9157
1218,9157,18,32,2023-09-03T14:09:13.255000+00:00,28.103,29.949,28.78,,308.0,False,86.832,"[None, 2048, 2048, 2048, 2048, 2048, 2048, 2048]","[2049, 2048, 2048, 2048, 2048, 2048, 2048]","[2048, 2048, 2048, 2048, 2048, 2048, 2048, 2048, 2048]",320.0,18_9157
1218,9157,18,33,2023-09-03T14:10:40.066000+00:00,28.056,30.12,28.945,315.0,310.0,False,87.121,"[None, 2048, 2048, 2048, 2048, 2048, 2048, 2048]","[2048, 2048, 2048, 2048, 2048, 2049, 2048]","[2048, 2048, 2048, 2048, 2048, 2048, 2048, 2048, 2048, 2049]",325.0,18_9157
1218,9157,18,34,2023-09-03T14:12:07.175000+00:00,28.16,30.213,28.925,314.0,311.0,False,87.298,"[None, 2048, 2048, 2048, 2048, 2048, 2048, 2048]","[2048, 2048, 2048, 2048, 2048, 2048, 2048]","[2048, 2048, 2048, 2048, 2048, 2048, 2048, 2048, 2048]",320.0,18_9157
1218,9157,18,35,2023-09-03T14:13:34.393000+00:00,28.074,30.105,28.791,315.0,313.0,False,86.97,"[None, 2048, 2048, 2048, 2048, 2048, 2048, 2048]","[2048, 2048, 2048, 2048, 2048, 2048, 2048]","[2048, 2048, 2049, 2048, 2048, 2048, 2048, 2048, 2048]",321.0,18_9157
1218,9157,18,36,2023-09-03T14:15:01.438000+00:00,28.004,30.189,28.903,316.0,313.0,False,87.096,"[None, 2048, 2048, 2048, 2048, 2048, 2048, 2048]","[2048, 2048, 2048, 2048, 2048, 2048, 2048]","[2049, 2048, 2049, 2049, 2048, 2048, 2048, 2048, 2048, 2048]",324.0,18_9157
1218,9157,18,37,2023-09-03T14:16:28.547000+00:00,27.963,30.309,29.101,318.0,325.0,False,87.373,"[None, 2048, 2048, 2048, 2048, 2048, 2048, 2048]","[2048, 2048, 2048, 2048, 2048, 2049, 2048]","[2048, 2048, 2048, 2049, 2048, 2048, 2048, 2048, 2049, 2049]",323.0,18_9157
1218,9157,18,38,2023-09-03T14:17:55.921000+00:00,27.996,30.183,28.723,312.0,311.0,False,86.902,"[2049, 2048, 2048, 2048, 2048, 2048, 2048, 2048]","[2048, 2048, 2048, 2048, 2048, 2048, 2048]","[2049, 2048, 2048, 2048, 2048, 2048, 2049, 2048, 2048, 2048]",347.0,18_9157
1218,9157,18,39,2023-09-03T14:19:22.764000+00:00,28.027,30.044,28.833,314.0,313.0,False,86.904,"[2048, 2048, 2049, 2048, 2048, 2048, 2048, 2048]","[2048, 2048, 2048, 2048, 2048, 2048, 2048]","[2049, 2048, 2048, 2048, 2048, 2048, 2048, 2048, 2048, 2048]",317.0,18_9157
1218,9157,18,40,2023-09-03T14:20:49.763000+00:00,28.03,30.137,28.905,316.0,313.0,False,87.072,"[None, 2048, 2048, 2048, 2048, 2048, 2048, 2048]","[2048, 2048, 2048, 2048, 2048, 2048, 2048]","[2048, 2048, 2048, 2048, 2048, 2048, 2048, 2048, 2048]",322.0,18_9157
1218,9157,18,41,2023-09-03T14:22:16.809000+00:00,28.105,29.987,28.824,315.0,314.0,False,86.916,"[None, 2048, 2048, 2048, 2048, 2048, 2048, 2048]","[2049, 2048, 2049, 2048, 2048, 2048, 2048]","[2049, 2048, 2048, 2048, 2048, 2048, 2048, 2048, 2048, 2048]",324.0,18_9157
1218,9157,18,42,2023-09-03T14:23:43.698000+00:00,28.139,30.109,28.819,,313.0,False,87.067,"[None, 2048, 2048, 2048, 2048, 2048, 2048, 2048]","[2048, 2048, 2048, 2048, 2048, 2048, 2048]","[2048, 2048, 2048, 2048, 2048, 2048, 2048, 2048, 2048]",320.0,18_9157
1218,9157,18,43,2023-09-03T14:25:10.744000+00:00,31.63,30.601,28.903,312.0,312.0,False,91.134,"[None, 2048, 2049, 0, 0, 2048, 2048, 2048]","[2048, 2048, 2048, 2048, 2048, 2048, 2048]","[2048, 2048, 2048, 2048, 2048, 2048, 2048, 2049, 2048, 2048]",323.0,18_9157
1218,9157,18,44,2023-09-03T14:26:42.009000+00:00,28.234,30.177,29.803,315.0,310.0,False,88.214,"[None, 2048, 2048, 2048, 2048, 2048, 2048, 2048]","[2048, 2048, 2048, 2048, 2048, 2048, 2048]","[2048, 2048, 2049, 2048, 2048, 2048, 2048, 2048, 2048]",318.0,18_9157
1218,9157,18,45,2023-09-03T14:28:10.133000+00:00,28.405,31.024,28.907,316.0,324.0,False,88.336,"[None, 2048, 2048, 2048, 2048, 2049, 2048, 2048]","[2048, 2048, 2048, 2048, 2048, 2048, 2048]","[2048, 2048, 2049, 2049, 2048, 2048, 2048, 2048, 2048]",339.0,18_9157
1218,9157,18,46,2023-09-03T14:29:38.694000+00:00,28.138,30.176,28.839,319.0,316.0,False,87.153,"[None, 2048, 2048, 2048, 2048, 2048, 2048, 2048]","[2048, 2048, 2048, 2048, 2048, 2048, 2048]","[2048, 2048, 2048, 2048, 2048, 2048, 2048, 2048, 2048]",320.0,18_9157
1218,9157,18,47,2023-09-03T14:31:05.662000+00:00,28.201,30.145,28.921,316.0,315.0,False,87.267,"[None, 2048, 2048, 2048, 2048, 2048, 2048, 2048]","[2048, 2048, 2048, 2048, 2048, 2048, 2048]","[2048, 2048, 2048, 2048, 2048, 2048, 2048, 2048, 2048, 2048]",323.0,18_9157
1218,9157,18,48,2023-09-03T14:32:32.927000+00:00,28.229,30.398,28.963,315.0,314.0,False,87.59,"[None, 2048, 2048, 2048, 2048, 2048, 2048, 2048]","[2048, 2048, 2048, 2048, 2048, 2048, 2048]","[2048, 2048, 2048, 2048, 2048, 2048, 2048, 2048, 2048]",324.0,18_9157
1218,9157,18,49,2023-09-03T14:34:00.488000+00:00,28.428,31.827,29.212,314.0,323.0,False,89.467,"[None, 2048, 2048, 2048, 2048, 2048, 2048, 2048]","[2048, 2048, 2048, 2048, 2048, 2048, 2048]","[2049, 2048, 2048, 2048, 2048, 2048, 2048, 2048, 2048, 2048]",319.0,18_9157
1218,9157,18,50,2023-09-03T14:35:29.987000+00:00,28.705,31.401,30.759,298.0,310.0,False,90.865,"[None, 2048, 2048, 2048, 2048, 2048, 2048, 2048]","[2048, 2048, 2048, 2048, 2048, 2048, 2048]","[2048, 2048, 2048, 2048, 2048, 2048, 2048, 2048, 2048, 2064]",302.0,18_9157
1218,9157,18,52,2023-09-03T14:43:31.982000+00:00,,,,,,False,,,,,,18_9157
1218,9157,20,1,2023-09-03T13:23:22.770000+00:00,34.068,32.419,30.247,328.0,318.0,False,96.734,"[2048, 2049, 2049, 2049, 2049, 2049, 2049, 2049]","[2049, 2049, 2049, 2049, 2049, 2049, 2049]","[2049, 2049, 2049, 2049, 2049, 2049, 2049, 2049, 2049, 0]",257.0,20_9157
1218,9157,20,2,2023-09-03T13:24:59.503000+00:00,28.604,30.826,29.493,315.0,313.0,False,88.923,"[2049, 2049, 2049, 2049, 2048, 2048, 2049, 2048]","[2049, 2049, 2049, 2049, 2049, 2048, 2048]","[2049, 2049, 2048, 2048, 2049, 2049, 2049, 2049, 2048, 2049]",315.0,20_9157
1218,9157,20,3,2023-09-03T13:26:28.455000+00:00,28.77,30.58,29.188,309.0,315.0,False,88.538,"[2048, 2048, 2048, 2049, 2048, 2048, 2048, 2048]","[2049, 2049, 2048, 2049, 2049, 2049, 2048]","[2049, 2049, 2048, 2048, 2048, 2048, 2049, 2049, 2049]",312.0,20_9157
1218,9157,20,4,2023-09-03T13:27:56.970000+00:00,29.2,30.783,29.269,310.0,315.0,False,89.252,"[None, 2049, 2049, 2048, 2048, 2048, 2048, 2048]","[2049, 2048, 2048, 2048, 2048, 2048, 2048]","[2048, 2048, 2048, 2048, 2048, 2048, 2048, 2049, 2049, 2049]",320.0,20_9157
1218,9157,20,5,2023-09-03T13:29:26.281000+00:00,28.669,30.299,29.308,307.0,313.0,False,88.276,"[2049, 2048, 2048, 2049, 2048, 2048, 2048, 2048]","[2049, 2049, 2049, 2049, 2049, 2048, 2048]","[2048, 2048, 2048, 2048, 2048, 2049, 2048, 2048, 2048]",316.0,20_9157
1218,9157,20,6,2023-09-03T13:30:54.515000+00:00,28.51,30.238,29.201,310.0,314.0,False,87.949,"[2048, 2048, 2048, 2049, 2048, 2048, 2048, 2048]","[2048, 2049, 2049, 2048, 2048, 2048, 2048]","[2048, 2049, 2048, 2048, 2048, 2049, 2048, 2048, 2048, 2048]",318.0,20_9157
1218,9157,20,7,2023-09-03T13:32:22.436000+00:00,28.537,30.0,29.154,309.0,313.0,False,87.691,"[None, 2048, 2048, 2049, 2048, 2048, 2048, 2048]","[2049, 2049, 2048, 2048, 2049, 2048, 2048]","[2048, 2049, 2048, 2048, 2048, 2049, 2048, 2048, 2048]",316.0,20_9157
1218,9157,20,8,2023-09-03T13:33:50.169000+00:00,28.448,30.059,29.428,,311.0,False,87.935,"[None, 2048, 2048, 2049, 2048, 2048, 2048, 2048]","[2048, 2049, 2048, 2048, 2048, 2048, 2048]","[2048, 2048, 2048, 2048, 2048, 2048, 2048, 2048, 2048]",,20_9157
1218,9157,20,9,2023-09-03T13:35:18.106000+00:00,28.659,30.166,29.393,308.0,311.0,False,88.218,"[None, 2048, 2048, 2048, 2048, 2048, 2048, 2048]","[2048, 2048, 2048, 2048, 2048, 2048, 2048]","[2048, 2048, 2048, 2048, 2048, 2048, 2048, 2048, 2048]",312.0,20_9157
1218,9157,20,10,2023-09-03T13:36:46.292000+00:00,28.608,30.291,29.612,,311.0,False,88.511,"[None, 2048, 2048, 2048, 2048, 2048, 2048, 2048]","[2048, 2048, 2048, 2048, 2048, 2048, 2048]","[2048, 2048, 2048, 2048, 2048, 2048, 2048, 2048, 2048]",313.0,20_9157
1218,9157,20,11,2023-09-03T13:38:14.791000+00:00,28.764,30.474,29.554,307.0,309.0,False,88.792,"[None, 2048, 2048, 2048, 2048, 2048, 2048, 2048]","[2048, 2048, 2048, 2048, 2048, 2048, 2048]","[2048, 2048, 2048, 2048, 2048, 2048, 2048, 2048, 2048]",312.0,20_9157
1218,9157,20,12,2023-09-03T13:39:43.509000+00:00,28.736,30.371,34.166,314.0,315.0,False,93.273,"[None, 2048, 2048, 2048, 2048, 2048, 2048, 2048]","[2048, 2048, 2049, 2048, 2048, 2048, 2048]","[2048, 2048, 2048, 2048, 2048, 2049, 2048, 2048, 2048, 2064]",307.0,20_9157
1218,9157,20,13,2023-09-03T13:41:16.789000+00:00,49.14,29.985,29.299,307.0,306.0,True,108.424,"[2064, 2064, 2048, 2048, 2048, 2048, 2048, 2048]","[2048, 2049, 2049, 2048, 2049, 2048, 2048]","[2048, 2048, 2048, 2048, 2048, 2049, 2048, 2048, 2048, 0]",270.0,20_9157
1218,9157,20,14,2023-09-03T13:43:05.319000+00:00,28.551,30.069,29.46,306.0,304.0,False,88.08,"[2048, 2048, 2048, 2049, 2048, 2048, 2048, 2048]","[2048, 2048, 2048, 2048, 2049, 2048, 2048]","[2048, 2048, 2048, 2048, 2048, 2048, 2048, 2048, 2048, 2048]",307.0,20_9157
1218,9157,20,15,2023-09-03T13:44:33.365000+00:00,28.526,30.121,29.201,308.0,307.0,False,87.848,"[None, 2048, 2048, 2049, 2048, 2048, 2048, 2048]","[2049, 2048, 2048, 2048, 2048, 2048, 2048]","[2048, 2049, 2048, 2048, 2048, 2048, 2048, 2048, 2048, 2048]",308.0,20_9157
1218,9157,20,16,2023-09-03T13:46:01.270000+00:00,28.491,29.955,29.203,307.0,306.0,False,87.649,"[None, 2048, 2048, 2048, 2048, 2048, 2048, 2048]","[2048, 2048, 2048, 2049, 2049, 2048, 2048]","[2048, 2048, 2048, 2048, 2048, 2048, 2049, 2048, 2048, 2048]",309.0,20_9157
1218,9157,20,17,2023-09-03T13:47:28.879000+00:00,28.591,29.881,29.117,308.0,305.0,False,87.589,"[None, 2048, 2048, 2048, 2048, 2048, 2048, 2048]","[2048, 2048, 2049, 2049, 2049, 2048, 2048]","[2048, 2048, 2048, 2048, 2048, 2048, 2048, 2048, 2048]",,20_9157
1218,9157,20,18,2023-09-03T13:48:56.472000+00:00,28.639,30.033,29.226,306.0,304.0,False,87.898,"[None, 2048, 2048, 2048, 2048, 2048, 2048, 2048]","[2048, 2048, 2048, 2048, 2048, 2048, 2048]","[2048, 2048, 2048, 2048, 2048, 2048, 2048, 2048, 2048]",307.0,20_9157
1218,9157,20,19,2023-09-03T13:50:24.361000+00:00,28.481,29.765,28.913,,307.0,False,87.159,"[None, 2048, 2048, 2048, 2048, 2048, 2048, 2048]","[2048, 2048, 2049, 2049, 2049, 2048, 2048]","[2048, 2049, 2048, 2048, 2048, 2049, 2049, 2048, 2048]",309.0,20_9157
1218,9157,20,20,2023-09-03T13:51:51.563000+00:00,28.444,29.712,28.855,308.0,309.0,False,87.011,"[None, 2048, 2048, 2048, 2048, 2048, 2048, 2048]","[2048, 2048, 2049, 2048, 2048, 2048, 2048]","[2048, 2049, 2048, 2048, 2048, 2048, 2049, 2049, 2048, 2048]",311.0,20_9157
1218,9157,20,21,2023-09-03T13:53:18.578000+00:00,28.511,29.794,28.823,309.0,310.0,False,87.128,"[None, 2048, 2048, 2048, 2048, 2048, 2048, 2048]","[2048, 2048, 2048, 2048, 2048, 2049, 2048]","[2048, 2048, 2048, 2048, 2048, 2048, 2048, 2049, 2048, 2048]",308.0,20_9157
1218,9157,20,22,2023-09-03T13:54:45.780000+00:00,28.549,29.853,28.842,,308.0,False,87.244,"[None, 2048, 2048, 2048, 2048, 2048, 2048, 2048]","[2048, 2048, 2048, 2048, 2048, 2049, 2048]","[2048, 2048, 2048, 2048, 2048, 2048, 2048, 2049, 2049, 2048]",,20_9157
1218,9157,20,23,2023-09-03T13:56:12.967000+00:00,28.449,29.994,29.049,308.0,309.0,False,87.492,"[None, 2048, 2048, 2048, 2048, 2048, 2048, 2048]","[2048, 2048, 2048, 2048, 2048, 2048, 2048]","[2048, 2048, 2048, 2048, 2048, 2049, 2048, 2048, 2048, 2048]",313.0,20_9157
1218,9157,20,24,2023-09-03T13:57:40.403000+00:00,28.445,30.082,29.009,,310.0,False,87.536,"[None, 2048, 2048, 2048, 2048, 2048, 2048, 2048]","[2048, 2048, 2048, 2048, 2048, 2049, 2048]","[2048, 2048, 2048, 2048, 2048, 2048, 2048, 2049, 2049, 2049]",314.0,20_9157
1218,9157,20,25,2023-09-03T13:59:07.949000+00:00,28.508,29.965,29.029,307.0,309.0,False,87.502,"[None, 2048, 2048, 2048, 2048, 2048, 2048, 2048]","[2048, 2048, 2048, 2048, 2048, 2049, 2048]","[2048, 2048, 2048, 2048, 2048, 2048, 2048, 2048, 2048]",313.0,20_9157
1218,9157,20,26,2023-09-03T14:00:35.354000+00:00,28.528,29.9,28.99,,310.0,False,87.418,"[None, 2048, 2048, 2048, 2048, 2048, 2048, 2048]","[2048, 2048, 2048, 2048, 2048, 2048, 2048]","[2048, 2048, 2048, 2048, 2048, 2048, 2048, 2048, 2048, 2048]",312.0,20_9157
1218,9157,20,27,2023-09-03T14:02:02.900000+00:00,28.433,29.916,28.871,309.0,311.0,False,87.22,"[None, 2048, 2048, 2048, 2048, 2048, 2048, 2048]","[2048, 2048, 2048, 2048, 2048, 2049, 2048]","[2048, 2048, 2048, 2048, 2048, 2049, 2049, 2048, 2048, 2048]",313.0,20_9157
1218,9157,20,28,2023-09-03T14:03:30.071000+00:00,28.416,29.896,28.842,310.0,310.0,False,87.154,"[None, 2048, 2048, 2048, 2048, 2048, 2048, 2048]","[2048, 2048, 2048, 2048, 2048, 2048, 2048]","[2048, 2048, 2048, 2048, 2048, 2049, 2048, 2048, 2048]",,20_9157
1218,9157,20,29,2023-09-03T14:04:57.242000+00:00,28.451,30.035,28.858,,309.0,False,87.344,"[None, 2048, 2048, 2048, 2048, 2048, 2048, 2048]","[2048, 2048, 2048, 2048, 2048, 2048, 2048]","[2048, 2049, 2049, 2048, 2048, 2048, 2048, 2048, 2048]",312.0,20_9157
1218,9157,20,30,2023-09-03T14:06:24.554000+00:00,28.644,29.98,28.76,309.0,309.0,False,87.384,"[None, 2048, 2048, 2048, 2048, 2048, 2048, 2048]","[2048, 2048, 2048, 2048, 2048, 2048, 2048]","[2048, 2048, 2048, 2048, 2048, 2049, 2048, 2048, 2048, 2048]",311.0,20_9157
1218,9157,20,31,2023-09-03T14:07:51.943000+00:00,28.622,30.072,28.792,,309.0,False,87.486,"[None, 2048, 2048, 2048, 2048, 2048, 2048, 2048]","[2048, 2048, 2048, 2048, 2048, 2048, 2048]","[2048, 2048, 2048, 2048, 2048, 2048, 2048, 2048, 2048]",313.0,20_9157
1218,9157,20,32,2023-09-03T14:09:19.520000+00:00,28.572,30.012,28.972,,307.0,False,87.556,"[None, 2048, 2048, 2048, 2048, 2048, 2048, 2048]","[2048, 2048, 2048, 2048, 2048, 2048, 2048]","[2048, 2048, 2048, 2048, 2048, 2048, 2048, 2048, 2048]",312.0,20_9157
1218,9157,20,33,2023-09-03T14:10:46.988000+00:00,29.24,30.402,33.516,313.0,323.0,False,93.158,"[None, 2048, 2048, 2048, 2048, 2048, 2048, 2048]","[2048, 2048, 2048, 2048, 2048, 2049, 2049]","[2049, 2048, 2048, 2048, 2048, 2048, 2048, 2048, 2048, 2064]",,20_9157
1218,9157,20,34,2023-09-03T14:12:20.128000+00:00,48.986,29.7,28.647,309.0,309.0,True,107.333,"[2064, 2064, 2048, 2048, 2048, 2048, 2048, 2048]","[2048, 2048, 2049, 2048, 2048, 2048, 2048]","[2049, 2048, 2048, 2048, 2048, 2049, 2049, 2048, 2048, 0]",266.0,20_9157
1218,9157,20,35,2023-09-03T14:14:07.470000+00:00,28.268,29.624,28.408,308.0,308.0,False,86.3,"[2048, 2048, 2048, 2049, 2048, 2048, 2048, 2048]","[2048, 2048, 2048, 2048, 2049, 2049, 2048]","[2048, 2049, 2048, 2048, 2048, 2048, 2049, 2049, 2049]",312.0,20_9157
1218,9157,20,36,2023-09-03T14:15:33.813000+00:00,28.249,29.562,28.574,309.0,306.0,False,86.385,"[None, 2048, 2048, 2049, 2048, 2048, 2048, 2048]","[2048, 2048, 2048, 2048, 2048, 2048, 2048]","[2048, 2048, 2048, 2048, 2048, 2048, 2048, 2048, 2049, 2048]",311.0,20_9157
1218,9157,20,37,2023-09-03T14:17:00.156000+00:00,28.246,29.622,28.586,308.0,307.0,False,86.454,"[None, 2048, 2048, 2048, 2048, 2048, 2048, 2048]","[2048, 2048, 2048, 2048, 2048, 2049, 2048]","[2048, 2048, 2048, 2048, 2048, 2048, 2048, 2048, 2048, 2048]",,20_9157
1218,9157,20,38,2023-09-03T14:18:26.624000+00:00,28.31,29.553,28.531,309.0,308.0,False,86.394,"[None, 2048, 2048, 2048, 2048, 2048, 2048, 2048]","[2049, 2048, 2048, 2049, 2048, 2048, 2048]","[2048, 2048, 2048, 2048, 2048, 2048, 2048, 2048, 2048, 2049]",312.0,20_9157
1218,9157,20,39,2023-09-03T14:19:53.154000+00:00,29.52,32.259,28.564,174.0,327.0,False,90.343,"[None, 2048, 2048, 2048, 2048, 2048, 2048, 2048]","[2048, 2048, 2048, 2048, 2048, 2049, 2049]","[2049, 2048, 2049, 2048, 2048, 2048, 2048, 2048, 2049, 2049]",311.0,20_9157
1218,9157,20,40,2023-09-03T14:21:23.372000+00:00,28.356,29.608,28.732,309.0,315.0,False,86.696,"[2049, 2049, 2048, 2048, 2048, 2048, 2048, 2048]","[2048, 2048, 2048, 2048, 2048, 2048, 2048]","[2048, 2048, 2048, 2048, 2048, 2048, 2048, 2048, 2049]",316.0,20_9157
1218,9157,20,41,2023-09-03T14:22:49.980000+00:00,28.205,29.63,28.493,313.0,319.0,False,86.328,"[None, 2049, 2049, 2048, 2048, 2048, 2048, 2048]","[2049, 2048, 2048, 2048, 2048, 2048, 2048]","[2048, 2048, 2048, 2048, 2048, 2049, 2048, 2048, 2049, 2048]",321.0,20_9157
1218,9157,20,42,2023-09-03T14:24:16.432000+00:00,28.185,29.475,28.618,315.0,332.0,False,86.278,"[2048, 2049, 2048, 2048, 2048, 2048, 2048, 2048]","[2048, 2048, 2048, 2048, 2048, 2049, 2049]","[2048, 2048, 2049, 2049, 2049, 2048, 2048, 2048, 2048]",322.0,20_9157
1218,9157,20,43,2023-09-03T14:25:42.681000+00:00,28.315,29.607,28.589,312.0,330.0,False,86.511,"[None, 2048, 2048, 2048, 2048, 2048, 2048, 2048]","[2048, 2048, 2048, 2048, 2048, 2049, 2048]","[2049, 2048, 2048, 2048, 2048, 2048, 2048, 2048, 2048, 2049]",321.0,20_9157
1218,9157,20,44,2023-09-03T14:27:09.243000+00:00,28.262,29.531,28.721,315.0,330.0,False,86.514,"[2049, 2049, 2048, 2048, 2048, 2048, 2048, 2048]","[2048, 2048, 2048, 2048, 2048, 2048, 2048]","[2048, 2048, 2048, 2048, 2048, 2048, 2048, 2048, 2048]",323.0,20_9157
1218,9157,20,45,2023-09-03T14:28:35.695000+00:00,28.339,29.92,28.528,314.0,319.0,False,86.787,"[2048, 2048, 2048, 2048, 2048, 2048, 2048, 2048]","[2048, 2048, 2048, 2048, 2048, 2048, 2048]","[2048, 2048, 2048, 2048, 2048, 2048, 2048, 2048, 2049, 2049]",319.0,20_9157
1218,9157,20,46,2023-09-03T14:30:02.460000+00:00,28.337,29.813,28.833,316.0,327.0,False,86.983,"[2049, 2048, 2048, 2048, 2048, 2048, 2049, 2048]","[2049, 2048, 2048, 2048, 2048, 2048, 2048]","[2048, 2048, 2048, 2048, 2048, 2048, 2048, 2048, 2048]",318.0,20_9157
1218,9157,20,47,2023-09-03T14:31:29.474000+00:00,28.36,29.534,28.766,,333.0,False,86.66,"[2048, 2048, 2048, 2048, 2048, 2048, 2048, 2048]","[2048, 2048, 2048, 2048, 2048, 2049, 2049]","[2049, 2048, 2048, 2048, 2048, 2048, 2048, 2048, 2048]",321.0,20_9157
1218,9157,20,48,2023-09-03T14:32:56.161000+00:00,28.156,29.66,28.923,315.0,334.0,False,86.739,"[2049, 2049, 2048, 2048, 2048, 2048, 2048, 2048]","[2048, 2048, 2048, 2048, 2048, 2049, 2049]","[2048, 2048, 2048, 2048, 2048, 2048, 2048, 2048, 2048]",330.0,20_9157
1218,9157,20,49,2023-09-03T14:34:22.894000+00:00,28.211,29.897,28.946,314.0,329.0,False,87.054,"[2048, 2048, 2048, 2048, 2048, 2048, 2048, 2048]","[2048, 2048, 2048, 2048, 2048, 2048, 2048]","[2048, 2048, 2048, 2048, 2048, 2048, 2048, 2048, 2048, 2048]",327.0,20_9157
1218,9157,20,50,2023-09-03T14:35:49.909000+00:00,28.345,29.456,29.103,312.0,330.0,False,86.904,"[None, 2048, 2048, 2048, 2048, 2048, 2048, 2048]","[2048, 2050, 2048, 2048, 2048, 2048, 2048]","[2048, 2048, 2048, 2048, 2048, 2048, 2048, 2048, 2048, 2064]",320.0,20_9157
1218,9157,20,51,2023-09-03T14:43:31.982000+00:00,,,,,,False,,,,,,20_9157
1218,9157,22,1,2023-09-03T13:23:22.770000+00:00,,,,,,False,,"[2048, 2048, 2048, 2048, 2048, 2048, 2048, 2048]","[2048, 2048, 2048, 2048, 2048, 2048, 2048]","[2048, 2048, 2048, 2048, 2048, 0, 0, 0, 0, 0]",,22_9157
1218,9157,23,1,2023-09-03T13:23:22.770000+00:00,31.247,30.961,28.839,333.0,316.0,False,91.047,"[2048, 2049, 2049, 2049, 2049, 2049, 2049, 2049]","[2049, 2049, 2049, 2049, 2049, 2049, 2049]","[2049, 2049, 2051, 2051, 2049, 2049, 2049, 2049, 2051, 2051]",280.0,23_9157
1218,9157,23,2,2023-09-03T13:24:53.816000+00:00,28.248,30.336,28.483,321.0,311.0,False,87.067,"[2049, 2049, 2049, 2049, 2051, 2049, 2049, 2048]","[2051, 2048, 2048, 2049, 2049, 2051, 2048]","[2049, 2049, 2048, 2048, 2048, 2049, 2049, 2049, 2048]",325.0,23_9157
1218,9157,23,3,2023-09-03T13:26:20.877000+00:00,28.241,29.807,28.53,309.0,314.0,False,86.578,"[2048, 2048, 2049, 2049, 2048, 2048, 2048, 2048]","[2048, 2049, 2049, 2049, 2048, 2049, 2048]","[2049, 2049, 2049, 2048, 2048, 2048, 2049, 2048, 2048, 2048]",320.0,23_9157
1218,9157,23,4,2023-09-03T13:27:47.470000+00:00,28.184,29.904,28.596,312.0,315.0,False,86.684,"[None, 2048, 2049, 2048, 2048, 2048, 2048, 2048]","[2048, 2048, 2048, 2048, 2048, 2048, 2048]","[2049, 2048, 2048, 2048, 2048, 2048, 2048, 2048, 2048]",317.0,23_9157
1218,9157,23,5,2023-09-03T13:29:14.172000+00:00,28.009,29.945,28.914,313.0,315.0,False,86.868,"[None, 2049, 2049, 2049, 2048, 2048, 2048, 2048]","[2048, 2048, 2048, 2048, 2048, 2048, 2049]","[2048, 2048, 2048, 2048, 2048, 2048, 2048, 2048, 2048]",329.0,23_9157
1218,9157,23,6,2023-09-03T13:30:41.031000+00:00,28.084,29.831,28.746,315.0,316.0,False,86.661,"[None, 2048, 2048, 2048, 2048, 2048, 2048, 2048]","[2048, 2048, 2048, 2049, 2048, 2048, 2049]","[2048, 2048, 2048, 2048, 2048, 2048, 2048, 2048, 2048, 2048]",326.0,23_9157
1218,9157,23,7,2023-09-03T13:32:07.701000+00:00,28.14,29.88,28.753,313.0,315.0,False,86.773,"[None, 2048, 2048, 2048, 2048, 2048, 2048, 2048]","[2048, 2049, 2048, 2048, 2048, 2048, 2048]","[2048, 2048, 2048, 2048, 2048, 2048, 2048, 2048, 2048]",319.0,23_9157
1218,9157,23,8,2023-09-03T13:33:34.451000+00:00,28.164,29.789,28.723,315.0,315.0,False,86.676,"[None, 2048, 2048, 2048, 2048, 2048, 2048, 2048]","[2048, 2049, 2049, 2048, 2048, 2048, 2049]","[2048, 2048, 2048, 2048, 2048, 2048, 2048, 2048, 2048, 2048]",324.0,23_9157
1218,9157,23,9,2023-09-03T13:35:01.200000+00:00,28.13,29.905,28.803,313.0,313.0,False,86.838,"[None, 2048, 2048, 2048, 2048, 2048, 2048, 2048]","[2048, 2048, 2048, 2048, 2048, 2048, 2048]","[2048, 2048, 2048, 2048, 2048, 2048, 2048, 2048, 2048]",322.0,23_9157
1218,9157,23,10,2023-09-03T13:36:27.980000+00:00,28.217,30.202,28.886,312.0,311.0,False,87.305,"[None, 2048, 2048, 2048, 2048, 2048, 2048, 2048]","[2048, 2048, 2048, 2048, 2048, 2048, 2048]","[2048, 2048, 2048, 2048, 2048, 2048, 2048, 2048, 2048]",320.0,23_9157
1218,9157,23,11,2023-09-03T13:37:55.323000+00:00,28.21,30.253,28.926,313.0,312.0,False,87.389,"[None, 2048, 2048, 2048, 2048, 2048, 2048, 2048]","[2048, 2048, 2048, 2048, 2048, 2048, 2048]","[2048, 2048, 2048, 2048, 2048, 2048, 2048, 2048, 2048, 2048]",,23_9157
1218,9157,23,12,2023-09-03T13:39:22.681000+00:00,28.244,30.301,28.988,314.0,313.0,False,87.533,"[None, 2048, 2048, 2048, 2048, 2048, 2048, 2048]","[2048, 2048, 2048, 2048, 2048, 2048, 2048]","[2048, 2048, 2048, 2048, 2048, 2048, 2048, 2048, 2048]",324.0,23_9157
1218,9157,23,13,2023-09-03T13:40:50.211000+00:00,28.382,30.287,29.007,,314.0,False,87.676,"[None, 2048, 2048, 2048, 2048, 2048, 2048, 2048]","[2048, 2048, 2048, 2048, 2048, 2048, 2048]","[2048, 2048, 2048, 2048, 2048, 2048, 2048, 2048, 2048, 2048]",320.0,23_9157
1218,9157,23,14,2023-09-03T13:42:18.085000+00:00,28.419,30.381,28.923,313.0,311.0,False,87.723,"[None, 2048, 2048, 2048, 2048, 2048, 2048, 2048]","[2048, 2048, 2048, 2048, 2048, 2048, 2048]","[2048, 2048, 2048, 2048, 2048, 2048, 2048, 2048, 2048, 2048]",321.0,23_9157
1218,9157,23,15,2023-09-03T13:43:45.647000+00:00,28.471,30.42,33.41,316.0,314.0,False,92.301,"[None, 2048, 2048, 2048, 2048, 2048, 2048, 2048]","[2048, 2048, 2048, 2048, 2048, 2048, 2048]","[2048, 2048, 2048, 2048, 2048, 2048, 2048, 2048, 2048, 2064]",318.0,23_9157
1218,9157,23,16,2023-09-03T13:45:17.974000+00:00,48.509,30.09,29.006,321.0,306.0,True,107.605,"[2064, 2064, 2048, 2048, 2048, 2048, 2048, 2048]","[2048, 2048, 2048, 2048, 2048, 2048, 2048]","[2048, 2048, 2048, 2048, 2048, 2048, 2048, 2048, 2048, 2048]",283.0,23_9157
1218,9157,23,17,2023-09-03T13:47:05.551000+00:00,28.112,29.907,29.068,314.0,310.0,False,87.087,"[2048, 2048, 2048, 2049, 2048, 2048, 2048, 2048]","[2048, 2048, 2048, 2049, 2048, 2048, 2048]","[2048, 2048, 2048, 2048, 2048, 2048, 2048, 2048, 2048, 2048]",317.0,23_9157
1218,9157,23,18,2023-09-03T13:48:32.628000+00:00,28.215,29.832,28.846,,310.0,False,86.893,"[None, 2048, 2048, 2048, 2048, 2048, 2048, 2048]","[2048, 2048, 2048, 2049, 2048, 2049, 2048]","[2048, 2048, 2048, 2048, 2048, 2048, 2048, 2048, 2048, 2048]",314.0,23_9157
1218,9157,23,19,2023-09-03T13:49:59.549000+00:00,28.421,30.061,28.826,312.0,311.0,False,87.308,"[None, 2048, 2048, 2048, 2048, 2048, 2048, 2048]","[2048, 2048, 2048, 2048, 2048, 2048, 2048]","[2048, 2048, 2048, 2048, 2048, 2048, 2048, 2048, 2048]",,23_9157
1218,9157,23,20,2023-09-03T13:51:26.845000+00:00,28.207,29.964,28.682,315.0,316.0,False,86.853,"[None, 2048, 2048, 2048, 2048, 2048, 2048, 2048]","[2048, 2048, 2048, 2048, 2048, 2049, 2049]","[2048, 2048, 2048, 2048, 2048, 2048, 2048, 2048, 2048]",322.0,23_9157
1218,9157,23,21,2023-09-03T13:52:53.594000+00:00,28.063,29.888,28.65,317.0,318.0,False,86.601,"[None, 2048, 2048, 2048, 2048, 2048, 2048, 2048]","[2048, 2048, 2048, 2048, 2048, 2048, 2049]","[2048, 2048, 2048, 2048, 2048, 2048, 2048, 2048, 2048, 2049]",320.0,23_9157
1218,9157,23,22,2023-09-03T13:54:20.327000+00:00,28.065,30.017,28.751,315.0,315.0,False,86.833,"[2049, 2048, 2049, 2048, 2048, 2048, 2048, 2048]","[2048, 2048, 2048, 2048, 2048, 2048, 2048]","[2048, 2048, 2048, 2048, 2048, 2048, 2048, 2048, 2049]",326.0,23_9157
1218,9157,23,23,2023-09-03T13:55:46.998000+00:00,28.072,30.021,28.82,316.0,313.0,False,86.913,"[None, 2049, 2048, 2048, 2048, 2048, 2048, 2048]","[2048, 2048, 2048, 2048, 2048, 2048, 2048]","[2048, 2048, 2048, 2048, 2048, 2048, 2048, 2048, 2048]",334.0,23_9157
1218,9157,23,24,2023-09-03T13:57:13.935000+00:00,28.141,29.93,28.677,314.0,315.0,False,86.748,"[2048, 2048, 2048, 2048, 2048, 2048, 2048, 2048]","[2048, 2048, 2048, 2048, 2048, 2048, 2048]","[2048, 2048, 2048, 2048, 2048, 2048, 2048, 2048, 2048]",322.0,23_9157
1218,9157,23,25,2023-09-03T13:58:40.699000+00:00,28.176,29.914,28.808,316.0,315.0,False,86.898,"[None, 2048, 2048, 2048, 2048, 2048, 2048, 2048]","[2048, 2048, 2048, 2048, 2048, 2048, 2048]","[2048, 2048, 2048, 2048, 2048, 2048, 2048, 2048, 2048]",319.0,23_9157
1218,9157,23,26,2023-09-03T14:00:07.558000+00:00,28.19,29.944,28.915,313.0,313.0,False,87.049,"[None, 2048, 2048, 2048, 2048, 2048, 2048, 2048]","[2048, 2048, 2048, 2048, 2048, 2048, 2048]","[2048, 2048, 2048, 2048, 2048, 2048, 2048, 2048, 2048, 2048]",322.0,23_9157
1218,9157,23,27,2023-09-03T14:01:34.713000+00:00,28.082,29.815,28.838,315.0,316.0,False,86.735,"[None, 2048, 2049, 2048, 2048, 2048, 2048, 2048]","[2048, 2048, 2048, 2048, 2048, 2048, 2048]","[2048, 2048, 2048, 2048, 2048, 2048, 2048, 2048, 2048, 2048]",324.0,23_9157
1218,9157,23,28,2023-09-03T14:03:01.493000+00:00,28.288,29.896,28.84,314.0,313.0,False,87.024,"[None, 2048, 2048, 2048, 2048, 2048, 2048, 2048]","[2048, 2048, 2048, 2048, 2048, 2048, 2048]","[2048, 2048, 2048, 2048, 2048, 2048, 2048, 2048, 2048]",323.0,23_9157
1218,9157,23,29,2023-09-03T14:04:28.383000+00:00,28.186,29.957,28.834,317.0,315.0,False,86.977,"[None, 2048, 2048, 2048, 2048, 2048, 2048, 2048]","[2048, 2048, 2048, 2048, 2048, 2048, 2048]","[2048, 2048, 2048, 2048, 2048, 2048, 2048, 2048, 2048, 2048]",318.0,23_9157
1218,9157,23,30,2023-09-03T14:05:55.460000+00:00,28.382,29.892,28.666,314.0,313.0,False,86.94,"[None, 2048, 2048, 2048, 2048, 2048, 2048, 2048]","[2048, 2048, 2048, 2048, 2048, 2048, 2048]","[2048, 2048, 2048, 2048, 2048, 2048, 2048, 2048, 2048]",323.0,23_9157
1218,9157,23,31,2023-09-03T14:07:22.412000+00:00,28.29,29.916,28.529,316.0,313.0,False,86.735,"[None, 2048, 2048, 2048, 2048, 2048, 2048, 2048]","[2048, 2048, 2048, 2048, 2048, 2048, 2048]","[2048, 2049, 2049, 2048, 2048, 2048, 2048, 2048, 2048]",317.0,23_9157
1218,9157,23,32,2023-09-03T14:08:49.099000+00:00,28.117,29.915,28.4,314.0,312.0,False,86.432,"[None, 2048, 2048, 2048, 2048, 2048, 2048, 2048]","[2048, 2048, 2048, 2048, 2048, 2048, 2048]","[2048, 2049, 2049, 2048, 2048, 2048, 2048, 2048, 2048, 2048]",324.0,23_9157
1218,9157,23,33,2023-09-03T14:10:15.598000+00:00,28.232,29.706,28.451,316.0,313.0,False,86.389,"[None, 2048, 2048, 2048, 2048, 2048, 2048, 2048]","[2048, 2049, 2048, 2048, 2048, 2048, 2048]","[2048, 2048, 2049, 2048, 2048, 2048, 2048, 2048, 2048]",318.0,23_9157
1218,9157,23,34,2023-09-03T14:11:41.941000+00:00,28.181,29.9,28.498,314.0,312.0,False,86.579,"[None, 2048, 2048, 2048, 2048, 2048, 2048, 2048]","[2048, 2048, 2048, 2048, 2048, 2048, 2048]","[2048, 2048, 2049, 2048, 2048, 2048, 2048, 2048, 2048]",,23_9157
1218,9157,23,35,2023-09-03T14:13:08.580000+00:00,28.217,29.901,28.427,316.0,315.0,False,86.545,"[None, 2048, 2048, 2048, 2048, 2048, 2048, 2048]","[2048, 2048, 2048, 2048, 2048, 2048, 2048]","[2048, 2048, 2048, 2048, 2048, 2048, 2048, 2048, 2048, 2048]",,23_9157
1218,9157,23,36,2023-09-03T14:14:35.111000+00:00,28.478,30.039,28.464,314.0,313.0,False,86.981,"[None, 2048, 2048, 2048, 2048, 2048, 2048, 2048]","[2048, 2048, 2048, 2048, 2048, 2048, 2048]","[2048, 2048, 2048, 2048, 2048, 2048, 2048, 2048, 2048, 2048]",322.0,23_9157
1218,9157,23,37,2023-09-03T14:16:02.141000+00:00,28.361,29.997,28.473,316.0,313.0,False,86.831,"[None, 2048, 2048, 2048, 2048, 2048, 2048, 2048]","[2048, 2048, 2048, 2048, 2048, 2049, 2048]","[2048, 2048, 2048, 2048, 2048, 2048, 2048, 2048, 2048, 2048]",318.0,23_9157
1218,9157,23,38,2023-09-03T14:17:28.859000+00:00,28.615,30.113,28.642,314.0,312.0,False,87.37,"[None, 2048, 2049, 2048, 2048, 2048, 2048, 2048]","[2048, 2048, 2048, 2048, 2048, 2048, 2048]","[2048, 2048, 2048, 2048, 2048, 2048, 2048, 2048, 2048, 2048]",331.0,23_9157
1218,9157,23,39,2023-09-03T14:18:56.248000+00:00,28.267,30.116,28.419,318.0,314.0,False,86.802,"[None, 2048, 2048, 2048, 2048, 2048, 2048, 2048]","[2048, 2048, 2048, 2048, 2048, 2048, 2048]","[2048, 2048, 2048, 2048, 2048, 2048, 2048, 2048, 2048, 2048]",318.0,23_9157
1218,9157,23,40,2023-09-03T14:20:23.122000+00:00,28.148,30.04,28.384,315.0,312.0,False,86.572,"[None, 2048, 2048, 2048, 2048, 2048, 2048, 2048]","[2048, 2048, 2048, 2048, 2048, 2048, 2048]","[2048, 2049, 2049, 2048, 2048, 2048, 2048, 2048, 2048]",322.0,23_9157
1218,9157,23,41,2023-09-03T14:21:49.653000+00:00,28.205,30.008,28.462,316.0,314.0,False,86.675,"[None, 2048, 2048, 2048, 2048, 2048, 2048, 2048]","[2048, 2048, 2048, 2048, 2048, 2048, 2048]","[2048, 2048, 2048, 2048, 2048, 2048, 2048, 2048, 2048]",317.0,23_9157
1218,9157,23,42,2023-09-03T14:23:16.339000+00:00,28.164,30.191,28.353,,314.0,False,86.708,"[None, 2048, 2048, 2048, 2048, 2048, 2048, 2048]","[2048, 2048, 2048, 2048, 2048, 2048, 2048]","[2048, 2049, 2049, 2048, 2048, 2048, 2048, 2048, 2049]",322.0,23_9157
1218,9157,23,43,2023-09-03T14:24:43.088000+00:00,28.435,30.083,28.395,318.0,314.0,False,86.913,"[None, 2048, 2048, 2048, 2048, 2048, 2048, 2048]","[2048, 2048, 2048, 2048, 2048, 2048, 2048]","[2049, 2049, 2049, 2048, 2048, 2048, 2048, 2048, 2048, 2048]",319.0,23_9157
1218,9157,23,44,2023-09-03T14:26:09.978000+00:00,28.419,30.879,28.427,320.0,311.0,False,87.725,"[None, 2048, 2048, 2048, 2048, 2048, 2048, 2048]","[2048, 2048, 2048, 2048, 2048, 2048, 2048]","[2048, 2048, 2049, 2049, 2048, 2048, 2048, 2048, 2049, 2048]",333.0,23_9157
1218,9157,23,45,2023-09-03T14:27:37.633000+00:00,28.291,30.171,28.445,318.0,314.0,False,86.907,"[None, 2048, 2048, 2048, 2048, 2048, 2048, 2048]","[2048, 2048, 2048, 2048, 2048, 2048, 2048]","[2048, 2048, 2048, 2048, 2048, 2048, 2048, 2048, 2048]",327.0,23_9157
1218,9157,23,46,2023-09-03T14:29:04.570000+00:00,28.431,30.313,28.508,317.0,315.0,False,87.252,"[None, 2048, 2048, 2048, 2048, 2048, 2048, 2048]","[2048, 2048, 2048, 2048, 2048, 2048, 2048]","[2048, 2048, 2048, 2048, 2048, 2048, 2048, 2048, 2048, 2048]",318.0,23_9157
1218,9157,23,47,2023-09-03T14:30:31.787000+00:00,28.978,31.009,28.504,321.0,316.0,False,88.491,"[None, 2048, 2048, 2048, 2048, 2048, 2048, 2048]","[2048, 2048, 2048, 2048, 2048, 2048, 2048]","[2048, 2048, 2048, 2048, 2048, 2048, 2048, 2048, 2048]",319.0,23_9157
1218,9157,23,48,2023-09-03T14:32:00.349000+00:00,28.118,30.185,28.519,319.0,316.0,False,86.822,"[None, 2048, 2048, 2048, 2048, 2048, 2048, 2048]","[2048, 2048, 2048, 2048, 2048, 2048, 2048]","[2048, 2048, 2048, 2049, 2048, 2049, 2048, 2048, 2048, 2048]",333.0,23_9157
1218,9157,23,49,2023-09-03T14:33:27.129000+00:00,28.348,30.647,28.574,321.0,317.0,False,87.569,"[None, 2048, 2049, 2048, 2048, 2048, 2049, 2048]","[2048, 2048, 2048, 2048, 2048, 2048, 2048]","[2049, 2048, 2048, 2048, 2048, 2048, 2048, 2048, 2049, 2048]",330.0,23_9157
1218,9157,23,50,2023-09-03T14:34:54.753000+00:00,28.281,30.432,28.484,316.0,313.0,False,87.197,"[None, 2048, 2048, 2048, 2048, 2048, 2048, 2048]","[2048, 2048, 2048, 2048, 2048, 2048, 2048]","[2048, 2048, 2049, 2048, 2048, 2048, 2048, 2048, 2048, 2048]",320.0,23_9157
1218,9157,23,51,2023-09-03T14:36:21.893000+00:00,28.523,30.28,28.63,318.0,315.0,False,87.433,"[None, 2048, 2048, 2048, 2048, 2048, 2048, 2048]","[2048, 2048, 2048, 2048, 2048, 2048, 2048]","[2048, 2048, 2048, 2048, 2048, 2048, 2048, 2048, 2048, 2064]",321.0,23_9157
1218,9157,23,52,2023-09-03T14:43:31.982000+00:00,,,,,,False,,,,,,23_9157
1218,9157,24,1,2023-09-03T13:23:22.770000+00:00,33.077,32.414,29.962,328.0,313.0,False,95.453,"[2048, 2049, 2049, 2049, 2049, 2049, 2051, 2049]","[2049, 2049, 2049, 2049, 2049, 2051, 2051]","[2049, 2049, 2049, 2049, 2049, 2049, 2049, 2049, 2051, 2051]",266.0,24_9157
1218,9157,24,2,2023-09-03T13:24:58.222000+00:00,28.482,30.515,29.17,313.0,314.0,False,88.167,"[2051, 2051, 2049, 2049, 2048, 2048, 2048, 2048]","[2049, 2049, 2049, 2049, 2049, 2048, 2048]","[2049, 2049, 2051, 2049, 2049, 2049, 2049, 2049, 2048, 2051]",327.0,24_9157
1218,9157,24,3,2023-09-03T13:26:26.408000+00:00,,30.136,29.253,311.0,334.0,False,87.871,"[2048, 2048, 2049, 2049, 2048, 2048, 2048, 2048]","[2049, 2048, 2048, 2049, 2049, 2049, 2049]","[2049, 2048, 2048, 2048, 2048, 2048, 2049, 2048, 2051, 2051]",317.0,24_9157
1218,9157,24,4,2023-09-03T13:27:54.314000+00:00,28.252,30.256,29.107,,330.0,False,87.615,"[2051, 2049, 2049, 2048, 2048, 2048, 2048, 2048]","[2048, 2048, 2049, 2048, 2048, 2049, 2048]","[2048, 2048, 2048, 2048, 2048, 2048, 2049, 2048, 2048, 2048]",333.0,24_9157
1218,9157,24,5,2023-09-03T13:29:21.953000+00:00,28.265,30.158,29.112,307.0,327.0,False,87.535,"[2048, 2048, 2049, 2049, 2048, 2048, 2048, 2048]","[2048, 2049, 2049, 2049, 2049, 2048, 2048]","[2049, 2049, 2048, 2048, 2048, 2048, 2048, 2048, 2048]",330.0,24_9157
1218,9157,24,6,2023-09-03T13:30:49.421000+00:00,28.146,29.921,28.999,310.0,328.0,False,87.066,"[None, 2048, 2048, 2049, 2048, 2048, 2048, 2048]","[2049, 2049, 2048, 2049, 2049, 2051, 2048]","[2048, 2049, 2048, 2048, 2048, 2048, 2048, 2048, 2051, 2048]",327.0,24_9157
1218,9157,24,7,2023-09-03T13:32:16.592000+00:00,28.067,30.07,29.048,314.0,332.0,False,87.185,"[None, 2048, 2049, 2048, 2048, 2048, 2048, 2048]","[2048, 2048, 2049, 2048, 2048, 2048, 2048]","[2049, 2048, 2048, 2048, 2048, 2049, 2048, 2048, 2048]",332.0,24_9157
1218,9157,24,8,2023-09-03T13:33:43.700000+00:00,27.989,30.129,29.135,316.0,331.0,False,87.253,"[2049, 2049, 2049, 2048, 2048, 2048, 2048, 2048]","[2048, 2048, 2048, 2048, 2048, 2051, 2048]","[2048, 2048, 2048, 2048, 2049, 2049, 2048, 2048, 2048]",338.0,24_9157
1218,9157,24,9,2023-09-03T13:35:10.965000+00:00,28.063,30.105,29.248,315.0,331.0,False,87.416,"[2048, 2048, 2048, 2048, 2048, 2048, 2048, 2048]","[2048, 2048, 2048, 2048, 2048, 2051, 2048]","[2048, 2048, 2048, 2048, 2048, 2048, 2048, 2048, 2048, 2048]",336.0,24_9157
1218,9157,24,10,2023-09-03T13:36:38.386000+00:00,28.204,30.149,29.191,,332.0,False,87.544,"[None, 2048, 2048, 2048, 2048, 2048, 2048, 2048]","[2048, 2048, 2048, 2048, 2048, 2048, 2048]","[2048, 2048, 2048, 2049, 2048, 2048, 2048, 2048, 2048, 2048]",334.0,24_9157
1218,9157,24,11,2023-09-03T13:38:05.947000+00:00,28.088,30.366,33.733,,333.0,False,92.187,"[2049, 2049, 2048, 2048, 2048, 2048, 2048, 2048]","[2048, 2048, 2048, 2048, 2048, 2048, 2048]","[2048, 2048, 2048, 2049, 2049, 2049, 2048, 2048, 2048, 2064]",338.0,24_9157
1218,9157,24,12,2023-09-03T13:39:38.087000+00:00,48.832,29.749,28.656,309.0,309.0,True,107.237,"[2064, 2064, 2048, 2048, 2048, 2048, 2048, 2048]","[2049, 2049, 2049, 2049, 2049, 2048, 2048]","[2048, 2049, 2048, 2048, 2048, 2049, 2049, 2049, 2048, 2048]",281.0,24_9157
1218,9157,24,13,2023-09-03T13:41:25.320000+00:00,28.148,29.593,28.512,,310.0,False,86.253,"[2048, 2048, 2049, 2049, 2048, 2048, 2048, 2048]","[2049, 2049, 2049, 2049, 2048, 2048, 2048]","[2048, 2049, 2048, 2048, 2048, 2049, 2049, 2049, 2048]",313.0,24_9157
1218,9157,24,14,2023-09-03T13:42:51.522000+00:00,28.46,30.365,28.95,311.0,321.0,False,87.775,"[None, 2048, 2048, 2048, 2048, 2048, 2048, 2048]","[2048, 2048, 2048, 2048, 2048, 2048, 2048]","[2048, 2048, 2049, 2048, 2048, 2048, 2048, 2048, 2049]",310.0,24_9157
1218,9157,24,15,2023-09-03T13:44:19.334000+00:00,28.406,30.302,28.937,308.0,309.0,False,87.645,"[None, 2048, 2048, 2048, 2048, 2048, 2048, 2048]","[2048, 2048, 2048, 2048, 2048, 2048, 2048]","[2048, 2048, 2048, 2048, 2048, 2048, 2048, 2048, 2049]",327.0,24_9157
1218,9157,24,16,2023-09-03T13:45:46.927000+00:00,28.446,30.051,28.656,310.0,309.0,False,87.153,"[None, 2048, 2048, 2048, 2048, 2048, 2048, 2048]","[2048, 2048, 2048, 2048, 2048, 2048, 2048]","[2048, 2048, 2048, 2048, 2048, 2048, 2048, 2048, 2051]",310.0,24_9157
1218,9157,24,17,2023-09-03T13:47:14.160000+00:00,28.172,29.873,28.821,313.0,322.0,False,86.866,"[None, 2048, 2048, 2048, 2048, 2048, 2048, 2048]","[2048, 2048, 2048, 2048, 2048, 2048, 2048]","[2048, 2048, 2049, 2048, 2048, 2048, 2048, 2048, 2048, 2048]",322.0,24_9157
1218,9157,24,18,2023-09-03T13:48:41.019000+00:00,28.16,30.123,28.772,311.0,311.0,False,87.055,"[None, 2048, 2048, 2048, 2048, 2048, 2048, 2048]","[2048, 2048, 2048, 2048, 2048, 2048, 2048]","[2048, 2048, 2049, 2048, 2048, 2048, 2048, 2048, 2048, 2048]",328.0,24_9157
1218,9157,24,19,2023-09-03T13:50:08.127000+00:00,28.441,30.125,28.781,,312.0,False,87.347,"[None, 2048, 2048, 2048, 2048, 2048, 2048, 2048]","[2048, 2048, 2048, 2048, 2048, 2048, 2048]","[2048, 2048, 2048, 2048, 2048, 2048, 2048, 2048, 2048]",314.0,24_9157
1218,9157,24,20,2023-09-03T13:51:35.407000+00:00,28.351,29.988,28.736,312.0,314.0,False,87.075,"[None, 2048, 2048, 2048, 2048, 2048, 2048, 2048]","[2048, 2048, 2048, 2048, 2048, 2048, 2048]","[2048, 2048, 2048, 2048, 2048, 2048, 2048, 2048, 2048, 2049]",317.0,24_9157
1218,9157,24,21,2023-09-03T13:53:02.500000+00:00,28.288,30.072,28.81,,314.0,False,87.17,"[None, 2048, 2048, 2048, 2048, 2048, 2048, 2048]","[2048, 2048, 2048, 2048, 2048, 2048, 2048]","[2048, 2048, 2048, 2048, 2048, 2048, 2048, 2048, 2048]",315.0,24_9157
1218,9157,24,22,2023-09-03T13:54:29.593000+00:00,28.194,30.055,29.084,314.0,331.0,False,87.333,"[None, 2048, 2048, 2048, 2048, 2048, 2048, 2048]","[2048, 2048, 2048, 2048, 2048, 2048, 2048]","[2048, 2048, 2048, 2048, 2048, 2048, 2048, 2048, 2048, 2048]",,24_9157
1218,9157,24,23,2023-09-03T13:55:57.014000+00:00,28.295,30.1,28.89,315.0,325.0,False,87.285,"[None, 2048, 2048, 2048, 2048, 2048, 2048, 2048]","[2048, 2048, 2048, 2048, 2048, 2048, 2048]","[2049, 2048, 2048, 2048, 2048, 2048, 2048, 2048, 2048, 2048]",323.0,24_9157
1218,9157,24,24,2023-09-03T13:57:24.325000+00:00,28.236,30.034,28.883,314.0,326.0,False,87.153,"[None, 2048, 2048, 2048, 2048, 2048, 2048, 2048]","[2048, 2048, 2048, 2048, 2048, 2048, 2048]","[2048, 2048, 2048, 2048, 2048, 2048, 2048, 2048, 2049, 2049]",328.0,24_9157
1218,9157,24,25,2023-09-03T13:58:51.496000+00:00,28.099,29.997,28.932,,326.0,False,87.028,"[None, 2048, 2048, 2048, 2048, 2048, 2048, 2048]","[2048, 2048, 2048, 2048, 2048, 2048, 2048]","[2048, 2048, 2048, 2048, 2048, 2048, 2048, 2048, 2048]",,24_9157
1218,9157,24,26,2023-09-03T14:00:18.386000+00:00,28.167,30.017,28.98,315.0,327.0,False,87.164,"[None, 2048, 2048, 2048, 2048, 2048, 2048, 2048]","[2048, 2048, 2048, 2048, 2048, 2048, 2048]","[2048, 2048, 2048, 2048, 2048, 2048, 2048, 2048, 2048]",325.0,24_9157
1218,9157,24,27,2023-09-03T14:01:45.666000+00:00,28.22,30.206,28.922,314.0,317.0,False,87.348,"[None, 2048, 2048, 2048, 2048, 2048, 2048, 2048]","[2048, 2048, 2048, 2048, 2048, 2048, 2048]","[2048, 2048, 2048, 2048, 2048, 2048, 2048, 2048, 2048, 2048]",330.0,24_9157
1218,9157,24,28,2023-09-03T14:03:13.009000+00:00,28.358,30.492,29.008,,315.0,False,87.858,"[None, 2048, 2048, 2048, 2048, 2048, 2048, 2048]","[2048, 2048, 2048, 2048, 2048, 2048, 2048]","[2048, 2048, 2048, 2048, 2048, 2048, 2048, 2048, 2048, 2048]",316.0,24_9157
1218,9157,24,29,2023-09-03T14:04:40.852000+00:00,28.267,30.155,28.934,,315.0,False,87.356,"[None, 2048, 2048, 2048, 2048, 2048, 2048, 2048]","[2048, 2048, 2048, 2048, 2048, 2048, 2048]","[2048, 2048, 2048, 2048, 2048, 2048, 2048, 2048, 2048, 2048]",,24_9157
1218,9157,24,30,2023-09-03T14:06:08.257000+00:00,28.302,30.279,28.861,,311.0,False,87.442,"[None, 2048, 2048, 2048, 2048, 2048, 2048, 2048]","[2048, 2048, 2048, 2048, 2048, 2048, 2048]","[2048, 2048, 2048, 2048, 2048, 2048, 2048, 2048, 2048, 2048]",,24_9157
1218,9157,24,31,2023-09-03T14:07:35.709000+00:00,28.211,30.48,28.992,312.0,312.0,False,87.683,"[None, 2048, 2048, 2048, 2048, 2048, 2048, 2048]","[2048, 2048, 2048, 2048, 2048, 2048, 2048]","[2048, 2048, 2048, 2048, 2048, 2048, 2048, 2048, 2048]",,24_9157
1218,9157,24,32,2023-09-03T14:09:03.333000+00:00,28.341,30.496,28.983,313.0,312.0,False,87.82,"[None, 2048, 2048, 2048, 2048, 2048, 2048, 2048]","[2048, 2048, 2048, 2048, 2048, 2048, 2048]","[2048, 2048, 2048, 2048, 2048, 2048, 2048, 2048, 2048]",317.0,24_9157
1218,9157,24,33,2023-09-03T14:10:31.129000+00:00,28.279,30.442,33.331,,315.0,False,92.052,"[None, 2048, 2049, 2048, 2048, 2048, 2048, 2048]","[2048, 2048, 2048, 2048, 2048, 2048, 2048]","[2048, 2048, 2048, 2048, 2048, 2048, 2048, 2048, 2048, 2064]",318.0,24_9157
1218,9157,24,34,2023-09-03T14:12:03.144000+00:00,50.008,29.617,28.337,311.0,311.0,True,107.962,"[2064, 2064, 2048, 2048, 2048, 2048, 2048, 2048]","[2048, 2048, 2048, 2048, 2048, 2048, 2048]","[2049, 2049, 2048, 2048, 2048, 2048, 2048, 2049, 2049, 2048]",283.0,24_9157
1218,9157,24,35,2023-09-03T14:13:51.205000+00:00,27.928,29.6,28.455,313.0,312.0,False,85.983,"[2048, 2048, 2048, 2048, 2049, 2048, 2048, 2048]","[2048, 2048, 2049, 2048, 2048, 2048, 2048]","[2048, 2048, 2048, 2048, 2048, 2048, 2049, 2048, 2048, 2048]",316.0,24_9157
1218,9157,24,36,2023-09-03T14:15:17.157000+00:00,28.198,30.01,28.727,307.0,308.0,False,86.935,"[None, 2048, 2048, 2048, 2048, 2048, 2048, 2048]","[2048, 2048, 2048, 2048, 2048, 2048, 2048]","[2048, 2048, 2048, 2048, 2048, 2048, 2048, 2048, 2048]",313.0,24_9157
1218,9157,24,37,2023-09-03T14:16:44.078000+00:00,28.234,29.862,28.604,308.0,310.0,False,86.7,"[None, 2048, 2048, 2048, 2048, 2048, 2048, 2048]","[2048, 2048, 2048, 2048, 2048, 2048, 2048]","[2048, 2048, 2048, 2048, 2048, 2048, 2048, 2048, 2049]",,24_9157
1218,9157,24,38,2023-09-03T14:18:10.764000+00:00,28.223,29.783,28.497,,309.0,False,86.503,"[None, 2048, 2048, 2048, 2048, 2048, 2048, 2048]","[2048, 2048, 2048, 2048, 2049, 2048, 2048]","[2048, 2048, 2048, 2048, 2048, 2048, 2049, 2049, 2049, 2049]",314.0,24_9157
1218,9157,24,39,2023-09-03T14:19:37.295000+00:00,28.152,29.831,28.49,310.0,312.0,False,86.473,"[None, 2048, 2048, 2048, 2048, 2048, 2048, 2048]","[2048, 2048, 2048, 2048, 2048, 2048, 2048]","[2049, 2048, 2048, 2048, 2048, 2048, 2048, 2048, 2048]",,24_9157
1218,9157,24,40,2023-09-03T14:21:03.669000+00:00,28.171,29.731,28.504,309.0,309.0,False,86.406,"[None, 2048, 2049, 2048, 2048, 2048, 2048, 2048]","[2048, 2048, 2048, 2048, 2048, 2048, 2048]","[2048, 2048, 2048, 2048, 2048, 2048, 2048, 2048, 2048]",313.0,24_9157
1218,9157,24,41,2023-09-03T14:22:30.058000+00:00,28.255,29.765,28.58,308.0,311.0,False,86.6,"[None, 2048, 2048, 2048, 2048, 2048, 2048, 2048]","[2048, 2048, 2048, 2048, 2048, 2048, 2048]","[2048, 2048, 2048, 2048, 2048, 2048, 2048, 2048, 2048, 2048]",314.0,24_9157
1218,9157,24,42,2023-09-03T14:23:56.807000+00:00,28.22,29.943,28.508,309.0,312.0,False,86.671,"[None, 2048, 2048, 2048, 2048, 2048, 2048, 2048]","[2048, 2048, 2048, 2048, 2048, 2048, 2048]","[2048, 2048, 2048, 2048, 2048, 2048, 2048, 2048, 2048]",313.0,24_9157
1218,9157,24,43,2023-09-03T14:25:23.478000+00:00,28.075,29.782,28.431,,312.0,False,86.288,"[None, 2048, 2049, 2048, 2048, 2048, 2048, 2048]","[2048, 2048, 2048, 2048, 2048, 2049, 2048]","[2048, 2048, 2049, 2048, 2048, 2048, 2049, 2048, 2048, 2049]",316.0,24_9157
1218,9157,24,44,2023-09-03T14:26:49.774000+00:00,28.194,29.769,28.35,311.0,312.0,False,86.313,"[None, 2048, 2048, 2048, 2048, 2048, 2048, 2048]","[2048, 2048, 2048, 2048, 2048, 2048, 2048]","[2048, 2048, 2049, 2048, 2048, 2049, 2049, 2048, 2048, 2049]",315.0,24_9157
1218,9157,24,45,2023-09-03T14:28:16.023000+00:00,28.195,29.845,28.421,312.0,313.0,False,86.461,"[None, 2048, 2048, 2048, 2048, 2048, 2048, 2048]","[2048, 2048, 2048, 2048, 2048, 2048, 2048]","[2048, 2048, 2049, 2048, 2048, 2048, 2048, 2048, 2048]",,24_9157
1218,9157,24,46,2023-09-03T14:29:42.522000+00:00,28.096,29.697,28.341,313.0,315.0,False,86.134,"[None, 2048, 2048, 2048, 2048, 2048, 2048, 2048]","[2048, 2048, 2048, 2048, 2048, 2048, 2048]","[2048, 2048, 2048, 2048, 2048, 2048, 2048, 2048, 2048, 2049]",,24_9157
1218,9157,24,47,2023-09-03T14:31:08.787000+00:00,28.082,29.76,28.463,312.0,315.0,False,86.305,"[None, 2048, 2048, 2048, 2048, 2048, 2048, 2048]","[2048, 2048, 2048, 2048, 2048, 2049, 2048]","[2048, 2048, 2048, 2048, 2048, 2048, 2048, 2048, 2048, 2049]",316.0,24_9157
1218,9157,24,48,2023-09-03T14:32:34.942000+00:00,28.102,29.781,28.565,313.0,315.0,False,86.448,"[None, 2048, 2049, 2048, 2048, 2048, 2048, 2048]","[2048, 2048, 2048, 2048, 2048, 2048, 2048]","[2048, 2048, 2049, 2048, 2048, 2049, 2048, 2048, 2048, 2049]",318.0,24_9157
1218,9157,24,49,2023-09-03T14:34:01.363000+00:00,27.755,31.747,29.323,322.0,334.0,False,88.825,"[2049, 2048, 2048, 2048, 2048, 2048, 2048, 2048]","[2048, 2048, 2048, 2048, 2048, 2049, 2049]","[2048, 2048, 2049, 2049, 2049, 2048, 2048, 2048, 2048, 2049]",332.0,24_9157
1218,9157,24,50,2023-09-03T14:35:30.237000+00:00,28.313,29.952,28.503,308.0,312.0,False,86.768,"[2048, 2048, 2048, 2048, 2048, 2048, 2048, 2048]","[2048, 2048, 2048, 2048, 2048, 2048, 2048]","[2048, 2048, 2048, 2048, 2048, 2048, 2048, 2048, 2048, 2064]",314.0,24_9157
1218,9157,24,52,2023-09-03T14:43:31.982000+00:00,,,,,,False,,,,,,24_9157
1218,9157,27,1,2023-09-03T13:23:22.770000+00:00,32.355,31.435,29.179,309.0,309.0,False,92.969,"[2048, 2049, 2049, 2049, 2049, 2049, 2049, 2049]","[2049, 2049, 2049, 2049, 2049, 2049, 2049]","[2049, 2049, 2049, 2049, 2049, 2049, 2049, 2049, 2049, 0]",280.0,27_9157
1218,9157,27,2,2023-09-03T13:24:55.738000+00:00,28.659,30.195,29.066,313.0,312.0,False,87.92,"[2049, 2049, 2049, 2049, 2048, 2048, 2048, 2049]","[2049, 2049, 2049, 2049, 2049, 2048, 2049]","[2049, 2049, 2049, 2049, 2049, 2048, 2048, 2048, 2048]",311.0,27_9157
1218,9157,27,3,2023-09-03T13:26:23.721000+00:00,28.522,30.018,28.82,309.0,324.0,False,87.36,"[2048, 2048, 2049, 2049, 2048, 2048, 2048, 2048]","[2048, 2049, 2049, 2048, 2049, 2049, 2049]","[2049, 2049, 2048, 2048, 2048, 2049, 2049, 2049, 2049, 2049]",309.0,27_9157
1218,9157,27,4,2023-09-03T13:27:51.032000+00:00,28.353,30.179,28.668,,323.0,False,87.2,"[2049, 2049, 2049, 2048, 2048, 2048, 2048, 2048]","[2048, 2048, 2048, 2048, 2048, 2048, 2048]","[2049, 2049, 2049, 2048, 2048, 2049, 2048, 2048, 2049, 2049]",325.0,27_9157
1218,9157,27,5,2023-09-03T13:29:18.344000+00:00,28.304,29.951,28.78,,323.0,False,87.035,"[None, 2048, 2049, 2048, 2048, 2048, 2048, 2048]","[2048, 2048, 2049, 2049, 2049, 2048, 2048]","[2049, 2048, 2049, 2048, 2048, 2048, 2048, 2048, 2048, 2048]",322.0,27_9157
1218,9157,27,6,2023-09-03T13:30:45.359000+00:00,28.369,29.99,28.81,310.0,315.0,False,87.169,"[2048, 2048, 2048, 2048, 2048, 2048, 2048, 2048]","[2048, 2048, 2048, 2049, 2049, 2048, 2048]","[2048, 2048, 2049, 2049, 2048, 2048, 2048, 2048, 2048, 2048]",320.0,27_9157
1218,9157,27,7,2023-09-03T13:32:12.498000+00:00,28.474,30.088,28.903,309.0,311.0,False,87.465,"[None, 2048, 2049, 2048, 2048, 2048, 2048, 2048]","[2049, 2048, 2048, 2048, 2048, 2048, 2048]","[2048, 2048, 2048, 2048, 2048, 2048, 2048, 2048, 2048, 2048]",315.0,27_9157
1218,9157,27,8,2023-09-03T13:33:39.966000+00:00,28.665,30.421,28.973,315.0,324.0,False,88.059,"[None, 2048, 2049, 2048, 2048, 2048, 2048, 2049]","[2048, 2048, 2048, 2048, 2048, 2048, 2048]","[2048, 2048, 2048, 2049, 2049, 2048, 2048, 2048, 2048, 2048]",328.0,27_9157
1218,9157,27,9,2023-09-03T13:35:08.028000+00:00,28.412,30.067,29.002,311.0,322.0,False,87.481,"[None, 2048, 2048, 2048, 2048, 2048, 2048, 2048]","[2048, 2048, 2049, 2048, 2048, 2048, 2048]","[2048, 2048, 2049, 2048, 2048, 2048, 2048, 2048, 2048]",320.0,27_9157
1218,9157,27,10,2023-09-03T13:36:35.480000+00:00,28.453,30.17,28.94,309.0,311.0,False,87.563,"[None, 2048, 2048, 2048, 2048, 2048, 2048, 2048]","[2048, 2048, 2048, 2048, 2048, 2048, 2048]","[2048, 2048, 2048, 2048, 2048, 2049, 2048, 2048, 2048]",319.0,27_9157
1218,9157,27,11,2023-09-03T13:38:03.057000+00:00,28.668,30.428,28.959,307.0,309.0,False,88.055,"[None, 2048, 2048, 2048, 2048, 2048, 2048, 2048]","[2048, 2048, 2048, 2048, 2048, 2048, 2048]","[2048, 2048, 2048, 2048, 2048, 2048, 2048, 2048, 2048, 2048]",315.0,27_9157
1218,9157,27,12,2023-09-03T13:39:31.087000+00:00,29.194,30.785,29.112,314.0,322.0,False,89.091,"[None, 2048, 2048, 2048, 2048, 2048, 2048, 2049]","[2048, 2048, 2048, 2048, 2048, 2048, 2048]","[2048, 2048, 2048, 2048, 2048, 2048, 2048, 2048, 2048]",316.0,27_9157
1218,9157,27,13,2023-09-03T13:41:00.180000+00:00,28.418,30.638,28.953,312.0,313.0,False,88.009,"[None, 2049, 2048, 2048, 2048, 2048, 2048, 2048]","[2049, 2048, 2048, 2048, 2048, 2048, 2048]","[2048, 2048, 2048, 2048, 2048, 2048, 2048, 2048, 2048]",325.0,27_9157
1218,9157,27,14,2023-09-03T13:42:28.116000+00:00,28.583,31.022,33.053,319.0,308.0,False,92.658,"[None, 2048, 2049, 2048, 2048, 2048, 2048, 2048]","[2048, 2048, 2048, 2048, 2048, 2048, 2048]","[2048, 2049, 2048, 2048, 2048, 2048, 2048, 2048, 2048, 2064]",327.0,27_9157
1218,9157,27,15,2023-09-03T13:44:00.834000+00:00,50.388,30.303,28.924,315.0,321.0,True,109.615,"[2064, 2064, 2048, 2048, 2049, 2048, 2048, 2048]","[2048, 2048, 2049, 2049, 2048, 2048, 2048]","[2048, 2048, 2048, 2048, 2048, 2048, 2048, 2048, 2049, 2048]",261.0,27_9157
1218,9157,27,16,2023-09-03T13:45:50.442000+00:00,28.381,29.965,28.644,310.0,308.0,False,86.99,"[2048, 2048, 2048, 2049, 2048, 2048, 2048, 2048]","[2049, 2049, 2048, 2049, 2048, 2048, 2048]","[2048, 2048, 2048, 2048, 2048, 2048, 2049, 2049, 2049]",313.0,27_9157
1218,9157,27,17,2023-09-03T13:47:17.473000+00:00,28.315,29.968,28.705,,309.0,False,86.988,"[None, 2048, 2048, 2049, 2048, 2048, 2048, 2048]","[2048, 2049, 2048, 2049, 2048, 2048, 2048]","[2048, 2048, 2048, 2048, 2048, 2048, 2048, 2048, 2048, 2048]",,27_9157
1218,9157,27,18,2023-09-03T13:48:44.472000+00:00,28.432,30.085,28.777,308.0,307.0,False,87.294,"[None, 2048, 2048, 2048, 2048, 2048, 2048, 2048]","[2048, 2048, 2048, 2048, 2049, 2048, 2048]","[2048, 2048, 2048, 2048, 2048, 2048, 2049, 2048, 2048, 2048]",310.0,27_9157
1218,9157,27,19,2023-09-03T13:50:11.721000+00:00,28.491,30.078,28.743,,307.0,False,87.312,"[None, 2048, 2048, 2048, 2048, 2048, 2048, 2048]","[2048, 2048, 2048, 2049, 2049, 2048, 2048]","[2048, 2048, 2048, 2048, 2048, 2048, 2049, 2048, 2049, 2048]",,27_9157
1218,9157,27,20,2023-09-03T13:51:39.063000+00:00,28.437,29.93,28.711,,311.0,False,87.078,"[None, 2048, 2048, 2048, 2048, 2048, 2048, 2048]","[2048, 2048, 2049, 2048, 2049, 2048, 2048]","[2048, 2048, 2048, 2048, 2048, 2048, 2048, 2048, 2048, 2048]",313.0,27_9157
1218,9157,27,21,2023-09-03T13:53:06.125000+00:00,28.445,29.983,28.733,309.0,310.0,False,87.161,"[None, 2048, 2048, 2048, 2048, 2048, 2048, 2048]","[2048, 2048, 2048, 2048, 2048, 2048, 2048]","[2048, 2048, 2048, 2048, 2048, 2048, 2048, 2048, 2049]",312.0,27_9157
1218,9157,27,22,2023-09-03T13:54:33.171000+00:00,28.383,30.088,28.603,310.0,311.0,False,87.074,"[None, 2048, 2048, 2048, 2048, 2048, 2048, 2048]","[2048, 2048, 2048, 2048, 2048, 2048, 2048]","[2048, 2048, 2049, 2048, 2048, 2048, 2048, 2048, 2049]",313.0,27_9157
1218,9157,27,23,2023-09-03T13:56:00.342000+00:00,28.497,30.184,28.609,309.0,309.0,False,87.29,"[None, 2048, 2048, 2048, 2048, 2048, 2048, 2048]","[2048, 2048, 2048, 2048, 2048, 2048, 2048]","[2048, 2048, 2049, 2048, 2048, 2048, 2048, 2048, 2049, 2048]",310.0,27_9157
1218,9157,27,24,2023-09-03T13:57:27.622000+00:00,28.32,30.111,28.712,310.0,312.0,False,87.143,"[None, 2048, 2048, 2048, 2048, 2048, 2048, 2048]","[2048, 2048, 2048, 2048, 2048, 2048, 2048]","[2048, 2048, 2048, 2048, 2048, 2048, 2049, 2048, 2048, 2048]",316.0,27_9157
1218,9157,27,25,2023-09-03T13:58:54.824000+00:00,28.362,30.216,28.651,309.0,311.0,False,87.229,"[None, 2048, 2048, 2048, 2048, 2048, 2048, 2048]","[2048, 2048, 2048, 2048, 2048, 2048, 2048]","[2048, 2048, 2048, 2048, 2048, 2048, 2048, 2048, 2048]",,27_9157
1218,9157,27,26,2023-09-03T14:00:21.933000+00:00,28.518,30.161,28.665,,311.0,False,87.344,"[None, 2048, 2048, 2048, 2048, 2048, 2048, 2048]","[2048, 2048, 2049, 2048, 2048, 2048, 2048]","[2048, 2048, 2048, 2048, 2048, 2048, 2048, 2048, 2048]",314.0,27_9157
1218,9157,27,27,2023-09-03T14:01:49.291000+00:00,28.425,29.874,28.781,310.0,313.0,False,87.08,"[None, 2048, 2048, 2048, 2048, 2048, 2048, 2048]","[2048, 2048, 2049, 2048, 2048, 2048, 2048]","[2048, 2048, 2048, 2048, 2048, 2048, 2048, 2048, 2048, 2048]",316.0,27_9157
1218,9157,27,28,2023-09-03T14:03:16.446000+00:00,28.478,30.261,28.861,311.0,312.0,False,87.6,"[None, 2048, 2048, 2048, 2048, 2048, 2048, 2048]","[2048, 2048, 2048, 2048, 2048, 2048, 2048]","[2048, 2048, 2048, 2048, 2048, 2048, 2048, 2048, 2048, 2048]",312.0,27_9157
1218,9157,27,29,2023-09-03T14:04:44.070000+00:00,28.456,30.06,28.95,,312.0,False,87.466,"[None, 2048, 2048, 2048, 2048, 2048, 2048, 2048]","[2048, 2048, 2048, 2048, 2048, 2048, 2048]","[2048, 2048, 2048, 2048, 2048, 2048, 2048, 2048, 2048, 2048]",314.0,27_9157
1218,9157,27,30,2023-09-03T14:06:11.569000+00:00,28.736,30.201,28.838,,310.0,False,87.775,"[None, 2048, 2048, 2048, 2048, 2048, 2048, 2048]","[2048, 2048, 2048, 2048, 2048, 2048, 2048]","[2048, 2048, 2048, 2048, 2048, 2048, 2048, 2048, 2048, 2048]",315.0,27_9157
1218,9157,27,31,2023-09-03T14:07:39.271000+00:00,28.462,30.232,28.853,,310.0,False,87.547,"[None, 2048, 2048, 2048, 2048, 2048, 2048, 2048]","[2048, 2048, 2048, 2048, 2048, 2048, 2048]","[2048, 2048, 2048, 2048, 2048, 2048, 2048, 2048, 2048, 2048]",316.0,27_9157
1218,9157,27,32,2023-09-03T14:09:06.880000+00:00,28.523,30.448,29.005,310.0,307.0,False,87.976,"[None, 2048, 2048, 2048, 2048, 2048, 2048, 2048]","[2048, 2048, 2048, 2048, 2048, 2048, 2048]","[2048, 2048, 2048, 2048, 2048, 2048, 2048, 2048, 2048, 2048]",315.0,27_9157
1218,9157,27,33,2023-09-03T14:10:34.816000+00:00,28.554,30.436,29.585,308.0,286.0,False,88.575,"[None, 2048, 2048, 2048, 2048, 2048, 2048, 2048]","[2048, 2048, 2048, 2048, 2048, 2048, 2048]","[2048, 2048, 2048, 2048, 2048, 2048, 2048, 2048, 2048, 2048]",314.0,27_9157
1218,9157,27,34,2023-09-03T14:12:03.409000+00:00,28.409,30.641,28.941,309.0,311.0,False,87.991,"[2049, 2048, 2048, 2048, 2048, 2048, 2048, 2048]","[2048, 2048, 2048, 2048, 2048, 2048, 2048]","[2048, 2048, 2048, 2048, 2048, 2048, 2048, 2048, 2048]",322.0,27_9157
1218,9157,27,35,2023-09-03T14:13:31.268000+00:00,28.476,30.448,29.021,,309.0,False,87.945,"[2048, 2048, 2048, 2048, 2048, 2048, 2048, 2048]","[2048, 2048, 2048, 2048, 2048, 2048, 2048]","[2048, 2048, 2048, 2048, 2048, 2048, 2048, 2048, 2048]",312.0,27_9157
1218,9157,27,36,2023-09-03T14:14:59.329000+00:00,28.527,30.275,29.282,307.0,309.0,False,88.084,"[None, 2048, 2048, 2048, 2048, 2048, 2048, 2048]","[2048, 2048, 2048, 2048, 2048, 2048, 2048]","[2048, 2048, 2048, 2048, 2048, 2048, 2048, 2048, 2048, 2048]",313.0,27_9157
1218,9157,27,37,2023-09-03T14:16:27.453000+00:00,28.515,30.466,29.025,308.0,309.0,False,88.006,"[None, 2048, 2048, 2048, 2048, 2048, 2048, 2048]","[2048, 2048, 2048, 2048, 2048, 2048, 2048]","[2048, 2048, 2048, 2048, 2048, 2048, 2048, 2048, 2048, 2048]",306.0,27_9157
1218,9157,27,38,2023-09-03T14:17:55.452000+00:00,29.096,30.844,29.029,311.0,311.0,False,88.969,"[None, 2048, 2048, 2048, 2048, 2048, 2048, 2048]","[2048, 2048, 2048, 2048, 2048, 2048, 2048]","[2048, 2048, 2048, 2048, 2048, 2048, 2048, 2048, 2048, 2048]",300.0,27_9157
1218,9157,27,39,2023-09-03T14:19:24.607000+00:00,28.556,30.527,33.423,309.0,310.0,False,92.506,"[None, 2048, 2048, 2048, 2048, 2048, 2048, 2048]","[2048, 2048, 2048, 2048, 2048, 2048, 2048]","[2048, 2048, 2048, 2048, 2048, 2048, 2048, 2048, 2048, 2064]",311.0,27_9157
1218,9157,27,40,2023-09-03T14:20:56.888000+00:00,48.194,29.719,28.457,309.0,308.0,True,106.37,"[2064, 2064, 2048, 2048, 2048, 2048, 2048, 2048]","[2048, 2049, 2049, 2049, 2048, 2048, 2048]","[2048, 2049, 2048, 2048, 2048, 2048, 2049, 2049, 2048, 0]",269.0,27_9157
1218,9157,27,41,2023-09-03T14:22:43.277000+00:00,28.215,29.637,28.543,307.0,309.0,False,86.395,"[2048, 2048, 2048, 2049, 2048, 2048, 2048, 2048]","[2048, 2048, 2048, 2049, 2049, 2049, 2048]","[2048, 2049, 2048, 2048, 2048, 2048, 2048, 2048, 2048, 2048]",311.0,27_9157
1218,9157,27,42,2023-09-03T14:24:09.932000+00:00,28.299,29.405,28.398,306.0,308.0,False,86.102,"[None, 2048, 2048, 2048, 2048, 2048, 2048, 2048]","[2049, 2049, 2049, 2049, 2049, 2049, 2048]","[2048, 2049, 2048, 2048, 2048, 2048, 2049, 2048, 2048]",310.0,27_9157
1218,9157,27,43,2023-09-03T14:25:35.775000+00:00,28.341,29.487,28.406,,308.0,False,86.234,"[None, 2048, 2048, 2048, 2048, 2048, 2048, 2048]","[2048, 2048, 2048, 2048, 2048, 2048, 2048]","[2048, 2048, 2049, 2048, 2048, 2048, 2048, 2049, 2049, 2048]",,27_9157
1218,9157,27,44,2023-09-03T14:27:01.962000+00:00,28.307,29.626,28.526,307.0,308.0,False,86.459,"[None, 2048, 2048, 2048, 2048, 2048, 2048, 2048]","[2049, 2048, 2048, 2048, 2048, 2048, 2048]","[2048, 2048, 2048, 2048, 2048, 2048, 2048, 2048, 2049, 2048]",311.0,27_9157
1218,9157,27,45,2023-09-03T14:28:28.523000+00:00,28.329,29.675,28.719,309.0,310.0,False,86.723,"[None, 2048, 2048, 2048, 2048, 2048, 2048, 2048]","[2048, 2048, 2048, 2048, 2048, 2048, 2048]","[2048, 2048, 2048, 2048, 2048, 2048, 2048, 2048, 2048, 2048]",,27_9157
1218,9157,27,46,2023-09-03T14:29:55.210000+00:00,28.345,29.762,28.538,,310.0,False,86.645,"[None, 2048, 2048, 2048, 2048, 2048, 2048, 2048]","[2048, 2048, 2048, 2048, 2048, 2048, 2048]","[2048, 2048, 2048, 2048, 2048, 2048, 2048, 2048, 2048, 2048]",,27_9157
1218,9157,27,47,2023-09-03T14:31:21.818000+00:00,28.251,29.531,28.469,,311.0,False,86.251,"[None, 2048, 2048, 2048, 2048, 2048, 2048, 2048]","[2048, 2048, 2049, 2048, 2048, 2048, 2048]","[2048, 2048, 2048, 2048, 2048, 2048, 2048, 2048, 2049]",312.0,27_9157
1218,9157,27,48,2023-09-03T14:32:48.098000+00:00,28.286,29.718,28.355,307.0,308.0,False,86.359,"[None, 2048, 2048, 2048, 2048, 2048, 2048, 2048]","[2048, 2048, 2048, 2048, 2048, 2048, 2048]","[2048, 2049, 2048, 2048, 2048, 2048, 2048, 2049, 2049]",310.0,27_9157
1218,9157,27,49,2023-09-03T14:34:14.441000+00:00,28.367,29.43,28.184,308.0,311.0,False,85.981,"[None, 2048, 2048, 2048, 2048, 2048, 2048, 2048]","[2048, 2048, 2048, 2049, 2049, 2049, 2048]","[2048, 2049, 2049, 2049, 2048, 2048, 2048, 2049, 2049, 2049]",312.0,27_9157
1218,9157,27,50,2023-09-03T14:35:40.440000+00:00,28.274,29.497,28.123,,310.0,False,85.894,"[None, 2048, 2048, 2048, 2048, 2048, 2048, 2048]","[2048, 2048, 2048, 2048, 2048, 2048, 2048]","[2048, 2048, 2048, 2048, 2048, 2048, 2048, 2048, 2048, 2064]",,27_9157
1218,9157,27,51,2023-09-03T14:43:31.982000+00:00,,,,,,False,,,,,,27_9157
1218,9157,31,1,2023-09-03T13:23:22.770000+00:00,33.728,32.271,29.923,327.0,311.0,False,95.922,"[2048, 2049, 2049, 2049, 2049, 2049, 2049, 2049]","[2049, 2049, 2049, 2049, 2049, 2049, 2049]","[2049, 2049, 2049, 2049, 2049, 2049, 2049, 2049, 2049, 0]",267.0,31_9157
1218,9157,31,2,2023-09-03T13:24:58.691000+00:00,28.747,30.479,29.441,307.0,307.0,False,88.667,"[2049, 2049, 2049, 2049, 2049, 2049, 2049, 2048]","[2049, 2049, 2049, 2049, 2049, 2049, 2049]","[2049, 2049, 2049, 2049, 2048, 2048, 2049, 2048, 2048, 2048]",315.0,31_9157
1218,9157,31,3,2023-09-03T13:26:27.361000+00:00,28.679,29.905,29.238,304.0,323.0,False,87.822,"[2048, 2048, 2049, 2049, 2049, 2048, 2048, 2048]","[2049, 2049, 2049, 2049, 2049, 2049, 2049]","[2049, 2049, 2048, 2048, 2048, 2049, 2049, 2048, 2048, 2048]",313.0,31_9157
1218,9157,31,4,2023-09-03T13:27:55.236000+00:00,28.339,30.071,29.172,306.0,322.0,False,87.582,"[2049, 2049, 2049, 2049, 2048, 2048, 2048, 2048]","[2048, 2048, 2049, 2048, 2048, 2048, 2049]","[2049, 2048, 2048, 2048, 2048, 2049, 2048, 2048, 2048, 2049]",327.0,31_9157
1218,9157,31,5,2023-09-03T13:29:22.813000+00:00,28.234,30.001,29.15,,322.0,False,87.385,"[None, 2049, 2049, 2049, 2048, 2048, 2048, 2048]","[2049, 2048, 2049, 2048, 2048, 2048, 2049]","[2049, 2048, 2048, 2048, 2048, 2048, 2048, 2048, 2048, 2048]",331.0,31_9157
1218,9157,31,6,2023-09-03T13:30:50.187000+00:00,28.228,30.062,29.016,,320.0,False,87.306,"[2048, 2049, 2048, 2049, 2048, 2048, 2049, 2048]","[2049, 2048, 2048, 2048, 2048, 2048, 2048]","[2049, 2049, 2049, 2049, 2048, 2048, 2048, 2048, 2048]",327.0,31_9157
1218,9157,31,7,2023-09-03T13:32:17.467000+00:00,28.258,29.794,29.065,,322.0,False,87.117,"[None, 2048, 2048, 2048, 2048, 2048, 2048, 2048]","[2048, 2048, 2048, 2048, 2049, 2048, 2048]","[2048, 2048, 2048, 2048, 2048, 2048, 2048, 2048, 2048]",331.0,31_9157
1218,9157,31,8,2023-09-03T13:33:44.575000+00:00,28.19,29.948,29.171,308.0,321.0,False,87.309,"[2049, 2048, 2048, 2049, 2048, 2048, 2048, 2048]","[2048, 2048, 2049, 2048, 2048, 2048, 2049]","[2048, 2048, 2048, 2049, 2048, 2048, 2048, 2048, 2048, 2048]",,31_9157
1218,9157,31,9,2023-09-03T13:35:11.871000+00:00,28.202,30.053,29.141,,321.0,False,87.396,"[2048, 2049, 2048, 2048, 2048, 2048, 2049, 2048]","[2049, 2048, 2048, 2048, 2048, 2048, 2048]","[2049, 2048, 2048, 2048, 2048, 2048, 2048, 2048, 2048]",,31_9157
1218,9157,31,10,2023-09-03T13:36:39.292000+00:00,28.372,30.045,29.19,307.0,321.0,False,87.607,"[None, 2048, 2048, 2048, 2048, 2048, 2048, 2048]","[2048, 2048, 2048, 2048, 2048, 2048, 2048]","[2048, 2048, 2049, 2049, 2048, 2048, 2048, 2048, 2048, 2048]",328.0,31_9157
1218,9157,31,11,2023-09-03T13:38:06.869000+00:00,28.301,30.405,29.032,308.0,312.0,False,87.738,"[None, 2048, 2048, 2048, 2048, 2048, 2048, 2048]","[2049, 2048, 2048, 2048, 2048, 2048, 2048]","[2048, 2048, 2049, 2049, 2049, 2049, 2048, 2048, 2048]",331.0,31_9157
1218,9157,31,12,2023-09-03T13:39:34.540000+00:00,28.571,30.347,29.314,307.0,312.0,False,88.232,"[None, 2048, 2048, 2048, 2048, 2048, 2048, 2048]","[2048, 2048, 2048, 2048, 2048, 2048, 2048]","[2048, 2048, 2048, 2048, 2048, 2048, 2048, 2048, 2048, 2048]",317.0,31_9157
1218,9157,31,13,2023-09-03T13:41:02.883000+00:00,28.362,30.343,29.15,,321.0,False,87.855,"[None, 2048, 2048, 2048, 2048, 2048, 2048, 2048]","[2048, 2048, 2048, 2048, 2048, 2048, 2048]","[2048, 2048, 2048, 2048, 2048, 2048, 2048, 2048, 2048, 2048]",330.0,31_9157
1218,9157,31,14,2023-09-03T13:42:30.632000+00:00,28.417,30.356,29.318,308.0,322.0,False,88.091,"[None, 2048, 2048, 2048, 2048, 2048, 2048, 2048]","[2048, 2048, 2048, 2048, 2048, 2048, 2049]","[2048, 2048, 2048, 2048, 2048, 2048, 2048, 2048, 2048]",324.0,31_9157
1218,9157,31,15,2023-09-03T13:43:58.772000+00:00,28.46,30.513,29.224,,306.0,False,88.197,"[None, 2048, 2048, 2048, 2048, 2048, 2048, 2048]","[2048, 2048, 2048, 2048, 2048, 2048, 2048]","[2048, 2048, 2048, 2048, 2048, 2048, 2048, 2048, 2048, 2048]",327.0,31_9157
1218,9157,31,16,2023-09-03T13:45:27.036000+00:00,28.678,30.517,29.054,307.0,304.0,False,88.249,"[None, 2048, 2048, 2048, 2048, 2048, 2048, 2048]","[2048, 2048, 2048, 2048, 2048, 2048, 2048]","[2048, 2048, 2048, 2048, 2048, 2048, 2049, 2048, 2048]",312.0,31_9157
1218,9157,31,17,2023-09-03T13:46:55.176000+00:00,28.605,30.381,29.125,,304.0,False,88.111,"[None, 2048, 2048, 2048, 2048, 2048, 2048, 2048]","[2048, 2048, 2048, 2048, 2048, 2048, 2048]","[2048, 2048, 2048, 2048, 2048, 2048, 2048, 2048, 2048, 2048]",,31_9157
1218,9157,31,18,2023-09-03T13:48:23.378000+00:00,28.629,30.459,29.173,305.0,303.0,False,88.261,"[None, 2048, 2048, 2048, 2048, 2048, 2048, 2048]","[2048, 2048, 2048, 2048, 2048, 2048, 2048]","[2048, 2048, 2048, 2048, 2048, 2048, 2048, 2048, 2048, 2048]",311.0,31_9157
1218,9157,31,19,2023-09-03T13:49:51.690000+00:00,28.699,30.382,29.135,,304.0,False,88.216,"[None, 2048, 2048, 2048, 2048, 2048, 2048, 2048]","[2048, 2048, 2048, 2048, 2048, 2048, 2048]","[2048, 2049, 2048, 2048, 2048, 2048, 2048, 2048, 2048, 2048]",,31_9157
1218,9157,31,20,2023-09-03T13:51:19.876000+00:00,29.677,30.625,29.085,306.0,306.0,False,89.387,"[None, 2048, 2048, 2048, 2048, 2048, 2048, 2048]","[2048, 2048, 2048, 2048, 2048, 2048, 2048]","[2048, 2048, 2048, 2048, 2048, 2048, 2049, 2048, 2048, 2048]",310.0,31_9157
1218,9157,31,21,2023-09-03T13:52:49.266000+00:00,28.711,30.436,29.342,307.0,307.0,False,88.489,"[None, 2048, 2048, 2048, 2048, 2048, 2048, 2048]","[2048, 2048, 2048, 2048, 2048, 2048, 2048]","[2048, 2048, 2048, 2048, 2048, 2048, 2048, 2048, 2048, 2048]",,31_9157
1218,9157,31,22,2023-09-03T13:54:18.171000+00:00,28.762,30.7,29.422,304.0,304.0,False,88.884,"[None, 2048, 2048, 2048, 2048, 2048, 2048, 2048]","[2048, 2048, 2048, 2048, 2048, 2048, 2048]","[2048, 2048, 2048, 2048, 2048, 2048, 2048, 2048, 2048]",,31_9157
1218,9157,31,23,2023-09-03T13:55:46.545000+00:00,29.428,30.719,29.327,307.0,304.0,False,89.474,"[None, 2048, 2048, 2048, 2048, 2048, 2048, 2048]","[2048, 2048, 2048, 2048, 2048, 2048, 2048]","[2048, 2048, 2048, 2048, 2048, 2048, 2048, 2048, 2048]",,31_9157
1218,9157,31,24,2023-09-03T13:57:15.997000+00:00,28.594,30.657,34.248,305.0,305.0,False,93.499,"[None, 2048, 2048, 2048, 2048, 2048, 2048, 2048]","[2048, 2048, 2048, 2048, 2048, 2048, 2048]","[2048, 2048, 2048, 2048, 2048, 2048, 2048, 2048, 2048, 2064]",314.0,31_9157
1218,9157,31,25,2023-09-03T13:58:49.606000+00:00,48.424,30.07,28.884,304.0,304.0,True,107.378,"[2064, 2064, 2048, 2048, 2048, 2048, 2048, 2048]","[2048, 2048, 2049, 2048, 2048, 2048, 2048]","[2048, 2048, 2048, 2048, 2048, 2048, 2049, 2048, 2049, 2049]",282.0,31_9157
1218,9157,31,26,2023-09-03T14:00:36.995000+00:00,28.335,29.913,28.91,306.0,306.0,False,87.158,"[2048, 2048, 2048, 2049, 2048, 2049, 2048, 2048]","[2048, 2048, 2048, 2049, 2049, 2048, 2048]","[2048, 2049, 2048, 2048, 2048, 2048, 2048, 2048, 2048, 2048]",314.0,31_9157
1218,9157,31,27,2023-09-03T14:02:04.119000+00:00,28.322,29.933,28.864,,306.0,False,87.119,"[None, 2048, 2048, 2048, 2049, 2049, 2049, 2048]","[2048, 2048, 2048, 2049, 2048, 2048, 2048]","[2048, 2048, 2048, 2048, 2048, 2048, 2049, 2048, 2049, 2049]",,31_9157
1218,9157,31,28,2023-09-03T14:03:31.243000+00:00,28.381,30.046,28.763,308.0,306.0,False,87.19,"[None, 2048, 2048, 2048, 2048, 2049, 2049, 2048]","[2048, 2048, 2049, 2048, 2048, 2048, 2048]","[2048, 2049, 2048, 2048, 2048, 2048, 2049, 2048, 2049, 2049]",313.0,31_9157
1218,9157,31,29,2023-09-03T14:04:58.476000+00:00,28.439,30.125,28.786,,306.0,False,87.35,"[None, 2048, 2048, 2048, 2048, 2049, 2049, 2048]","[2048, 2048, 2048, 2048, 2048, 2048, 2048]","[2048, 2048, 2049, 2048, 2048, 2048, 2048, 2048, 2048, 2048]",,31_9157
1218,9157,31,30,2023-09-03T14:06:25.788000+00:00,28.472,30.064,28.772,307.0,306.0,False,87.308,"[None, 2048, 2048, 2048, 2048, 2048, 2048, 2048]","[2048, 2048, 2048, 2048, 2048, 2048, 2048]","[2048, 2049, 2048, 2048, 2048, 2048, 2048, 2048, 2048, 2048]",314.0,31_9157
1218,9157,31,31,2023-09-03T14:07:53.115000+00:00,28.424,29.972,28.812,,316.0,False,87.208,"[None, 2048, 2048, 2048, 2048, 2048, 2048, 2048]","[2048, 2048, 2048, 2048, 2048, 2048, 2048]","[2048, 2048, 2048, 2049, 2048, 2048, 2048, 2048, 2048]",315.0,31_9157
1218,9157,31,32,2023-09-03T14:09:20.302000+00:00,28.426,29.892,28.801,308.0,316.0,False,87.119,"[None, 2048, 2048, 2048, 2048, 2048, 2048, 2048]","[2048, 2048, 2048, 2048, 2048, 2048, 2048]","[2048, 2048, 2048, 2048, 2048, 2049, 2048, 2049, 2049]",326.0,31_9157
1218,9157,31,33,2023-09-03T14:10:47.347000+00:00,28.305,29.946,28.712,303.0,304.0,False,86.963,"[2049, 2049, 2049, 2048, 2048, 2048, 2048, 2048]","[2048, 2048, 2048, 2049, 2049, 2048, 2048]","[2048, 2049, 2048, 2048, 2048, 2048, 2048, 2048, 2048, 2048]",344.0,31_9157
1218,9157,31,34,2023-09-03T14:12:14.284000+00:00,28.494,30.238,28.894,300.0,302.0,False,87.626,"[2048, 2048, 2048, 2048, 2048, 2048, 2048, 2048]","[2048, 2048, 2048, 2048, 2048, 2048, 2048]","[2048, 2048, 2048, 2048, 2048, 2048, 2048, 2048, 2048]",308.0,31_9157
1218,9157,31,35,2023-09-03T14:13:41.971000+00:00,28.604,30.054,28.783,298.0,298.0,False,87.441,"[None, 2048, 2048, 2048, 2048, 2048, 2048, 2048]","[2048, 2048, 2048, 2048, 2048, 2048, 2048]","[2048, 2048, 2048, 2048, 2048, 2048, 2049, 2048, 2048, 2048]",307.0,31_9157
1218,9157,31,36,2023-09-03T14:15:09.501000+00:00,28.527,30.087,28.862,302.0,301.0,False,87.476,"[None, 2048, 2048, 2048, 2048, 2048, 2048, 2048]","[2048, 2048, 2048, 2048, 2048, 2048, 2048]","[2048, 2048, 2048, 2048, 2048, 2048, 2048, 2048, 2048, 2048]",309.0,31_9157
1218,9157,31,37,2023-09-03T14:16:36.906000+00:00,28.474,30.165,28.79,304.0,304.0,False,87.429,"[None, 2048, 2048, 2048, 2048, 2048, 2048, 2048]","[2048, 2048, 2048, 2048, 2048, 2048, 2048]","[2048, 2048, 2048, 2048, 2048, 2048, 2049, 2048, 2048, 2048]",310.0,31_9157
1218,9157,31,38,2023-09-03T14:18:04.452000+00:00,28.461,29.89,28.728,305.0,305.0,False,87.079,"[None, 2048, 2048, 2048, 2048, 2048, 2048, 2048]","[2048, 2048, 2049, 2048, 2048, 2048, 2048]","[2048, 2048, 2048, 2048, 2048, 2048, 2048, 2049, 2048, 2048]",311.0,31_9157
1218,9157,31,39,2023-09-03T14:19:31.467000+00:00,28.452,30.315,47.837,306.0,220.0,False,106.604,"[None, 2048, 2048, 2048, 2048, 2048, 2048, 2048]","[2048, 2048, 2048, 2048, 2048, 2048, 2048]","[2048, 2048, 2048, 2048, 2048, 2048, 2048, 2048, 2048, 2064]",,31_9157
1218,9157,31,40,2023-09-03T14:21:18.012000+00:00,,,,,,False,,,,,,31_9157
1218,9157,40,1,2023-09-03T13:23:22.770000+00:00,32.458,32.335,29.41,320.0,315.0,False,94.203,"[2048, 2049, 2049, 2049, 2051, 2051, 2049, 2049]","[2049, 2049, 2049, 2049, 2049, 2049, 2049]","[2049, 2049, 2049, 2049, 2049, 2049, 2049, 2049, 2049, 2049]",288.0,40_9157
1218,9157,40,2,2023-09-03T13:24:56.972000+00:00,28.272,30.618,29.128,315.0,316.0,False,88.018,"[2049, 2049, 2049, 2049, 2048, 2048, 2048, 2048]","[2049, 2049, 2049, 2049, 2049, 2048, 2049]","[2049, 2049, 2049, 2049, 2048, 2049, 2049, 2049, 2049]",330.0,40_9157
1218,9157,40,3,2023-09-03T13:26:24.987000+00:00,28.456,30.165,29.036,314.0,330.0,False,87.657,"[None, 2048, 2048, 2048, 2048, 2048, 2048, 2048]","[2049, 2049, 2049, 2049, 2049, 2049, 2049]","[2049, 2049, 2049, 2048, 2048, 2048, 2048, 2048, 2049, 2048]",315.0,40_9157
1218,9157,40,4,2023-09-03T13:27:52.654000+00:00,28.037,30.226,28.867,,330.0,False,87.13,"[2049, 2049, 2049, 2049, 2048, 2048, 2048, 2048]","[2048, 2049, 2049, 2048, 2048, 2048, 2049]","[2048, 2049, 2049, 2049, 2049, 2048, 2049, 2048, 2049]",331.0,40_9157
1218,9157,40,5,2023-09-03T13:29:19.781000+00:00,28.039,30.113,29.053,311.0,330.0,False,87.205,"[None, 2049, 2048, 2049, 2048, 2048, 2048, 2048]","[2048, 2049, 2048, 2049, 2048, 2048, 2048]","[2049, 2048, 2048, 2048, 2048, 2048, 2048, 2048, 2048, 2048]",330.0,40_9157
1218,9157,40,6,2023-09-03T13:30:46.968000+00:00,28.028,30.065,29.17,313.0,330.0,False,87.263,"[2048, 2048, 2049, 2049, 2048, 2048, 2048, 2048]","[2048, 2049, 2049, 2048, 2049, 2048, 2048]","[2048, 2048, 2048, 2048, 2048, 2048, 2048, 2048, 2048, 2048]",334.0,40_9157
1218,9157,40,7,2023-09-03T13:32:14.248000+00:00,28.085,30.053,29.016,312.0,328.0,False,87.154,"[None, 2048, 2048, 2048, 2048, 2048, 2048, 2048]","[2049, 2048, 2048, 2048, 2049, 2048, 2048]","[2048, 2048, 2048, 2048, 2048, 2048, 2048, 2048, 2048]",332.0,40_9157
1218,9157,40,8,2023-09-03T13:33:41.388000+00:00,28.178,29.982,29.171,,328.0,False,87.331,"[None, 2048, 2048, 2049, 2048, 2048, 2048, 2048]","[2048, 2048, 2048, 2048, 2048, 2049, 2048]","[2048, 2048, 2048, 2048, 2048, 2048, 2048, 2048, 2048]",320.0,40_9157
1218,9157,40,9,2023-09-03T13:35:08.731000+00:00,28.063,30.134,29.309,315.0,335.0,False,87.506,"[None, 2048, 2048, 2048, 2048, 2048, 2048, 2048]","[2048, 2048, 2048, 2048, 2048, 2049, 2049]","[2048, 2048, 2048, 2048, 2048, 2049, 2048, 2048, 2048]",332.0,40_9157
1218,9157,40,10,2023-09-03T13:36:36.245000+00:00,28.176,30.205,29.267,316.0,326.0,False,87.648,"[None, 2048, 2048, 2048, 2048, 2048, 2048, 2048]","[2048, 2048, 2048, 2048, 2048, 2048, 2048]","[2048, 2048, 2048, 2048, 2048, 2048, 2048, 2048, 2048, 2048]",334.0,40_9157
1218,9157,40,11,2023-09-03T13:38:03.885000+00:00,28.114,30.496,29.282,317.0,327.0,False,87.892,"[None, 2048, 2048, 2048, 2048, 2048, 2048, 2048]","[2048, 2048, 2048, 2048, 2048, 2048, 2048]","[2048, 2048, 2048, 2048, 2049, 2048, 2048, 2048, 2048, 2048]",330.0,40_9157
1218,9157,40,12,2023-09-03T13:39:31.806000+00:00,28.18,30.397,29.054,310.0,310.0,False,87.631,"[None, 2048, 2051, 2048, 2048, 2048, 2048, 2048]","[2048, 2048, 2048, 2048, 2048, 2048, 2048]","[2048, 2049, 2048, 2048, 2048, 2048, 2048, 2048, 2048]",349.0,40_9157
1218,9157,40,13,2023-09-03T13:40:59.305000+00:00,28.295,30.367,33.391,308.0,310.0,False,92.053,"[None, 2048, 2048, 2048, 2048, 2048, 2048, 2048]","[2049, 2048, 2048, 2048, 2048, 2048, 2048]","[2048, 2048, 2048, 2048, 2048, 2048, 2049, 2048, 2048, 2064]",317.0,40_9157
1218,9157,40,14,2023-09-03T13:42:31.445000+00:00,48.307,30.152,28.885,318.0,304.0,True,107.344,"[2064, 2064, 2048, 2048, 2048, 2048, 2048, 2048]","[2048, 2048, 2049, 2049, 2049, 2048, 2048]","[2048, 2049, 2048, 2048, 2048, 2048, 2049, 2049, 2048, 2048]",281.0,40_9157
1218,9157,40,15,2023-09-03T13:44:18.787000+00:00,28.278,29.812,28.94,309.0,306.0,False,87.03,"[2048, 2048, 2048, 2049, 2048, 2048, 2048, 2048]","[2049, 2049, 2049, 2048, 2048, 2048, 2048]","[2048, 2049, 2048, 2048, 2048, 2048, 2048, 2048, 2048]",323.0,40_9157
1218,9157,40,16,2023-09-03T13:45:45.724000+00:00,28.441,30.034,28.937,308.0,306.0,False,87.412,"[None, 2048, 2048, 2048, 2048, 2048, 2048, 2048]","[2048, 2048, 2048, 2048, 2048, 2048, 2048]","[2048, 2049, 2048, 2048, 2048, 2048, 2048, 2048, 2048, 2048]",311.0,40_9157
1218,9157,40,17,2023-09-03T13:47:13.223000+00:00,28.399,29.851,28.795,312.0,307.0,False,87.045,"[None, 2048, 2048, 2048, 2048, 2048, 2048, 2048]","[2048, 2048, 2049, 2049, 2048, 2048, 2048]","[2048, 2049, 2048, 2048, 2048, 2048, 2048, 2048, 2048, 2048]",302.0,40_9157
1218,9157,40,18,2023-09-03T13:48:40.300000+00:00,28.197,29.801,28.817,310.0,306.0,False,86.815,"[None, 2048, 2048, 2048, 2048, 2048, 2048, 2048]","[2049, 2048, 2049, 2048, 2048, 2048, 2048]","[2048, 2048, 2048, 2048, 2048, 2048, 2048, 2048, 2048, 2048]",320.0,40_9157
1218,9157,40,19,2023-09-03T13:50:07.111000+00:00,28.377,29.912,28.758,308.0,307.0,False,87.047,"[None, 2048, 2048, 2048, 2048, 2048, 2048, 2048]","[2048, 2048, 2048, 2048, 2049, 2048, 2048]","[2048, 2049, 2049, 2048, 2048, 2048, 2048, 2048, 2048]",300.0,40_9157
1218,9157,40,20,2023-09-03T13:51:34.142000+00:00,28.28,29.809,28.801,310.0,310.0,False,86.89,"[None, 2048, 2048, 2048, 2048, 2048, 2048, 2048]","[2049, 2048, 2048, 2048, 2048, 2048, 2048]","[2048, 2048, 2048, 2048, 2048, 2048, 2048, 2048, 2048, 2048]",306.0,40_9157
1218,9157,40,21,2023-09-03T13:53:01.031000+00:00,28.353,29.969,28.849,311.0,311.0,False,87.171,"[None, 2048, 2048, 2048, 2048, 2048, 2048, 2048]","[2048, 2048, 2048, 2048, 2048, 2048, 2048]","[2048, 2048, 2048, 2048, 2048, 2048, 2048, 2048, 2048]",,40_9157
1218,9157,40,22,2023-09-03T13:54:28.155000+00:00,28.367,30.596,29.096,323.0,327.0,False,88.059,"[None, 2048, 2048, 2048, 2048, 2048, 2048, 2049]","[2048, 2048, 2048, 2048, 2048, 2048, 2048]","[2048, 2048, 2049, 2048, 2048, 2048, 2048, 2048, 2048, 2048]",326.0,40_9157
1218,9157,40,23,2023-09-03T13:55:56.264000+00:00,28.321,30.091,28.803,313.0,312.0,False,87.215,"[None, 2048, 2048, 2048, 2048, 2048, 2048, 2048]","[2048, 2048, 2048, 2048, 2048, 2048, 2048]","[2048, 2048, 2049, 2048, 2048, 2048, 2048, 2048, 2049]",313.0,40_9157
1218,9157,40,24,2023-09-03T13:57:23.513000+00:00,28.28,30.021,28.748,315.0,315.0,False,87.049,"[None, 2048, 2048, 2048, 2048, 2048, 2048, 2048]","[2048, 2048, 2048, 2048, 2048, 2048, 2048]","[2048, 2048, 2049, 2048, 2048, 2048, 2048, 2048, 2048]",,40_9157
1218,9157,40,25,2023-09-03T13:58:50.543000+00:00,28.168,30.125,28.911,312.0,312.0,False,87.204,"[None, 2048, 2048, 2048, 2048, 2048, 2048, 2048]","[2048, 2048, 2048, 2048, 2048, 2048, 2048]","[2048, 2048, 2048, 2048, 2048, 2049, 2048, 2048, 2048, 2048]",317.0,40_9157
1218,9157,40,26,2023-09-03T14:00:17.651000+00:00,28.242,30.054,28.793,313.0,313.0,False,87.089,"[None, 2048, 2048, 2048, 2048, 2048, 2048, 2048]","[2048, 2048, 2048, 2048, 2048, 2048, 2048]","[2048, 2048, 2048, 2048, 2048, 2048, 2048, 2048, 2048]",320.0,40_9157
1218,9157,40,27,2023-09-03T14:01:44.729000+00:00,28.165,30.03,28.83,,314.0,False,87.025,"[None, 2048, 2048, 2048, 2048, 2048, 2048, 2048]","[2048, 2048, 2048, 2048, 2048, 2048, 2048]","[2048, 2048, 2048, 2048, 2048, 2048, 2048, 2048, 2048]",317.0,40_9157
1218,9157,40,28,2023-09-03T14:03:11.868000+00:00,28.176,30.315,28.885,314.0,312.0,False,87.376,"[None, 2048, 2048, 2048, 2048, 2048, 2048, 2048]","[2048, 2048, 2048, 2048, 2048, 2048, 2048]","[2048, 2048, 2048, 2048, 2048, 2048, 2048, 2048, 2048, 2048]",319.0,40_9157
1218,9157,40,29,2023-09-03T14:04:39.258000+00:00,28.09,30.24,28.778,,313.0,False,87.108,"[None, 2048, 2048, 2048, 2048, 2048, 2048, 2048]","[2048, 2048, 2048, 2048, 2048, 2048, 2048]","[2048, 2048, 2049, 2048, 2048, 2049, 2048, 2048, 2048, 2048]",320.0,40_9157
1218,9157,40,30,2023-09-03T14:06:06.351000+00:00,28.267,30.304,28.916,,311.0,False,87.487,"[None, 2048, 2048, 2048, 2048, 2048, 2048, 2048]","[2048, 2048, 2048, 2048, 2048, 2048, 2048]","[2048, 2048, 2048, 2048, 2048, 2048, 2048, 2048, 2048, 2048]",318.0,40_9157
1218,9157,40,31,2023-09-03T14:07:33.850000+00:00,28.187,30.406,28.922,313.0,311.0,False,87.515,"[None, 2048, 2048, 2048, 2048, 2048, 2048, 2048]","[2048, 2048, 2048, 2048, 2048, 2048, 2048]","[2048, 2048, 2048, 2048, 2048, 2048, 2048, 2048, 2048, 2048]",323.0,40_9157
1218,9157,40,32,2023-09-03T14:09:01.333000+00:00,28.219,30.364,28.913,312.0,311.0,False,87.496,"[None, 2048, 2048, 2048, 2048, 2048, 2048, 2048]","[2048, 2048, 2048, 2048, 2048, 2048, 2048]","[2048, 2048, 2048, 2048, 2048, 2048, 2048, 2048, 2048, 2048]",320.0,40_9157
1218,9157,40,33,2023-09-03T14:10:28.832000+00:00,28.343,30.228,33.272,314.0,312.0,False,91.843,"[None, 2048, 2048, 2048, 2048, 2048, 2048, 2048]","[2048, 2048, 2048, 2048, 2048, 2048, 2048]","[2048, 2048, 2048, 2048, 2048, 2049, 2048, 2048, 2048, 2064]",308.0,40_9157
1218,9157,40,34,2023-09-03T14:12:00.737000+00:00,48.275,29.741,28.694,310.0,310.0,True,106.71,"[2064, 2064, 2048, 2048, 2048, 2048, 2048, 2048]","[2048, 2048, 2049, 2048, 2049, 2048, 2048]","[2048, 2049, 2048, 2048, 2048, 2048, 2048, 2048, 2048, 2048]",283.0,40_9157
1218,9157,40,35,2023-09-03T14:13:47.392000+00:00,28.105,29.568,28.587,,309.0,False,86.26,"[2048, 2048, 2048, 2049, 2048, 2048, 2048, 2048]","[2048, 2048, 2049, 2049, 2048, 2048, 2048]","[2048, 2049, 2049, 2048, 2048, 2048, 2048, 2049, 2048]",308.0,40_9157
1218,9157,40,36,2023-09-03T14:15:13.688000+00:00,28.046,29.721,28.617,311.0,310.0,False,86.384,"[None, 2048, 2048, 2049, 2048, 2048, 2048, 2048]","[2048, 2048, 2048, 2048, 2048, 2048, 2048]","[2048, 2048, 2048, 2048, 2048, 2048, 2048, 2048, 2049]",312.0,40_9157
1218,9157,40,37,2023-09-03T14:16:40.015000+00:00,28.028,29.648,28.577,313.0,313.0,False,86.253,"[None, 2048, 2048, 2048, 2048, 2048, 2048, 2048]","[2048, 2048, 2048, 2048, 2048, 2048, 2048]","[2048, 2048, 2049, 2048, 2048, 2048, 2048, 2049, 2049, 2048]",314.0,40_9157
1218,9157,40,38,2023-09-03T14:18:06.280000+00:00,28.0,29.541,28.562,316.0,316.0,False,86.103,"[None, 2048, 2048, 2048, 2048, 2048, 2048, 2048]","[2049, 2048, 2048, 2048, 2048, 2048, 2048]","[2048, 2048, 2049, 2049, 2048, 2048, 2048, 2049, 2049, 2049]",318.0,40_9157
1218,9157,40,39,2023-09-03T14:19:32.388000+00:00,27.782,29.912,28.551,319.0,330.0,False,86.245,"[None, 2048, 2048, 2048, 2048, 2048, 2048, 2048]","[2048, 2048, 2048, 2048, 2048, 2049, 2048]","[2049, 2048, 2049, 2048, 2048, 2048, 2048, 2049, 2048]",324.0,40_9157
1218,9157,40,40,2023-09-03T14:20:58.528000+00:00,28.062,29.588,28.623,313.0,311.0,False,86.273,"[None, 2048, 2048, 2048, 2048, 2048, 2048, 2048]","[2048, 2048, 2049, 2048, 2048, 2048, 2048]","[2048, 2048, 2048, 2048, 2048, 2048, 2048, 2048, 2048]",313.0,40_9157
1218,9157,40,41,2023-09-03T14:22:24.777000+00:00,28.202,29.637,28.578,311.0,313.0,False,86.417,"[None, 2048, 2048, 2048, 2048, 2048, 2048, 2048]","[2048, 2048, 2048, 2049, 2048, 2048, 2048]","[2048, 2049, 2048, 2048, 2048, 2048, 2048, 2048, 2048, 2048]",312.0,40_9157
1218,9157,40,42,2023-09-03T14:23:51.323000+00:00,28.088,29.519,28.514,313.0,314.0,False,86.121,"[None, 2048, 2048, 2048, 2048, 2048, 2048, 2048]","[2049, 2048, 2048, 2048, 2049, 2048, 2048]","[2048, 2048, 2048, 2048, 2048, 2048, 2048, 2048, 2048]",314.0,40_9157
1218,9157,40,43,2023-09-03T14:25:17.322000+00:00,28.053,29.632,28.458,315.0,316.0,False,86.143,"[None, 2048, 2048, 2048, 2048, 2048, 2048, 2048]","[2048, 2048, 2048, 2048, 2049, 2048, 2048]","[2048, 2048, 2049, 2049, 2048, 2048, 2048, 2049, 2048]",311.0,40_9157
1218,9157,40,44,2023-09-03T14:26:43.571000+00:00,27.952,29.416,28.474,316.0,326.0,False,85.842,"[None, 2048, 2048, 2048, 2048, 2048, 2048, 2048]","[2048, 2048, 2048, 2048, 2048, 2048, 2048]","[2048, 2048, 2049, 2049, 2048, 2048, 2049, 2049, 2049, 2048]",317.0,40_9157
1218,9157,40,45,2023-09-03T14:28:09.336000+00:00,28.056,29.694,28.384,313.0,311.0,False,86.134,"[None, 2048, 2048, 2048, 2048, 2048, 2048, 2048]","[2048, 2048, 2048, 2048, 2049, 2048, 2048]","[2048, 2049, 2048, 2048, 2048, 2048, 2049, 2048, 2048, 2048]",326.0,40_9157
1218,9157,40,46,2023-09-03T14:29:35.647000+00:00,27.968,29.598,28.452,312.0,311.0,False,86.018,"[None, 2048, 2048, 2048, 2048, 2048, 2048, 2048]","[2048, 2048, 2048, 2048, 2049, 2048, 2048]","[2048, 2048, 2048, 2048, 2048, 2048, 2048, 2048, 2048, 2048]",324.0,40_9157
1218,9157,40,47,2023-09-03T14:31:01.553000+00:00,28.444,29.78,28.432,,312.0,False,86.656,"[None, 2048, 2048, 2048, 2048, 2048, 2048, 2048]","[2048, 2048, 2048, 2048, 2048, 2048, 2048]","[2048, 2049, 2048, 2048, 2048, 2048, 2048, 2048, 2048, 2049]",330.0,40_9157
1218,9157,40,48,2023-09-03T14:32:28.255000+00:00,28.004,29.678,28.416,314.0,313.0,False,86.098,"[None, 2048, 2048, 2048, 2048, 2048, 2048, 2048]","[2048, 2048, 2048, 2048, 2048, 2048, 2048]","[2048, 2048, 2048, 2048, 2048, 2048, 2048, 2048, 2048, 2049]",333.0,40_9157
1218,9157,40,49,2023-09-03T14:33:54.379000+00:00,28.069,30.529,28.637,,328.0,False,87.235,"[None, 2048, 2048, 2048, 2048, 2048, 2048, 2048]","[2049, 2048, 2048, 2048, 2048, 2048, 2048]","[2048, 2048, 2048, 2048, 2048, 2048, 2048, 2048, 2048]",,40_9157
1218,9157,40,50,2023-09-03T14:35:21.550000+00:00,27.879,29.876,28.681,315.0,313.0,False,86.436,"[None, 2048, 2048, 2048, 2048, 2048, 2048, 2048]","[2048, 2048, 2048, 2048, 2048, 2048, 2048]","[2048, 2048, 2048, 2048, 2048, 2048, 2048, 2048, 2048, 2064]",347.0,40_9157
1218,9157,40,52,2023-09-03T14:43:31.982000+00:00,,,,,,False,,,,,,40_9157
1218,9157,44,1,2023-09-03T13:23:22.770000+00:00,32.216,31.059,29.053,323.0,318.0,False,92.328,"[2048, 2049, 2049, 2049, 2049, 2049, 2049, 2049]","[2049, 2049, 2049, 2049, 2049, 2049, 2049]","[2049, 2049, 2049, 2049, 2049, 2049, 2049, 2049, 2049, 2049]",292.0,44_9157
1218,9157,44,2,2023-09-03T13:24:55.097000+00:00,28.509,30.313,29.015,316.0,312.0,False,87.837,"[2049, 2049, 2049, 2049, 2049, 2049, 2049, 2048]","[2049, 2049, 2049, 2048, 2049, 2049, 2048]","[2048, 2049, 2049, 2049, 2048, 2048, 2048, 2048, 2048]",308.0,44_9157
1218,9157,44,3,2023-09-03T13:26:22.955000+00:00,28.474,30.067,28.748,311.0,324.0,False,87.289,"[None, 2048, 2049, 2049, 2048, 2048, 2048, 2048]","[2048, 2049, 2048, 2049, 2049, 2049, 2049]","[2049, 2049, 2048, 2048, 2048, 2048, 2049, 2048, 2048]",306.0,44_9157
1218,9157,44,4,2023-09-03T13:27:50.189000+00:00,28.233,30.219,28.781,309.0,316.0,False,87.233,"[None, 2049, 2049, 2049, 2048, 2048, 2048, 2048]","[2048, 2048, 2048, 2048, 2049, 2048, 2048]","[2048, 2049, 2049, 2048, 2048, 2048, 2048, 2048, 2048]",311.0,44_9157
1218,9157,44,5,2023-09-03T13:29:17.422000+00:00,28.213,29.93,28.872,312.0,322.0,False,87.015,"[2048, 2048, 2049, 2049, 2048, 2048, 2048, 2048]","[2049, 2049, 2049, 2049, 2048, 2048, 2048]","[2049, 2048, 2048, 2049, 2048, 2048, 2048, 2048, 2048]",315.0,44_9157
1218,9157,44,6,2023-09-03T13:30:44.421000+00:00,28.083,29.977,28.651,315.0,321.0,False,86.711,"[None, 2049, 2049, 2048, 2048, 2048, 2048, 2048]","[2049, 2048, 2048, 2048, 2048, 2048, 2049]","[2049, 2049, 2048, 2048, 2049, 2048, 2048, 2048, 2048]",329.0,44_9157
1218,9157,44,7,2023-09-03T13:32:11.217000+00:00,28.219,29.869,28.612,313.0,322.0,False,86.7,"[2049, 2048, 2048, 2048, 2048, 2048, 2048, 2048]","[2048, 2048, 2048, 2048, 2049, 2048, 2048]","[2048, 2049, 2051, 2049, 2048, 2049, 2048, 2048, 2048]",322.0,44_9157
1218,9157,44,8,2023-09-03T13:33:37.841000+00:00,28.054,29.813,28.776,315.0,325.0,False,86.643,"[None, 2049, 2048, 2048, 2049, 2049, 2049, 2048]","[2048, 2048, 2048, 2048, 2049, 2049, 2049]","[2048, 2048, 2051, 2051, 2048, 2048, 2048, 2048, 2048, 2048]",,44_9157
1218,9157,44,9,2023-09-03T13:35:04.481000+00:00,28.167,29.727,28.862,312.0,325.0,False,86.756,"[2048, 2048, 2048, 2048, 2048, 2048, 2048, 2048]","[2048, 2048, 2049, 2049, 2048, 2049, 2048]","[2048, 2048, 2048, 2048, 2049, 2048, 2048, 2048, 2048, 2048]",323.0,44_9157
1218,9157,44,10,2023-09-03T13:36:31.230000+00:00,28.143,29.905,28.947,317.0,325.0,False,86.995,"[None, 2048, 2048, 2048, 2048, 2048, 2049, 2048]","[2048, 2048, 2048, 2048, 2048, 2048, 2049]","[2048, 2048, 2048, 2048, 2049, 2048, 2048, 2048, 2048, 2048]",321.0,44_9157
1218,9157,44,11,2023-09-03T13:37:58.276000+00:00,28.214,30.146,28.759,316.0,326.0,False,87.119,"[2049, 2048, 2048, 2048, 2048, 2048, 2048, 2048]","[2048, 2048, 2048, 2048, 2048, 2048, 2048]","[2048, 2048, 2048, 2048, 2048, 2048, 2048, 2048, 2048, 2049]",322.0,44_9157
1218,9157,44,12,2023-09-03T13:39:25.384000+00:00,28.227,30.281,28.686,314.0,321.0,False,87.194,"[2048, 2048, 2048, 2048, 2048, 2048, 2048, 2048]","[2048, 2048, 2048, 2048, 2048, 2048, 2048]","[2048, 2048, 2051, 2048, 2048, 2048, 2048, 2048, 2048, 2051]",319.0,44_9157
1218,9157,44,13,2023-09-03T13:40:52.586000+00:00,28.176,30.296,28.82,318.0,330.0,False,87.292,"[2049, 2049, 2048, 2048, 2048, 2048, 2049, 2049]","[2048, 2048, 2048, 2048, 2048, 2048, 2049]","[2048, 2048, 2048, 2048, 2049, 2049, 2048, 2048, 2048]",325.0,44_9157
1218,9157,44,14,2023-09-03T13:42:19.898000+00:00,28.36,30.268,28.898,315.0,327.0,False,87.526,"[None, 2049, 2048, 2048, 2048, 2048, 2048, 2048]","[2048, 2048, 2048, 2048, 2048, 2048, 2048]","[2048, 2048, 2048, 2048, 2049, 2048, 2048, 2048, 2048]",336.0,44_9157
1218,9157,44,15,2023-09-03T13:43:47.350000+00:00,28.254,30.62,29.211,318.0,328.0,False,88.085,"[2048, 2048, 2048, 2048, 2049, 2049, 2049, 2048]","[2048, 2048, 2048, 2048, 2048, 2048, 2048]","[2048, 2048, 2048, 2048, 2048, 2048, 2048, 2048, 2048, 2048]",323.0,44_9157
1218,9157,44,16,2023-09-03T13:45:15.380000+00:00,28.283,29.987,28.97,315.0,325.0,False,87.24,"[None, 2048, 2048, 2048, 2048, 2048, 2048, 2048]","[2049, 2048, 2048, 2048, 2048, 2048, 2048]","[2048, 2048, 2048, 2048, 2048, 2048, 2048, 2048, 2048, 2048]",324.0,44_9157
1218,9157,44,17,2023-09-03T13:46:42.692000+00:00,28.335,30.308,28.942,312.0,320.0,False,87.585,"[None, 2048, 2048, 2048, 2048, 2048, 2048, 2048]","[2048, 2048, 2048, 2048, 2048, 2048, 2048]","[2048, 2048, 2048, 2048, 2048, 2048, 2048, 2048, 2048]",326.0,44_9157
1218,9157,44,18,2023-09-03T13:48:10.347000+00:00,28.332,30.182,28.765,314.0,317.0,False,87.279,"[None, 2048, 2048, 2048, 2048, 2048, 2048, 2048]","[2048, 2048, 2048, 2048, 2048, 2048, 2048]","[2048, 2048, 2048, 2048, 2048, 2048, 2048, 2048, 2048, 2048]",317.0,44_9157
1218,9157,44,19,2023-09-03T13:49:37.596000+00:00,28.21,30.319,28.92,317.0,325.0,False,87.449,"[None, 2048, 2048, 2048, 2048, 2048, 2048, 2048]","[2048, 2048, 2048, 2048, 2048, 2048, 2048]","[2049, 2048, 2048, 2048, 2048, 2048, 2048, 2048, 2048, 2048]",320.0,44_9157
1218,9157,44,20,2023-09-03T13:51:05.158000+00:00,28.466,30.411,28.953,310.0,317.0,False,87.83,"[None, 2048, 2048, 2048, 2048, 2048, 2048, 2048]","[2048, 2048, 2048, 2048, 2048, 2048, 2048]","[2048, 2048, 2048, 2048, 2048, 2048, 2048, 2048, 2048]",321.0,44_9157
1218,9157,44,21,2023-09-03T13:52:32.782000+00:00,28.291,30.39,28.718,315.0,321.0,False,87.399,"[None, 2048, 2048, 2048, 2048, 2048, 2048, 2048]","[2048, 2048, 2048, 2048, 2048, 2048, 2048]","[2048, 2048, 2048, 2048, 2048, 2048, 2048, 2048, 2048]",317.0,44_9157
1218,9157,44,22,2023-09-03T13:54:00.187000+00:00,28.241,30.338,28.575,317.0,322.0,False,87.154,"[None, 2048, 2048, 2048, 2048, 2048, 2048, 2048]","[2048, 2048, 2048, 2048, 2048, 2048, 2048]","[2048, 2048, 2048, 2048, 2048, 2048, 2048, 2048, 2049]",325.0,44_9157
1218,9157,44,23,2023-09-03T13:55:27.342000+00:00,28.414,30.195,28.658,313.0,309.0,False,87.267,"[None, 2048, 2048, 2048, 2048, 2048, 2048, 2048]","[2049, 2048, 2048, 2048, 2048, 2048, 2048]","[2048, 2049, 2048, 2048, 2048, 2048, 2048, 2048, 2048]",321.0,44_9157
1218,9157,44,24,2023-09-03T13:56:54.607000+00:00,28.338,30.116,28.857,310.0,306.0,False,87.311,"[None, 2048, 2049, 2048, 2048, 2048, 2048, 2048]","[2049, 2048, 2048, 2048, 2048, 2048, 2048]","[2048, 2048, 2048, 2048, 2048, 2048, 2048, 2048, 2048]",322.0,44_9157
1218,9157,44,25,2023-09-03T13:58:21.981000+00:00,28.762,30.462,28.567,311.0,308.0,False,87.791,"[None, 2048, 2048, 2048, 2048, 2048, 2048, 2048]","[2048, 2048, 2048, 2048, 2048, 2048, 2048]","[2048, 2049, 2048, 2048, 2048, 2049, 2048, 2048, 2048]",,44_9157
1218,9157,44,26,2023-09-03T13:59:49.777000+00:00,28.411,30.213,28.783,313.0,309.0,False,87.407,"[None, 2048, 2048, 2048, 2048, 2048, 2048, 2048]","[2048, 2048, 2048, 2048, 2048, 2048, 2048]","[2048, 2048, 2048, 2048, 2048, 2048, 2048, 2048, 2048, 2048]",315.0,44_9157
1218,9157,44,27,2023-09-03T14:01:17.198000+00:00,28.503,30.278,34.447,311.0,309.0,False,93.228,"[None, 2048, 2048, 2048, 2048, 2048, 2048, 2048]","[2048, 2048, 2048, 2048, 2048, 2048, 2048]","[2048, 2048, 2048, 2048, 2048, 2048, 2048, 2048, 2048, 2064]",317.0,44_9157
1218,9157,44,28,2023-09-03T14:02:50.368000+00:00,47.886,29.634,28.458,326.0,318.0,True,105.978,"[2064, 2064, 2048, 2048, 2049, 2048, 2048, 2049]","[2048, 2049, 2048, 2048, 2049, 2049, 2048]","[2048, 2048, 2048, 2048, 2048, 2048, 2048, 2049, 2049, 2049]",283.0,44_9157
1218,9157,44,29,2023-09-03T14:04:36.555000+00:00,27.731,29.45,28.401,320.0,308.0,False,85.582,"[2048, 2048, 2049, 2048, 2048, 2048, 2048, 2048]","[2048, 2049, 2049, 2049, 2049, 2048, 2048]","[2048, 2049, 2048, 2048, 2048, 2048, 2049, 2048, 2048]",345.0,44_9157
1218,9157,44,30,2023-09-03T14:06:01.898000+00:00,28.242,29.728,28.37,306.0,307.0,False,86.34,"[None, 2048, 2048, 2049, 2049, 2048, 2048, 2048]","[2048, 2048, 2048, 2048, 2048, 2048, 2048]","[2048, 2049, 2048, 2048, 2048, 2048, 2049, 2048, 2048, 2048]",297.0,44_9157
1218,9157,44,31,2023-09-03T14:07:28.287000+00:00,28.28,29.678,28.446,310.0,310.0,False,86.404,"[None, 2048, 2048, 2048, 2048, 2048, 2048, 2048]","[2048, 2048, 2048, 2048, 2048, 2048, 2048]","[2048, 2048, 2048, 2048, 2048, 2048, 2048, 2048, 2048]",300.0,44_9157
1218,9157,44,32,2023-09-03T14:08:54.739000+00:00,28.268,29.827,28.525,,309.0,False,86.62,"[None, 2048, 2048, 2048, 2048, 2048, 2048, 2048]","[2048, 2048, 2048, 2048, 2048, 2048, 2048]","[2048, 2048, 2048, 2048, 2048, 2048, 2048, 2048, 2048, 2048]",307.0,44_9157
1218,9157,44,33,2023-09-03T14:10:21.332000+00:00,28.317,29.769,28.498,309.0,307.0,False,86.584,"[None, 2048, 2048, 2048, 2048, 2048, 2048, 2048]","[2048, 2048, 2048, 2048, 2048, 2048, 2048]","[2048, 2048, 2048, 2048, 2048, 2048, 2048, 2048, 2048]",305.0,44_9157
1218,9157,44,34,2023-09-03T14:11:47.925000+00:00,28.231,29.565,28.44,311.0,312.0,False,86.236,"[None, 2048, 2048, 2048, 2048, 2048, 2048, 2048]","[2048, 2048, 2048, 2048, 2049, 2048, 2048]","[2048, 2048, 2048, 2048, 2048, 2048, 2048, 2048, 2048]",310.0,44_9157
1218,9157,44,35,2023-09-03T14:13:14.205000+00:00,28.2,29.528,28.288,312.0,310.0,False,86.016,"[None, 2048, 2048, 2048, 2048, 2048, 2048, 2048]","[2048, 2048, 2049, 2048, 2049, 2048, 2048]","[2048, 2049, 2048, 2048, 2048, 2048, 2048, 2048, 2048, 2048]",314.0,44_9157
1218,9157,44,36,2023-09-03T14:14:40.189000+00:00,28.237,29.691,28.277,310.0,310.0,False,86.205,"[None, 2048, 2048, 2048, 2048, 2048, 2048, 2048]","[2048, 2048, 2048, 2048, 2048, 2048, 2048]","[2048, 2048, 2048, 2048, 2048, 2048, 2049, 2048, 2048]",315.0,44_9157
1218,9157,44,37,2023-09-03T14:16:06.391000+00:00,28.165,29.626,28.208,312.0,312.0,False,85.999,"[None, 2048, 2048, 2048, 2048, 2048, 2048, 2048]","[2048, 2048, 2048, 2048, 2048, 2048, 2048]","[2048, 2049, 2048, 2048, 2048, 2049, 2048, 2048, 2048]",313.0,44_9157
1218,9157,44,38,2023-09-03T14:17:32.390000+00:00,28.191,29.81,28.273,310.0,312.0,False,86.274,"[None, 2048, 2048, 2048, 2048, 2048, 2048, 2048]","[2048, 2048, 2048, 2048, 2048, 2048, 2048]","[2048, 2048, 2048, 2048, 2048, 2048, 2048, 2048, 2048, 2048]",312.0,44_9157
1218,9157,44,39,2023-09-03T14:18:58.779000+00:00,28.2,29.837,28.212,314.0,314.0,False,86.249,"[None, 2048, 2048, 2048, 2048, 2048, 2048, 2048]","[2048, 2048, 2048, 2048, 2048, 2048, 2048]","[2048, 2048, 2048, 2048, 2048, 2049, 2048, 2049, 2049, 2049]",,44_9157
1218,9157,44,40,2023-09-03T14:20:24.935000+00:00,27.835,30.525,28.298,327.0,325.0,False,86.658,"[2049, 2048, 2048, 2048, 2049, 2049, 2049, 2049]","[2051, 2048, 2048, 2048, 2048, 2049, 2048]","[2048, 2048, 2049, 2049, 2048, 2049, 2048, 2048, 2051, 2049]",336.0,44_9157
1218,9157,44,41,2023-09-03T14:21:51.590000+00:00,28.084,31.028,28.389,323.0,308.0,False,87.501,"[2051, 2051, 2049, 2048, 2048, 2048, 2048, 2048]","[2048, 2048, 2048, 2048, 2048, 2048, 2048]","[2048, 2048, 2048, 2048, 2048, 2048, 2048, 2048, 2048]",359.0,44_9157
1218,9157,44,42,2023-09-03T14:23:18.964000+00:00,28.303,29.7,28.213,310.0,311.0,False,86.216,"[2048, 2048, 2048, 2048, 2048, 2048, 2048, 2048]","[2048, 2048, 2048, 2048, 2048, 2048, 2048]","[2048, 2048, 2048, 2048, 2048, 2048, 2048, 2049, 2048]",311.0,44_9157
1218,9157,44,43,2023-09-03T14:24:45.276000+00:00,28.191,29.702,28.2,311.0,312.0,False,86.093,"[None, 2048, 2048, 2048, 2048, 2048, 2048, 2048]","[2048, 2048, 2048, 2048, 2048, 2048, 2048]","[2048, 2048, 2048, 2048, 2048, 2048, 2048, 2048, 2048]",,44_9157
1218,9157,44,44,2023-09-03T14:26:11.353000+00:00,28.286,29.995,28.871,310.0,337.0,False,87.152,"[None, 2048, 2048, 2048, 2048, 2048, 2048, 2048]","[2048, 2048, 2048, 2048, 2048, 2049, 2049]","[2048, 2048, 2048, 2048, 2048, 2048, 2048, 2048, 2051, 2048]",312.0,44_9157
1218,9157,44,45,2023-09-03T14:27:38.524000+00:00,28.007,29.815,28.511,315.0,316.0,False,86.333,"[2051, 2048, 2048, 2048, 2048, 2048, 2048, 2048]","[2048, 2048, 2048, 2048, 2048, 2048, 2048]","[2048, 2048, 2048, 2048, 2048, 2048, 2048, 2049, 2048]",345.0,44_9157
1218,9157,44,46,2023-09-03T14:29:04.741000+00:00,28.313,30.328,28.552,319.0,321.0,False,87.193,"[2048, 2048, 2048, 2048, 2049, 2049, 2048, 2048]","[2048, 2048, 2048, 2048, 2048, 2048, 2048]","[2048, 2048, 2049, 2048, 2048, 2048, 2048, 2049, 2048]",344.0,44_9157
1218,9157,44,47,2023-09-03T14:30:32.069000+00:00,28.422,29.673,28.025,,307.0,False,86.12,"[None, 2048, 2048, 2048, 2048, 2048, 2048, 2048]","[2048, 2048, 2048, 2048, 2048, 2048, 2048]","[2048, 2049, 2048, 2048, 2048, 2048, 2049, 2048, 2048]",330.0,44_9157
1218,9157,44,48,2023-09-03T14:31:58.083000+00:00,28.115,29.489,28.211,307.0,305.0,False,85.815,"[None, 2048, 2048, 2048, 2048, 2048, 2048, 2048]","[2048, 2049, 2049, 2048, 2048, 2048, 2048]","[2048, 2048, 2048, 2048, 2048, 2048, 2048, 2048, 2048, 2048]",317.0,44_9157
1218,9157,44,49,2023-09-03T14:33:24.035000+00:00,28.298,29.417,28.173,314.0,311.0,False,85.888,"[None, 2048, 2048, 2048, 2048, 2048, 2048, 2048]","[2048, 2048, 2048, 2048, 2048, 2048, 2048]","[2048, 2048, 2048, 2048, 2048, 2048, 2048, 2048, 2048, 2048]",309.0,44_9157
1218,9157,44,50,2023-09-03T14:34:49.925000+00:00,28.164,29.526,28.237,312.0,309.0,False,85.927,"[None, 2048, 2048, 2048, 2048, 2048, 2048, 2048]","[2048, 2048, 2049, 2048, 2048, 2048, 2048]","[2048, 2048, 2048, 2048, 2048, 2048, 2048, 2048, 2048]",315.0,44_9157
1218,9157,44,51,2023-09-03T14:36:15.830000+00:00,28.147,29.595,28.351,311.0,308.0,False,86.093,"[None, 2048, 2048, 2048, 2048, 2048, 2048, 2048]","[2048, 2048, 2048, 2048, 2048, 2048, 2048]","[2048, 2048, 2048, 2048, 2048, 2048, 2048, 2048, 2048, 2064]",316.0,44_9157
1218,9157,44,52,2023-09-03T14:43:31.982000+00:00,,,,,,False,,,,,,44_9157
1218,9157,55,1,2023-09-03T13:23:22.770000+00:00,29.632,29.288,28.47,317.0,299.0,False,87.39,"[2048, 2049, 2051, 2051, 2049, 2049, 2049, 2049]","[2051, 2051, 2051, 2051, 2051, 2049, 2049]","[2051, 2051, 2049, 2049, 2049, 2049, 2051, 2051, 2051, 2048]",284.0,55_9157
1218,9157,55,2,2023-09-03T13:24:50.159000+00:00,28.266,29.312,28.428,303.0,302.0,False,86.006,"[2049, 2049, 2049, 2051, 2048, 2048, 2049, 2048]","[2048, 2051, 2051, 2048, 2051, 2049, 2049]","[2049, 2049, 2049, 2049, 2049, 2049, 2048, 2048, 2048]",304.0,55_9157
1218,9157,55,3,2023-09-03T13:26:16.143000+00:00,28.262,29.365,28.349,,302.0,False,85.976,"[None, 2049, 2049, 2048, 2048, 2049, 2048, 2048]","[2048, 2048, 2048, 2048, 2048, 2049, 2049]","[2049, 2051, 2049, 2049, 2049, 2049, 2048, 2048, 2048, 2049]",306.0,55_9157
1218,9157,55,4,2023-09-03T13:27:42.173000+00:00,28.388,29.335,28.344,305.0,304.0,False,86.067,"[None, 2049, 2048, 2048, 2048, 2048, 2049, 2048]","[2048, 2048, 2051, 2048, 2048, 2048, 2049]","[2049, 2048, 2048, 2048, 2049, 2048, 2048, 2048, 2049, 2049]",308.0,55_9157
1218,9157,55,5,2023-09-03T13:29:08.297000+00:00,28.308,29.622,28.493,304.0,301.0,False,86.423,"[None, 2049, 2049, 2048, 2048, 2048, 2048, 2048]","[2048, 2048, 2048, 2048, 2048, 2048, 2048]","[2048, 2048, 2048, 2048, 2048, 2048, 2048, 2048, 2048]",,55_9157
1218,9157,55,6,2023-09-03T13:30:34.718000+00:00,28.554,29.662,28.399,306.0,304.0,False,86.615,"[2048, 2049, 2049, 2048, 2048, 2048, 2048, 2048]","[2048, 2048, 2049, 2048, 2048, 2048, 2048]","[2049, 2048, 2049, 2049, 2049, 2048, 2048, 2048, 2048, 2048]",323.0,55_9157
1218,9157,55,7,2023-09-03T13:32:01.248000+00:00,28.328,29.672,28.358,305.0,305.0,False,86.358,"[None, 2048, 2048, 2048, 2048, 2048, 2048, 2048]","[2048, 2048, 2048, 2048, 2048, 2048, 2049]","[2049, 2048, 2048, 2048, 2049, 2048, 2048, 2048, 2048, 2048]",309.0,55_9157
1218,9157,55,8,2023-09-03T13:33:27.622000+00:00,28.208,29.541,28.475,,304.0,False,86.224,"[2049, 2049, 2048, 2048, 2048, 2048, 2048, 2048]","[2048, 2048, 2048, 2048, 2048, 2048, 2048]","[2048, 2048, 2048, 2048, 2048, 2048, 2048, 2048, 2048, 2048]",314.0,55_9157
1218,9157,55,9,2023-09-03T13:34:53.825000+00:00,28.244,29.82,28.412,,302.0,False,86.476,"[2048, 2049, 2048, 2048, 2048, 2048, 2048, 2048]","[2048, 2048, 2048, 2048, 2048, 2048, 2048]","[2048, 2048, 2048, 2048, 2048, 2048, 2048, 2048, 2048, 2048]",330.0,55_9157
1218,9157,55,10,2023-09-03T13:36:20.339000+00:00,28.397,29.672,28.442,306.0,302.0,False,86.511,"[None, 2048, 2048, 2048, 2048, 2048, 2048, 2048]","[2048, 2048, 2048, 2048, 2048, 2048, 2048]","[2048, 2048, 2048, 2048, 2048, 2048, 2048, 2048, 2048, 2048]",314.0,55_9157
1218,9157,55,11,2023-09-03T13:37:46.838000+00:00,28.401,29.892,28.398,305.0,304.0,False,86.691,"[None, 2048, 2048, 2048, 2048, 2048, 2048, 2048]","[2048, 2048, 2048, 2048, 2048, 2048, 2049]","[2049, 2048, 2048, 2048, 2048, 2048, 2048, 2048, 2048, 2048]",309.0,55_9157
1218,9157,55,12,2023-09-03T13:39:13.556000+00:00,28.24,29.744,28.424,308.0,307.0,False,86.408,"[None, 2048, 2048, 2048, 2048, 2048, 2049, 2048]","[2048, 2048, 2048, 2048, 2048, 2048, 2049]","[2048, 2048, 2049, 2049, 2049, 2049, 2048, 2048, 2048, 2048]",312.0,55_9157
1218,9157,55,13,2023-09-03T13:40:39.961000+00:00,28.437,29.961,28.489,307.0,306.0,False,86.887,"[None, 2048, 2048, 2048, 2048, 2048, 2049, 2048]","[2048, 2048, 2048, 2048, 2048, 2048, 2048]","[2048, 2048, 2048, 2049, 2048, 2048, 2048, 2048, 2048, 2048]",310.0,55_9157
1218,9157,55,14,2023-09-03T13:42:06.804000+00:00,28.356,30.156,28.46,309.0,303.0,False,86.972,"[None, 2048, 2049, 2048, 2048, 2048, 2049, 2048]","[2048, 2048, 2048, 2048, 2048, 2048, 2048]","[2048, 2048, 2049, 2048, 2048, 2048, 2048, 2048, 2048, 2048]",329.0,55_9157
1218,9157,55,15,2023-09-03T13:43:33.803000+00:00,28.562,31.139,28.518,320.0,319.0,False,88.219,"[2049, 2049, 2049, 2048, 2048, 2048, 2048, 2049]","[2049, 2048, 2048, 2048, 2048, 2048, 2049]","[2049, 2048, 2049, 2049, 2049, 2049, 2048, 2048, 2048]",327.0,55_9157
1218,9157,55,16,2023-09-03T13:45:02.005000+00:00,28.387,30.36,28.576,309.0,307.0,False,87.323,"[None, 2049, 2048, 2048, 2048, 2049, 2049, 2048]","[2048, 2048, 2048, 2048, 2048, 2048, 2048]","[2048, 2048, 2048, 2048, 2048, 2048, 2048, 2048, 2049]",,55_9157
1218,9157,55,17,2023-09-03T13:46:29.317000+00:00,28.46,30.585,28.676,310.0,306.0,False,87.721,"[2048, 2048, 2048, 2048, 2048, 2049, 2049, 2048]","[2048, 2048, 2048, 2048, 2048, 2048, 2048]","[2048, 2048, 2048, 2048, 2048, 2048, 2048, 2048, 2048]",313.0,55_9157
1218,9157,55,18,2023-09-03T13:47:57.082000+00:00,28.306,30.501,28.705,,306.0,False,87.512,"[None, 2048, 2048, 2048, 2048, 2048, 2048, 2048]","[2048, 2048, 2048, 2048, 2048, 2048, 2048]","[2048, 2048, 2048, 2048, 2048, 2048, 2048, 2048, 2048, 2048]",319.0,55_9157
1218,9157,55,19,2023-09-03T13:49:24.581000+00:00,28.301,30.548,33.063,309.0,306.0,False,91.912,"[None, 2048, 2048, 2048, 2048, 2048, 2048, 2048]","[2048, 2048, 2048, 2048, 2048, 2048, 2048]","[2048, 2048, 2048, 2048, 2048, 2048, 2048, 2048, 2048, 2064]",333.0,55_9157
1218,9157,55,20,2023-09-03T13:50:56.486000+00:00,49.012,29.37,28.38,309.0,340.0,True,106.762,"[2064, 2064, 2048, 2048, 2048, 2049, 2049, 2048]","[2048, 2048, 2048, 2048, 2048, 2051, 2051]","[2051, 2048, 2048, 2048, 2048, 2048, 2048, 2048, 2051, 2048]",282.0,55_9157
1218,9157,55,21,2023-09-03T13:52:43.281000+00:00,28.249,29.705,28.192,310.0,304.0,False,86.146,"[2048, 2048, 2048, 2048, 2048, 2049, 2048, 2048]","[2049, 2048, 2048, 2048, 2048, 2048, 2048]","[2048, 2051, 2049, 2048, 2048, 2048, 2048, 2048, 2048]",320.0,55_9157
1218,9157,55,22,2023-09-03T13:54:09.281000+00:00,28.19,29.222,28.146,308.0,308.0,False,85.558,"[None, 2048, 2048, 2048, 2048, 2048, 2048, 2048]","[2048, 2048, 2049, 2048, 2048, 2048, 2048]","[2048, 2051, 2049, 2048, 2048, 2048, 2048, 2051, 2049]",312.0,55_9157
1218,9157,55,23,2023-09-03T13:55:34.889000+00:00,28.14,29.449,28.204,,306.0,False,85.793,"[None, 2048, 2048, 2048, 2048, 2048, 2048, 2048]","[2048, 2048, 2048, 2048, 2048, 2048, 2048]","[2048, 2048, 2048, 2048, 2048, 2048, 2048, 2051, 2048]",311.0,55_9157
1218,9157,55,24,2023-09-03T13:57:00.685000+00:00,28.144,29.514,28.244,307.0,308.0,False,85.902,"[None, 2048, 2048, 2048, 2048, 2048, 2048, 2048]","[2048, 2048, 2048, 2048, 2048, 2048, 2048]","[2048, 2048, 2048, 2048, 2048, 2048, 2048, 2048, 2049]",313.0,55_9157
1218,9157,55,25,2023-09-03T13:58:26.543000+00:00,28.139,29.643,28.223,,310.0,False,86.005,"[None, 2048, 2048, 2048, 2048, 2048, 2048, 2048]","[2048, 2048, 2048, 2048, 2048, 2048, 2048]","[2048, 2048, 2049, 2048, 2048, 2048, 2048, 2048, 2048, 2049]",315.0,55_9157
1218,9157,55,26,2023-09-03T13:59:52.683000+00:00,28.117,29.485,28.234,310.0,311.0,False,85.836,"[None, 2048, 2048, 2048, 2048, 2049, 2048, 2048]","[2048, 2048, 2048, 2048, 2048, 2048, 2048]","[2048, 2048, 2048, 2048, 2048, 2049, 2048, 2048, 2048]",316.0,55_9157
1218,9157,55,27,2023-09-03T14:01:18.494000+00:00,28.108,29.483,28.574,312.0,341.0,False,86.165,"[2049, 2048, 2048, 2048, 2048, 2048, 2048, 2048]","[2048, 2048, 2048, 2048, 2048, 2048, 2051]","[2048, 2048, 2048, 2048, 2048, 2048, 2048, 2048, 2048]",320.0,55_9157
1218,9157,55,28,2023-09-03T14:02:44.525000+00:00,28.081,29.476,28.213,310.0,309.0,False,85.77,"[2048, 2048, 2048, 2048, 2048, 2048, 2048, 2048]","[2048, 2048, 2048, 2048, 2048, 2048, 2048]","[2048, 2048, 2049, 2048, 2048, 2048, 2048, 2048, 2048, 2048]",316.0,55_9157
1218,9157,55,29,2023-09-03T14:04:10.477000+00:00,28.136,29.455,28.129,312.0,309.0,False,85.72,"[None, 2048, 2048, 2048, 2048, 2048, 2049, 2048]","[2048, 2048, 2048, 2048, 2048, 2048, 2048]","[2048, 2049, 2048, 2048, 2048, 2048, 2048, 2048, 2048]",314.0,55_9157
1218,9157,55,30,2023-09-03T14:05:36.148000+00:00,28.096,29.328,28.077,,310.0,False,85.501,"[None, 2048, 2048, 2048, 2048, 2048, 2048, 2048]","[2048, 2048, 2049, 2048, 2048, 2048, 2048]","[2048, 2048, 2048, 2048, 2048, 2048, 2048, 2049, 2048]",,55_9157
1218,9157,55,31,2023-09-03T14:07:01.663000+00:00,28.057,29.589,28.072,311.0,309.0,False,85.718,"[None, 2048, 2048, 2048, 2048, 2048, 2048, 2048]","[2048, 2048, 2048, 2048, 2048, 2048, 2048]","[2048, 2049, 2048, 2048, 2048, 2048, 2048, 2048, 2048]",,55_9157
1218,9157,55,32,2023-09-03T14:08:27.380000+00:00,28.076,29.523,28.297,310.0,309.0,False,85.896,"[None, 2048, 2048, 2048, 2048, 2048, 2048, 2048]","[2048, 2048, 2048, 2048, 2048, 2048, 2048]","[2048, 2048, 2048, 2048, 2048, 2048, 2048, 2048, 2048, 2048]",315.0,55_9157
1218,9157,55,33,2023-09-03T14:09:53.317000+00:00,28.054,29.676,28.196,313.0,310.0,False,85.926,"[None, 2048, 2048, 2048, 2048, 2048, 2048, 2048]","[2048, 2048, 2048, 2048, 2048, 2048, 2048]","[2048, 2048, 2048, 2048, 2048, 2048, 2048, 2048, 2049]",,55_9157
1218,9157,55,34,2023-09-03T14:11:19.191000+00:00,28.149,29.656,28.321,311.0,312.0,False,86.126,"[None, 2048, 2048, 2048, 2048, 2048, 2048, 2048]","[2048, 2048, 2048, 2048, 2048, 2048, 2048]","[2048, 2048, 2048, 2048, 2048, 2048, 2048, 2048, 2048]",,55_9157
1218,9157,55,35,2023-09-03T14:12:45.377000+00:00,28.037,29.62,28.132,312.0,313.0,False,85.789,"[None, 2048, 2048, 2048, 2048, 2049, 2048, 2048]","[2048, 2048, 2048, 2048, 2048, 2048, 2048]","[2048, 2048, 2048, 2048, 2048, 2048, 2048, 2048, 2049]",316.0,55_9157
1218,9157,55,36,2023-09-03T14:14:11.111000+00:00,28.106,29.731,28.174,310.0,311.0,False,86.011,"[None, 2048, 2048, 2048, 2048, 2048, 2048, 2048]","[2048, 2048, 2048, 2048, 2048, 2048, 2048]","[2048, 2048, 2049, 2049, 2048, 2048, 2048, 2048, 2048, 2048]",318.0,55_9157
1218,9157,55,37,2023-09-03T14:15:37.141000+00:00,27.998,29.719,28.169,315.0,314.0,False,85.886,"[None, 2048, 2048, 2048, 2048, 2049, 2049, 2049]","[2048, 2048, 2048, 2048, 2048, 2048, 2048]","[2048, 2048, 2048, 2048, 2048, 2049, 2048, 2048, 2048]",319.0,55_9157
1218,9157,55,38,2023-09-03T14:17:02.984000+00:00,27.936,29.713,28.056,,313.0,False,85.705,"[2049, 2048, 2048, 2048, 2048, 2049, 2049, 2049]","[2048, 2048, 2048, 2048, 2048, 2048, 2048]","[2048, 2048, 2049, 2049, 2048, 2049, 2048, 2048, 2048]",,55_9157
1218,9157,55,39,2023-09-03T14:18:28.686000+00:00,28.052,29.689,28.183,314.0,313.0,False,85.924,"[None, 2048, 2048, 2048, 2048, 2048, 2048, 2048]","[2048, 2048, 2048, 2048, 2048, 2048, 2048]","[2048, 2048, 2048, 2048, 2048, 2049, 2048, 2048, 2049, 2049]",,55_9157
1218,9157,55,40,2023-09-03T14:19:54.607000+00:00,28.028,29.753,28.341,315.0,312.0,False,86.122,"[None, 2048, 2048, 2048, 2048, 2048, 2048, 2048]","[2049, 2048, 2048, 2048, 2048, 2048, 2048]","[2048, 2048, 2048, 2048, 2048, 2048, 2048, 2048, 2048, 2048]",320.0,55_9157
1218,9157,55,41,2023-09-03T14:21:20.762000+00:00,28.166,30.232,28.34,316.0,311.0,False,86.738,"[2048, 2049, 2049, 2048, 2048, 2048, 2048, 2049]","[2048, 2048, 2048, 2048, 2048, 2048, 2048]","[2048, 2048, 2048, 2048, 2048, 2048, 2048, 2048, 2048, 2048]",334.0,55_9157
1218,9157,55,42,2023-09-03T14:22:47.496000+00:00,28.098,30.098,28.283,311.0,313.0,False,86.479,"[None, 2049, 2049, 2048, 2048, 2048, 2048, 2048]","[2048, 2048, 2048, 2048, 2048, 2048, 2048]","[2048, 2048, 2048, 2048, 2048, 2048, 2048, 2048, 2048, 2048]",335.0,55_9157
1218,9157,55,43,2023-09-03T14:24:13.963000+00:00,28.243,30.069,28.277,312.0,312.0,False,86.589,"[None, 2048, 2048, 2048, 2048, 2048, 2048, 2048]","[2048, 2048, 2048, 2048, 2048, 2048, 2048]","[2048, 2048, 2048, 2048, 2048, 2048, 2048, 2048, 2048, 2048]",330.0,55_9157
1218,9157,55,44,2023-09-03T14:25:40.587000+00:00,28.333,29.839,28.258,311.0,312.0,False,86.43,"[None, 2048, 2048, 2048, 2048, 2049, 2048, 2048]","[2048, 2048, 2048, 2048, 2048, 2048, 2048]","[2048, 2048, 2048, 2048, 2048, 2048, 2048, 2048, 2048, 2048]",316.0,55_9157
1218,9157,55,45,2023-09-03T14:27:07.008000+00:00,28.283,30.144,28.205,313.0,310.0,False,86.632,"[None, 2048, 2048, 2048, 2048, 2048, 2048, 2048]","[2048, 2048, 2048, 2048, 2048, 2048, 2048]","[2048, 2048, 2049, 2048, 2048, 2048, 2048, 2048, 2048, 2048]",335.0,55_9157
1218,9157,55,46,2023-09-03T14:28:33.664000+00:00,28.538,30.435,28.33,318.0,314.0,False,87.303,"[None, 2048, 2048, 2048, 2048, 2049, 2049, 2049]","[2048, 2048, 2048, 2048, 2048, 2048, 2048]","[2048, 2048, 2048, 2048, 2048, 2048, 2048, 2048, 2049]",325.0,55_9157
1218,9157,55,47,2023-09-03T14:30:00.960000+00:00,28.583,30.233,28.28,327.0,313.0,False,87.096,"[2049, 2048, 2048, 2048, 2049, 2048, 2048, 2049]","[2049, 2048, 2048, 2048, 2048, 2048, 2048]","[2048, 2048, 2048, 2048, 2048, 2048, 2048, 2048, 2048]",324.0,55_9157
1218,9157,55,48,2023-09-03T14:31:28.021000+00:00,28.366,30.083,28.351,311.0,310.0,False,86.8,"[2048, 2048, 2048, 2048, 2048, 2048, 2048, 2048]","[2048, 2048, 2048, 2048, 2048, 2048, 2048]","[2048, 2048, 2048, 2048, 2048, 2048, 2048, 2048, 2048, 2048]",325.0,55_9157
1218,9157,55,49,2023-09-03T14:32:54.848000+00:00,28.303,30.127,28.34,313.0,312.0,False,86.77,"[None, 2048, 2048, 2048, 2048, 2048, 2048, 2048]","[2048, 2048, 2048, 2048, 2048, 2048, 2048]","[2048, 2048, 2048, 2048, 2048, 2048, 2048, 2048, 2048, 2048]",320.0,55_9157
1218,9157,55,50,2023-09-03T14:34:21.613000+00:00,28.355,30.212,28.209,310.0,311.0,False,86.776,"[None, 2049, 2049, 2048, 2048, 2048, 2048, 2048]","[2048, 2048, 2048, 2048, 2048, 2048, 2048]","[2048, 2048, 2049, 2048, 2048, 2048, 2048, 2048, 2048, 2048]",336.0,55_9157
1218,9157,55,51,2023-09-03T14:35:48.378000+00:00,28.18,30.383,28.481,312.0,307.0,False,87.044,"[None, 2048, 2048, 2048, 2048, 2048, 2048, 2048]","[2048, 2048, 2048, 2048, 2048, 2048, 2048]","[2048, 2048, 2048, 2048, 2048, 2048, 2048, 2048, 2048, 2064]",,55_9157
1218,9157,55,52,2023-09-03T14:43:31.982000+00:00,,,,,,False,,,,,,55_9157
1218,9157,63,1,2023-09-03T13:23:22.770000+00:00,30.582,30.358,28.7,317.0,311.0,False,89.64,"[2048, 2049, 2049, 2049, 2049, 2049, 2049, 2049]","[2049, 2049, 2049, 2049, 2049, 2049, 2049]","[2049, 2049, 2049, 2049, 2049, 2049, 2049, 2049, 2049, 2049]",286.0,63_9157
1218,9157,63,2,2023-09-03T13:24:52.409000+00:00,28.274,29.786,28.626,309.0,309.0,False,86.686,"[2049, 2049, 2049, 2049, 2048, 2048, 2048, 2048]","[2049, 2049, 2049, 2049, 2049, 2048, 2048]","[2049, 2049, 2049, 2049, 2048, 2048, 2048, 2048, 2048, 2048]",317.0,63_9157
1218,9157,63,3,2023-09-03T13:26:19.065000+00:00,28.187,29.427,28.562,318.0,313.0,False,86.176,"[None, 2048, 2048, 2049, 2048, 2048, 2048, 2049]","[2049, 2049, 2049, 2049, 2049, 2049, 2049]","[2049, 2049, 2048, 2049, 2048, 2048, 2048, 2048, 2048, 2049]",305.0,63_9157
1218,9157,63,4,2023-09-03T13:27:45.251000+00:00,28.205,29.617,28.356,310.0,314.0,False,86.178,"[None, 2049, 2048, 2048, 2048, 2048, 2048, 2048]","[2048, 2048, 2048, 2048, 2048, 2048, 2049]","[2049, 2049, 2048, 2049, 2049, 2049, 2049, 2049, 2049]",312.0,63_9157
1218,9157,63,5,2023-09-03T13:29:11.422000+00:00,28.172,29.656,28.421,308.0,314.0,False,86.249,"[None, 2049, 2049, 2048, 2048, 2048, 2048, 2048]","[2048, 2048, 2048, 2048, 2048, 2048, 2048]","[2048, 2048, 2049, 2049, 2049, 2048, 2048, 2048, 2048]",333.0,63_9157
1218,9157,63,6,2023-09-03T13:30:37.796000+00:00,28.302,29.707,28.506,307.0,316.0,False,86.515,"[2048, 2048, 2048, 2048, 2048, 2048, 2048, 2048]","[2048, 2048, 2049, 2048, 2048, 2048, 2049]","[2048, 2048, 2048, 2048, 2048, 2048, 2048, 2048, 2048, 2048]",312.0,63_9157
1218,9157,63,7,2023-09-03T13:32:04.202000+00:00,28.234,29.826,28.455,306.0,312.0,False,86.515,"[None, 2048, 2048, 2048, 2048, 2048, 2048, 2048]","[2048, 2048, 2048, 2048, 2048, 2048, 2048]","[2048, 2048, 2048, 2048, 2048, 2048, 2048, 2048, 2048, 2048]",319.0,63_9157
1218,9157,63,8,2023-09-03T13:33:30.732000+00:00,28.119,29.915,28.56,321.0,311.0,False,86.594,"[None, 2049, 2049, 2048, 2048, 2048, 2048, 2049]","[2048, 2048, 2048, 2048, 2048, 2048, 2048]","[2048, 2048, 2048, 2048, 2048, 2048, 2048, 2048, 2048, 2048]",334.0,63_9157
1218,9157,63,9,2023-09-03T13:34:57.340000+00:00,28.433,29.741,28.536,306.0,311.0,False,86.71,"[None, 2048, 2048, 2048, 2048, 2048, 2048, 2048]","[2048, 2048, 2049, 2048, 2048, 2048, 2048]","[2048, 2048, 2048, 2048, 2048, 2049, 2048, 2048, 2048, 2048]",304.0,63_9157
1218,9157,63,10,2023-09-03T13:36:24.011000+00:00,28.267,29.753,28.635,310.0,314.0,False,86.655,"[None, 2048, 2048, 2048, 2048, 2048, 2048, 2048]","[2048, 2048, 2048, 2048, 2048, 2048, 2048]","[2048, 2048, 2048, 2048, 2048, 2048, 2048, 2048, 2048]",320.0,63_9157
1218,9157,63,11,2023-09-03T13:37:50.651000+00:00,28.33,30.182,28.674,313.0,311.0,False,87.186,"[None, 2048, 2048, 2048, 2048, 2048, 2048, 2048]","[2048, 2048, 2048, 2048, 2048, 2048, 2048]","[2048, 2048, 2048, 2048, 2048, 2048, 2048, 2049, 2048, 2048]",330.0,63_9157
1218,9157,63,12,2023-09-03T13:39:17.900000+00:00,28.31,30.143,28.591,307.0,310.0,False,87.044,"[None, 2048, 2048, 2048, 2048, 2048, 2048, 2048]","[2048, 2048, 2048, 2048, 2048, 2048, 2048]","[2048, 2048, 2048, 2048, 2048, 2048, 2048, 2049, 2049, 2048]",331.0,63_9157
1218,9157,63,13,2023-09-03T13:40:44.930000+00:00,28.313,30.16,28.489,306.0,308.0,False,86.962,"[None, 2048, 2048, 2048, 2048, 2048, 2048, 2048]","[2048, 2048, 2048, 2048, 2048, 2048, 2048]","[2048, 2048, 2048, 2048, 2048, 2048, 2048, 2048, 2049, 2048]",330.0,63_9157
1218,9157,63,14,2023-09-03T13:42:11.914000+00:00,28.618,30.244,28.423,303.0,308.0,False,87.285,"[None, 2048, 2049, 2048, 2048, 2048, 2048, 2048]","[2048, 2048, 2048, 2048, 2048, 2048, 2048]","[2048, 2048, 2048, 2048, 2048, 2048, 2048, 2049, 2049]",,63_9157
1218,9157,63,15,2023-09-03T13:43:39.163000+00:00,28.352,30.155,28.498,309.0,311.0,False,87.005,"[None, 2048, 2048, 2048, 2048, 2048, 2048, 2048]","[2048, 2048, 2048, 2048, 2048, 2048, 2048]","[2048, 2048, 2048, 2048, 2048, 2048, 2048, 2048, 2048, 2048]",316.0,63_9157
1218,9157,63,16,2023-09-03T13:45:06.162000+00:00,28.483,30.822,28.671,328.0,323.0,False,87.976,"[None, 2048, 2048, 2048, 2048, 2048, 2049, 2049]","[2048, 2048, 2048, 2048, 2048, 2048, 2049]","[2048, 2048, 2048, 2049, 2049, 2048, 2048, 2048, 2049, 2048]",331.0,63_9157
1218,9157,63,17,2023-09-03T13:46:34.176000+00:00,28.502,30.069,28.484,325.0,328.0,False,87.055,"[2049, 2048, 2048, 2048, 2048, 2048, 2048, 2048]","[2048, 2048, 2048, 2048, 2048, 2048, 2049]","[2049, 2048, 2049, 2049, 2049, 2049, 2048, 2048, 2048]",313.0,63_9157
1218,9157,63,18,2023-09-03T13:48:01.191000+00:00,28.386,30.34,28.657,315.0,319.0,False,87.383,"[None, 2049, 2048, 2048, 2048, 2048, 2048, 2048]","[2048, 2048, 2048, 2048, 2048, 2048, 2048]","[2048, 2048, 2048, 2048, 2048, 2048, 2048, 2048, 2048, 2048]",330.0,63_9157
1218,9157,63,19,2023-09-03T13:49:28.612000+00:00,28.583,30.368,32.934,313.0,310.0,False,91.885,"[2048, 2048, 2048, 2048, 2048, 2048, 2048, 2048]","[2048, 2048, 2048, 2048, 2048, 2048, 2048]","[2048, 2048, 2048, 2048, 2048, 2048, 2048, 2048, 2048, 2064]",317.0,63_9157
1218,9157,63,20,2023-09-03T13:51:00.455000+00:00,47.578,29.332,28.4,316.0,319.0,True,105.31,"[2064, 2064, 2048, 2049, 2048, 2048, 2048, 2048]","[2048, 2048, 2051, 2049, 2049, 2049, 2048]","[2049, 2049, 2048, 2048, 2048, 2048, 2049, 2048, 2048, 2048]",283.0,63_9157
1218,9157,63,21,2023-09-03T13:52:45.797000+00:00,28.308,29.601,28.547,311.0,321.0,False,86.456,"[2048, 2048, 2048, 2048, 2048, 2048, 2048, 2048]","[2048, 2048, 2048, 2048, 2048, 2049, 2049]","[2048, 2048, 2048, 2048, 2048, 2048, 2048, 2048, 2048]",321.0,63_9157
1218,9157,63,22,2023-09-03T13:54:12.109000+00:00,28.253,29.891,28.571,313.0,311.0,False,86.715,"[None, 2048, 2048, 2048, 2048, 2048, 2048, 2048]","[2048, 2048, 2048, 2048, 2048, 2048, 2048]","[2048, 2048, 2048, 2048, 2048, 2048, 2048, 2048, 2048]",316.0,63_9157
1218,9157,63,23,2023-09-03T13:55:38.858000+00:00,28.145,29.888,28.572,312.0,311.0,False,86.605,"[None, 2048, 2048, 2048, 2048, 2048, 2048, 2048]","[2048, 2048, 2048, 2048, 2048, 2048, 2048]","[2048, 2048, 2048, 2048, 2048, 2048, 2048, 2048, 2048]",315.0,63_9157
1218,9157,63,24,2023-09-03T13:57:05.435000+00:00,28.215,29.873,28.583,309.0,312.0,False,86.671,"[None, 2048, 2048, 2048, 2048, 2048, 2048, 2048]","[2048, 2048, 2048, 2048, 2048, 2048, 2048]","[2048, 2048, 2048, 2048, 2048, 2048, 2048, 2048, 2049]",,63_9157
1218,9157,63,25,2023-09-03T13:58:32.137000+00:00,28.213,29.64,28.467,310.0,312.0,False,86.32,"[None, 2048, 2048, 2048, 2048, 2048, 2048, 2048]","[2048, 2048, 2048, 2048, 2049, 2048, 2048]","[2048, 2048, 2048, 2048, 2048, 2048, 2048, 2049, 2049, 2048]",312.0,63_9157
1218,9157,63,26,2023-09-03T13:59:58.558000+00:00,28.264,29.755,28.391,312.0,313.0,False,86.41,"[None, 2048, 2048, 2048, 2048, 2048, 2048, 2048]","[2048, 2048, 2048, 2048, 2048, 2048, 2048]","[2048, 2049, 2048, 2048, 2048, 2048, 2048, 2048, 2048, 2048]",315.0,63_9157
1218,9157,63,27,2023-09-03T14:01:24.979000+00:00,28.172,29.571,28.441,314.0,316.0,False,86.184,"[None, 2048, 2048, 2048, 2048, 2048, 2048, 2048]","[2048, 2048, 2048, 2048, 2048, 2048, 2048]","[2048, 2048, 2048, 2048, 2048, 2048, 2048, 2048, 2048]",316.0,63_9157
1218,9157,63,28,2023-09-03T14:02:51.165000+00:00,28.272,29.674,28.338,312.0,312.0,False,86.284,"[None, 2048, 2048, 2048, 2048, 2048, 2048, 2048]","[2048, 2048, 2048, 2048, 2048, 2048, 2048]","[2048, 2048, 2048, 2048, 2048, 2049, 2048, 2048, 2048]",313.0,63_9157
1218,9157,63,29,2023-09-03T14:04:17.352000+00:00,28.321,29.54,28.279,314.0,314.0,False,86.14,"[None, 2048, 2048, 2048, 2048, 2048, 2048, 2048]","[2048, 2048, 2048, 2048, 2048, 2048, 2048]","[2048, 2049, 2049, 2048, 2048, 2048, 2048, 2048, 2048]",317.0,63_9157
1218,9157,63,30,2023-09-03T14:05:43.538000+00:00,28.299,29.436,28.231,316.0,314.0,False,85.966,"[None, 2048, 2048, 2048, 2048, 2048, 2048, 2048]","[2049, 2048, 2048, 2048, 2048, 2048, 2048]","[2048, 2048, 2048, 2048, 2048, 2049, 2049, 2048, 2048, 2048]",,63_9157
1218,9157,63,31,2023-09-03T14:07:09.569000+00:00,28.212,29.697,28.239,314.0,313.0,False,86.148,"[None, 2048, 2048, 2048, 2048, 2048, 2048, 2048]","[2048, 2048, 2048, 2048, 2048, 2048, 2048]","[2048, 2049, 2048, 2048, 2048, 2048, 2048, 2049, 2049, 2048]",313.0,63_9157
1218,9157,63,32,2023-09-03T14:08:35.661000+00:00,28.168,29.632,28.259,311.0,311.0,False,86.059,"[None, 2048, 2048, 2048, 2048, 2048, 2048, 2048]","[2048, 2048, 2048, 2048, 2048, 2048, 2048]","[2048, 2048, 2048, 2048, 2048, 2048, 2048, 2049, 2049, 2049]",314.0,63_9157
1218,9157,63,33,2023-09-03T14:10:01.786000+00:00,28.213,29.716,28.232,312.0,310.0,False,86.161,"[None, 2048, 2048, 2048, 2048, 2048, 2048, 2048]","[2048, 2048, 2048, 2048, 2048, 2048, 2048]","[2048, 2048, 2048, 2048, 2048, 2048, 2048, 2049, 2048, 2049]",,63_9157
1218,9157,63,34,2023-09-03T14:11:27.878000+00:00,28.165,29.718,28.236,315.0,314.0,False,86.119,"[None, 2048, 2048, 2048, 2048, 2048, 2048, 2048]","[2049, 2048, 2048, 2048, 2048, 2048, 2048]","[2048, 2048, 2048, 2048, 2048, 2048, 2048, 2048, 2048, 2048]",313.0,63_9157
1218,9157,63,35,2023-09-03T14:12:54.002000+00:00,28.084,29.754,28.351,313.0,312.0,False,86.189,"[None, 2048, 2048, 2048, 2048, 2048, 2048, 2048]","[2048, 2048, 2048, 2048, 2048, 2048, 2048]","[2048, 2048, 2048, 2048, 2048, 2048, 2048, 2048, 2048, 2048]",311.0,63_9157
1218,9157,63,36,2023-09-03T14:14:20.220000+00:00,28.235,29.902,28.234,,312.0,False,86.371,"[None, 2048, 2048, 2048, 2048, 2048, 2048, 2048]","[2048, 2048, 2048, 2048, 2048, 2048, 2048]","[2048, 2049, 2049, 2048, 2048, 2048, 2048, 2048, 2048, 2048]",314.0,63_9157
1218,9157,63,37,2023-09-03T14:15:46.579000+00:00,28.056,29.721,28.22,314.0,313.0,False,85.997,"[None, 2048, 2048, 2048, 2048, 2048, 2048, 2048]","[2048, 2048, 2048, 2048, 2048, 2048, 2048]","[2048, 2049, 2049, 2048, 2048, 2048, 2048, 2048, 2048, 2048]",318.0,63_9157
1218,9157,63,38,2023-09-03T14:17:12.578000+00:00,28.065,29.545,28.237,315.0,313.0,False,85.847,"[None, 2048, 2048, 2048, 2048, 2048, 2048, 2048]","[2048, 2048, 2048, 2048, 2048, 2048, 2048]","[2048, 2048, 2048, 2048, 2048, 2048, 2048, 2048, 2048, 2048]",319.0,63_9157
1218,9157,63,39,2023-09-03T14:18:38.436000+00:00,28.155,29.808,28.247,,311.0,False,86.21,"[None, 2048, 2048, 2048, 2048, 2048, 2048, 2048]","[2048, 2048, 2048, 2048, 2048, 2048, 2048]","[2048, 2048, 2048, 2048, 2048, 2048, 2048, 2048, 2048, 2048]",,63_9157
1218,9157,63,40,2023-09-03T14:20:04.654000+00:00,28.212,29.804,28.228,316.0,313.0,False,86.244,"[None, 2048, 2048, 2048, 2048, 2048, 2048, 2048]","[2048, 2048, 2048, 2048, 2048, 2048, 2048]","[2048, 2048, 2048, 2048, 2048, 2048, 2048, 2048, 2049, 2048]",,63_9157
1218,9157,63,41,2023-09-03T14:21:30.856000+00:00,28.244,29.955,28.415,315.0,313.0,False,86.614,"[None, 2048, 2048, 2048, 2048, 2048, 2048, 2048]","[2048, 2048, 2048, 2048, 2048, 2048, 2048]","[2048, 2048, 2048, 2048, 2048, 2048, 2048, 2048, 2048, 2048]",318.0,63_9157
1218,9157,63,42,2023-09-03T14:22:57.480000+00:00,28.23,29.751,28.354,317.0,316.0,False,86.335,"[None, 2048, 2048, 2048, 2048, 2048, 2048, 2048]","[2048, 2048, 2048, 2048, 2048, 2048, 2048]","[2048, 2048, 2048, 2048, 2048, 2048, 2048, 2048, 2048]",316.0,63_9157
1218,9157,63,43,2023-09-03T14:24:23.901000+00:00,28.248,29.841,28.337,313.0,313.0,False,86.426,"[None, 2048, 2048, 2048, 2048, 2048, 2048, 2048]","[2048, 2048, 2048, 2048, 2048, 2048, 2048]","[2048, 2048, 2049, 2049, 2048, 2048, 2048, 2048, 2048, 2048]",313.0,63_9157
1218,9157,63,44,2023-09-03T14:25:50.275000+00:00,28.274,29.817,28.245,316.0,315.0,False,86.336,"[None, 2048, 2048, 2048, 2048, 2048, 2048, 2048]","[2048, 2048, 2048, 2048, 2048, 2048, 2048]","[2048, 2048, 2049, 2048, 2048, 2048, 2048, 2048, 2048]",316.0,63_9157
1218,9157,63,45,2023-09-03T14:27:16.571000+00:00,28.146,29.972,28.276,317.0,315.0,False,86.394,"[None, 2048, 2048, 2048, 2048, 2048, 2048, 2048]","[2048, 2048, 2048, 2048, 2048, 2048, 2048]","[2048, 2048, 2048, 2049, 2048, 2048, 2048, 2048, 2048, 2048]",317.0,63_9157
1218,9157,63,46,2023-09-03T14:28:42.960000+00:00,28.181,29.94,28.337,315.0,313.0,False,86.458,"[None, 2048, 2048, 2048, 2048, 2048, 2048, 2048]","[2048, 2048, 2048, 2048, 2048, 2048, 2048]","[2048, 2048, 2048, 2048, 2048, 2048, 2048, 2048, 2049, 2049]",316.0,63_9157
1218,9157,63,47,2023-09-03T14:30:09.397000+00:00,28.178,30.067,28.395,316.0,315.0,False,86.64,"[None, 2048, 2048, 2048, 2048, 2048, 2048, 2048]","[2048, 2048, 2048, 2048, 2048, 2048, 2048]","[2048, 2048, 2048, 2048, 2048, 2048, 2048, 2048, 2048, 2048]",317.0,63_9157
1218,9157,63,48,2023-09-03T14:31:36.099000+00:00,28.13,29.77,28.387,,314.0,False,86.287,"[None, 2048, 2048, 2048, 2048, 2048, 2048, 2048]","[2048, 2048, 2048, 2048, 2048, 2048, 2048]","[2048, 2048, 2048, 2048, 2048, 2048, 2048, 2048, 2048, 2049]",,63_9157
1218,9157,63,49,2023-09-03T14:33:02.395000+00:00,28.077,29.921,28.377,,315.0,False,86.375,"[None, 2048, 2048, 2048, 2048, 2048, 2048, 2048]","[2048, 2048, 2048, 2048, 2048, 2048, 2048]","[2048, 2048, 2048, 2049, 2048, 2048, 2048, 2048, 2048]",319.0,63_9157
1218,9157,63,50,2023-09-03T14:34:28.722000+00:00,28.24,30.159,28.475,313.0,313.0,False,86.874,"[None, 2048, 2048, 2048, 2048, 2048, 2048, 2048]","[2048, 2048, 2048, 2048, 2048, 2048, 2048]","[2048, 2048, 2049, 2048, 2048, 2048, 2048, 2048, 2048, 2048]",315.0,63_9157
1218,9157,63,51,2023-09-03T14:35:55.581000+00:00,28.119,29.918,28.591,322.0,323.0,False,86.628,"[None, 2048, 2048, 2048, 2048, 2048, 2048, 2048]","[2048, 2048, 2048, 2048, 2048, 2048, 2048]","[2048, 2048, 2048, 2048, 2048, 2048, 2048, 2048, 2048, 2064]",323.0,63_9157
1218,9157,63,52,2023-09-03T14:43:31.982000+00:00,,,,,,False,,,,,,63_9157
1218,9157,77,1,2023-09-03T13:23:22.770000+00:00,32.708,32.732,29.685,330.0,326.0,False,95.125,"[2048, 2049, 2049, 2049, 2049, 2049, 2049, 2051]","[2049, 2049, 2049, 2049, 2049, 2049, 2049]","[2049, 2049, 2049, 2049, 2049, 2049, 2049, 2049, 2049, 0]",276.0,77_9157
1218,9157,77,2,2023-09-03T13:24:57.894000+00:00,28.453,30.353,29.226,313.0,314.0,False,88.032,"[2049, 2049, 2049, 2049, 2049, 2048, 2048, 2048]","[2049, 2049, 2049, 2049, 2049, 2049, 2048]","[2049, 2049, 2049, 2049, 2049, 2049, 2049, 2049, 2049, 2051]",320.0,77_9157
1218,9157,77,3,2023-09-03T13:26:25.877000+00:00,28.475,30.099,29.376,312.0,334.0,False,87.95,"[None, 2048, 2048, 2049, 2048, 2048, 2048, 2048]","[2048, 2049, 2048, 2049, 2048, 2049, 2051]","[2049, 2048, 2048, 2048, 2048, 2048, 2049, 2048, 2048]",318.0,77_9157
1218,9157,77,4,2023-09-03T13:27:53.845000+00:00,28.114,30.047,28.958,314.0,334.0,False,87.119,"[None, 2049, 2049, 2049, 2048, 2048, 2048, 2048]","[2049, 2048, 2049, 2049, 2048, 2049, 2051]","[2049, 2049, 2048, 2048, 2048, 2049, 2048, 2048, 2049]",335.0,77_9157
1218,9157,77,5,2023-09-03T13:29:21.016000+00:00,28.257,30.336,28.982,312.0,329.0,False,87.575,"[2051, 2049, 2048, 2048, 2048, 2048, 2048, 2048]","[2048, 2048, 2048, 2049, 2048, 2048, 2048]","[2048, 2049, 2048, 2048, 2048, 2048, 2048, 2048, 2048, 2048]",334.0,77_9157
1218,9157,77,6,2023-09-03T13:30:48.546000+00:00,28.133,30.012,29.005,,330.0,False,87.15,"[2048, 2048, 2049, 2049, 2048, 2048, 2048, 2048]","[2049, 2048, 2049, 2048, 2049, 2048, 2048]","[2048, 2049, 2048, 2048, 2048, 2048, 2048, 2048, 2048, 2048]",331.0,77_9157
1218,9157,77,7,2023-09-03T13:32:15.795000+00:00,28.142,30.162,29.056,314.0,330.0,False,87.36,"[None, 2048, 2049, 2048, 2048, 2048, 2048, 2048]","[2048, 2048, 2048, 2049, 2048, 2048, 2048]","[2048, 2048, 2048, 2048, 2048, 2048, 2048, 2048, 2048, 2048]",329.0,77_9157
1218,9157,77,8,2023-09-03T13:33:43.044000+00:00,28.135,30.326,28.766,311.0,321.0,False,87.227,"[None, 2048, 2048, 2048, 2048, 2048, 2048, 2048]","[2048, 2048, 2048, 2048, 2048, 2048, 2048]","[2048, 2049, 2049, 2049, 2049, 2048, 2049, 2048, 2048, 2048]",334.0,77_9157
1218,9157,77,9,2023-09-03T13:35:10.278000+00:00,28.082,30.005,29.178,314.0,331.0,False,87.265,"[None, 2048, 2049, 2049, 2048, 2048, 2048, 2048]","[2048, 2048, 2048, 2048, 2048, 2048, 2048]","[2048, 2048, 2048, 2048, 2048, 2048, 2048, 2048, 2048, 2048]",333.0,77_9157
1218,9157,77,10,2023-09-03T13:36:37.558000+00:00,28.393,30.325,29.145,315.0,327.0,False,87.863,"[None, 2048, 2048, 2048, 2048, 2048, 2048, 2048]","[2048, 2048, 2048, 2048, 2048, 2048, 2048]","[2048, 2048, 2048, 2048, 2049, 2049, 2048, 2048, 2048]",336.0,77_9157
1218,9157,77,11,2023-09-03T13:38:05.432000+00:00,28.155,30.255,29.283,313.0,329.0,False,87.693,"[None, 2048, 2049, 2048, 2048, 2048, 2048, 2048]","[2048, 2048, 2048, 2048, 2048, 2048, 2048]","[2048, 2048, 2048, 2048, 2048, 2048, 2048, 2048, 2048, 2048]",334.0,77_9157
1218,9157,77,12,2023-09-03T13:39:33.103000+00:00,28.237,31.261,29.218,315.0,329.0,False,88.716,"[None, 2048, 2048, 2048, 2048, 2048, 2048, 2048]","[2048, 2048, 2048, 2048, 2048, 2048, 2048]","[2048, 2048, 2048, 2048, 2048, 2048, 2048, 2048, 2048, 2048]",332.0,77_9157
1218,9157,77,13,2023-09-03T13:41:01.789000+00:00,28.151,30.69,29.166,,325.0,False,88.007,"[None, 2048, 2048, 2048, 2048, 2048, 2048, 2048]","[2048, 2048, 2048, 2048, 2048, 2048, 2048]","[2048, 2048, 2048, 2048, 2048, 2048, 2048, 2048, 2048]",333.0,77_9157
1218,9157,77,14,2023-09-03T13:42:29.773000+00:00,28.208,30.592,29.191,314.0,330.0,False,87.991,"[None, 2048, 2048, 2048, 2048, 2048, 2048, 2048]","[2048, 2048, 2048, 2048, 2048, 2048, 2048]","[2048, 2048, 2048, 2048, 2048, 2048, 2048, 2048, 2048]",,77_9157
1218,9157,77,15,2023-09-03T13:43:57.803000+00:00,28.316,30.294,28.817,310.0,311.0,False,87.427,"[None, 2048, 2048, 2048, 2048, 2048, 2048, 2048]","[2048, 2049, 2049, 2048, 2048, 2048, 2048]","[2048, 2049, 2048, 2048, 2048, 2048, 2049, 2048, 2048, 2048]",326.0,77_9157
1218,9157,77,16,2023-09-03T13:45:25.255000+00:00,28.558,30.38,28.886,309.0,309.0,False,87.824,"[None, 2048, 2048, 2048, 2048, 2048, 2048, 2048]","[2048, 2048, 2048, 2048, 2048, 2048, 2048]","[2048, 2048, 2048, 2048, 2048, 2048, 2048, 2048, 2048]",313.0,77_9157
1218,9157,77,17,2023-09-03T13:46:53.004000+00:00,28.419,30.267,28.784,312.0,310.0,False,87.47,"[None, 2048, 2048, 2048, 2048, 2048, 2048, 2048]","[2049, 2048, 2048, 2048, 2048, 2048, 2048]","[2048, 2049, 2048, 2048, 2048, 2048, 2049, 2048, 2048]",315.0,77_9157
1218,9157,77,18,2023-09-03T13:48:20.534000+00:00,28.44,30.291,28.903,309.0,308.0,False,87.634,"[None, 2048, 2048, 2049, 2048, 2048, 2048, 2048]","[2048, 2048, 2049, 2048, 2048, 2048, 2048]","[2048, 2049, 2048, 2048, 2048, 2048, 2048, 2048, 2048]",313.0,77_9157
1218,9157,77,19,2023-09-03T13:49:48.190000+00:00,28.6,30.253,28.872,308.0,310.0,False,87.725,"[None, 2048, 2048, 2048, 2048, 2048, 2048, 2048]","[2048, 2048, 2049, 2048, 2048, 2048, 2048]","[2048, 2048, 2048, 2048, 2048, 2048, 2048, 2048, 2048, 2048]",312.0,77_9157
1218,9157,77,20,2023-09-03T13:51:15.923000+00:00,28.426,30.55,29.462,,310.0,False,88.438,"[None, 2048, 2048, 2049, 2048, 2048, 2048, 2048]","[2049, 2048, 2048, 2048, 2048, 2048, 2048]","[2048, 2048, 2048, 2048, 2048, 2048, 2048, 2048, 2048]",,77_9157
1218,9157,77,21,2023-09-03T13:52:44.235000+00:00,28.534,30.814,29.696,314.0,314.0,False,89.044,"[None, 2048, 2048, 2048, 2048, 2048, 2048, 2048]","[2048, 2048, 2048, 2048, 2048, 2048, 2048]","[2048, 2048, 2048, 2048, 2048, 2048, 2048, 2048, 2048, 2048]",317.0,77_9157
1218,9157,77,22,2023-09-03T13:54:13.452000+00:00,28.579,30.455,29.082,312.0,313.0,False,88.116,"[None, 2048, 2048, 2048, 2048, 2048, 2048, 2048]","[2048, 2048, 2049, 2048, 2048, 2048, 2048]","[2048, 2048, 2048, 2048, 2048, 2048, 2048, 2048, 2048]",319.0,77_9157
1218,9157,77,23,2023-09-03T13:55:41.436000+00:00,28.491,30.642,28.99,310.0,309.0,False,88.123,"[None, 2048, 2048, 2048, 2048, 2048, 2048, 2048]","[2048, 2048, 2048, 2048, 2048, 2048, 2048]","[2048, 2048, 2048, 2048, 2048, 2048, 2048, 2048, 2048]",314.0,77_9157
1218,9157,77,24,2023-09-03T13:57:09.560000+00:00,28.438,30.518,29.066,308.0,310.0,False,88.022,"[None, 2048, 2048, 2048, 2048, 2048, 2048, 2048]","[2049, 2048, 2048, 2048, 2048, 2048, 2048]","[2048, 2048, 2048, 2048, 2048, 2048, 2048, 2048, 2048]",315.0,77_9157
1218,9157,77,25,2023-09-03T13:58:37.559000+00:00,28.458,30.67,33.686,,311.0,False,92.814,"[None, 2048, 2048, 2048, 2048, 2048, 2048, 2048]","[2048, 2048, 2048, 2048, 2048, 2048, 2048]","[2048, 2048, 2048, 2048, 2048, 2048, 2048, 2048, 2048, 2064]",,77_9157
1218,9157,77,26,2023-09-03T14:00:10.433000+00:00,48.222,29.699,28.654,308.0,309.0,True,106.575,"[2064, 2064, 2048, 2048, 2048, 2048, 2048, 2048]","[2048, 2049, 2049, 2049, 2049, 2048, 2048]","[2048, 2049, 2048, 2048, 2048, 2048, 2049, 2049, 2048, 2048]",285.0,77_9157
1218,9157,77,27,2023-09-03T14:01:57.041000+00:00,28.023,29.536,28.429,309.0,311.0,False,85.988,"[2048, 2048, 2048, 2049, 2049, 2048, 2048, 2048]","[2048, 2049, 2048, 2049, 2049, 2048, 2048]","[2048, 2049, 2048, 2048, 2048, 2048, 2049, 2049, 2049]",313.0,77_9157
1218,9157,77,28,2023-09-03T14:03:23.040000+00:00,28.215,29.742,28.529,,309.0,False,86.486,"[None, 2048, 2048, 2048, 2048, 2048, 2048, 2048]","[2048, 2048, 2048, 2048, 2048, 2048, 2048]","[2048, 2048, 2048, 2048, 2048, 2048, 2048, 2048, 2048, 2048]",,77_9157
1218,9157,77,29,2023-09-03T14:04:49.555000+00:00,28.081,29.576,28.544,311.0,312.0,False,86.201,"[None, 2048, 2048, 2048, 2048, 2048, 2048, 2048]","[2049, 2048, 2048, 2048, 2049, 2048, 2048]","[2048, 2048, 2048, 2048, 2048, 2048, 2048, 2048, 2048, 2048]",314.0,77_9157
1218,9157,77,30,2023-09-03T14:06:15.694000+00:00,28.119,29.908,28.616,,312.0,False,86.643,"[None, 2048, 2048, 2048, 2048, 2048, 2048, 2048]","[2048, 2048, 2048, 2048, 2048, 2048, 2048]","[2048, 2048, 2048, 2048, 2048, 2048, 2048, 2048, 2049, 2048]",316.0,77_9157
1218,9157,77,31,2023-09-03T14:07:42.396000+00:00,28.039,29.891,28.718,312.0,326.0,False,86.648,"[None, 2048, 2048, 2048, 2048, 2048, 2048, 2048]","[2048, 2048, 2048, 2048, 2048, 2049, 2048]","[2048, 2048, 2049, 2051, 2049, 2048, 2048, 2049, 2049]",318.0,77_9157
1218,9157,77,32,2023-09-03T14:09:08.942000+00:00,28.088,30.033,28.485,311.0,312.0,False,86.606,"[None, 2048, 2048, 2048, 2048, 2048, 2048, 2048]","[2048, 2048, 2048, 2048, 2048, 2048, 2048]","[2048, 2048, 2048, 2048, 2048, 2048, 2049, 2049, 2051, 2049]",327.0,77_9157
1218,9157,77,33,2023-09-03T14:10:35.645000+00:00,28.047,30.118,28.708,315.0,329.0,False,86.873,"[None, 2048, 2048, 2048, 2048, 2049, 2048, 2048]","[2048, 2048, 2048, 2048, 2048, 2049, 2048]","[2048, 2048, 2048, 2048, 2048, 2048, 2048, 2048, 2048]",331.0,77_9157
1218,9157,77,34,2023-09-03T14:12:02.456000+00:00,28.11,29.945,28.566,309.0,313.0,False,86.621,"[None, 2048, 2048, 2048, 2048, 2048, 2048, 2048]","[2048, 2048, 2048, 2048, 2048, 2048, 2048]","[2048, 2048, 2048, 2048, 2048, 2048, 2048, 2048, 2048]",316.0,77_9157
1218,9157,77,35,2023-09-03T14:13:29.033000+00:00,28.193,29.831,28.499,,311.0,False,86.523,"[None, 2048, 2048, 2048, 2048, 2048, 2048, 2048]","[2048, 2048, 2048, 2048, 2048, 2048, 2048]","[2048, 2048, 2048, 2048, 2048, 2048, 2048, 2048, 2048]",314.0,77_9157
1218,9157,77,36,2023-09-03T14:14:55.688000+00:00,28.073,29.992,28.717,311.0,312.0,False,86.782,"[None, 2048, 2048, 2048, 2048, 2048, 2048, 2048]","[2048, 2048, 2048, 2048, 2048, 2048, 2048]","[2048, 2048, 2048, 2048, 2048, 2048, 2048, 2048, 2048, 2048]",317.0,77_9157
1218,9157,77,37,2023-09-03T14:16:22.500000+00:00,28.162,29.802,28.581,312.0,324.0,False,86.545,"[None, 2048, 2048, 2048, 2048, 2048, 2048, 2048]","[2048, 2048, 2048, 2048, 2048, 2048, 2048]","[2048, 2048, 2048, 2048, 2048, 2049, 2048, 2048, 2048, 2049]",,77_9157
1218,9157,77,38,2023-09-03T14:17:48.937000+00:00,28.157,30.219,28.717,313.0,323.0,False,87.093,"[None, 2048, 2048, 2048, 2048, 2049, 2048, 2048]","[2048, 2048, 2048, 2048, 2048, 2048, 2048]","[2048, 2048, 2048, 2048, 2048, 2048, 2048, 2048, 2048]",332.0,77_9157
1218,9157,77,39,2023-09-03T14:19:16.029000+00:00,28.377,29.982,28.622,312.0,323.0,False,86.981,"[None, 2048, 2048, 2048, 2048, 2048, 2048, 2048]","[2048, 2048, 2048, 2048, 2048, 2048, 2048]","[2048, 2048, 2048, 2048, 2048, 2049, 2048, 2048, 2048]",327.0,77_9157
1218,9157,77,40,2023-09-03T14:20:42.997000+00:00,28.208,30.572,29.082,315.0,321.0,False,87.862,"[None, 2049, 2049, 2048, 2048, 2048, 2048, 2048]","[2048, 2048, 2048, 2048, 2048, 2048, 2048]","[2048, 2048, 2048, 2048, 2048, 2048, 2048, 2048, 2048, 2048]",348.0,77_9157
1218,9157,77,41,2023-09-03T14:22:10.871000+00:00,28.364,30.082,28.757,308.0,321.0,False,87.203,"[None, 2048, 2048, 2048, 2048, 2048, 2048, 2048]","[2048, 2048, 2048, 2048, 2048, 2048, 2048]","[2048, 2048, 2048, 2048, 2048, 2048, 2048, 2048, 2048, 2048]",319.0,77_9157
1218,9157,77,42,2023-09-03T14:23:38.104000+00:00,28.094,30.159,28.611,309.0,325.0,False,86.864,"[None, 2048, 2048, 2048, 2048, 2048, 2048, 2048]","[2048, 2048, 2048, 2048, 2048, 2048, 2048]","[2048, 2048, 2048, 2048, 2048, 2049, 2048, 2048, 2049]",327.0,77_9157
1218,9157,77,43,2023-09-03T14:25:04.916000+00:00,28.092,31.189,28.472,322.0,308.0,False,87.753,"[None, 2049, 2049, 2048, 2048, 2048, 2048, 2048]","[2049, 2048, 2048, 2048, 2048, 2048, 2048]","[2048, 2048, 2048, 2048, 2048, 2048, 2048, 2048, 2048]",351.0,77_9157
1218,9157,77,44,2023-09-03T14:26:32.603000+00:00,28.245,30.007,28.71,306.0,306.0,False,86.962,"[None, 2048, 2048, 2048, 2048, 2048, 2048, 2048]","[2048, 2049, 2048, 2048, 2048, 2048, 2048]","[2048, 2048, 2048, 2048, 2048, 2048, 2048, 2048, 2048, 2048]",310.0,77_9157
1218,9157,77,45,2023-09-03T14:27:59.695000+00:00,28.447,29.949,28.493,,308.0,False,86.889,"[None, 2048, 2048, 2048, 2048, 2048, 2048, 2048]","[2048, 2048, 2048, 2048, 2048, 2048, 2048]","[2048, 2048, 2048, 2048, 2048, 2048, 2048, 2048, 2048]",,77_9157
1218,9157,77,46,2023-09-03T14:29:26.601000+00:00,28.351,29.887,28.568,307.0,309.0,False,86.806,"[None, 2048, 2048, 2048, 2048, 2048, 2048, 2048]","[2048, 2048, 2048, 2048, 2048, 2048, 2048]","[2048, 2048, 2048, 2048, 2048, 2048, 2048, 2048, 2048]",,77_9157
1218,9157,77,47,2023-09-03T14:30:53.475000+00:00,28.211,29.981,28.544,308.0,310.0,False,86.736,"[None, 2048, 2048, 2048, 2048, 2048, 2048, 2048]","[2048, 2048, 2048, 2048, 2048, 2048, 2048]","[2048, 2048, 2048, 2048, 2048, 2048, 2048, 2048, 2048]",311.0,77_9157
1218,9157,77,48,2023-09-03T14:32:20.099000+00:00,28.241,30.015,28.749,,309.0,False,87.005,"[None, 2048, 2048, 2048, 2048, 2048, 2048, 2048]","[2048, 2048, 2049, 2048, 2048, 2048, 2048]","[2048, 2048, 2048, 2048, 2048, 2048, 2048, 2048, 2048, 2048]",312.0,77_9157
1218,9157,77,49,2023-09-03T14:33:47.145000+00:00,28.218,30.128,28.788,,308.0,False,87.134,"[None, 2048, 2048, 2048, 2048, 2048, 2048, 2048]","[2048, 2048, 2048, 2048, 2048, 2048, 2048]","[2048, 2048, 2048, 2048, 2048, 2048, 2048, 2048, 2048]",311.0,77_9157
1218,9157,77,50,2023-09-03T14:35:14.237000+00:00,28.21,30.034,28.706,309.0,311.0,False,86.95,"[None, 2048, 2048, 2048, 2048, 2048, 2048, 2048]","[2048, 2048, 2048, 2048, 2048, 2048, 2048]","[2048, 2048, 2048, 2048, 2048, 2048, 2048, 2048, 2048, 2064]",314.0,77_9157
1218,9157,77,52,2023-09-03T14:43:31.982000+00:00,,,,,,False,,,,,,77_9157
1218,9157,81,1,2023-09-03T13:23:22.770000+00:00,31.143,30.703,28.748,326.0,311.0,False,90.594,"[2048, 2049, 2049, 2049, 2049, 2049, 2049, 2049]","[2049, 2049, 2049, 2049, 2049, 2049, 2049]","[2049, 2049, 2049, 2049, 2049, 2049, 2049, 2049, 2049, 2049]",292.0,81_9157
1218,9157,81,2,2023-09-03T13:24:53.363000+00:00,28.711,30.778,28.564,320.0,313.0,False,88.053,"[2049, 2049, 2049, 2049, 2048, 2048, 2048, 2048]","[2049, 2048, 2049, 2048, 2048, 2049, 2049]","[2049, 2049, 2049, 2049, 2049, 2049, 2049, 2049, 2048]",319.0,81_9157
1218,9157,81,3,2023-09-03T13:26:21.440000+00:00,28.568,29.883,28.531,307.0,317.0,False,86.982,"[None, 2049, 2049, 2049, 2048, 2048, 2048, 2048]","[2048, 2049, 2049, 2049, 2048, 2049, 2049]","[2049, 2049, 2049, 2049, 2048, 2048, 2048, 2048, 2048, 2048]",311.0,81_9157
1218,9157,81,4,2023-09-03T13:27:48.439000+00:00,28.438,29.981,28.585,308.0,309.0,False,87.004,"[None, 2049, 2049, 2049, 2048, 2048, 2048, 2048]","[2048, 2049, 2048, 2048, 2048, 2048, 2048]","[2048, 2048, 2048, 2048, 2048, 2048, 2048, 2048, 2048, 2049]",322.0,81_9157
1218,9157,81,5,2023-09-03T13:29:15.391000+00:00,28.354,29.846,28.709,310.0,311.0,False,86.909,"[2048, 2048, 2049, 2049, 2048, 2048, 2048, 2048]","[2048, 2048, 2051, 2049, 2049, 2048, 2048]","[2048, 2048, 2048, 2048, 2048, 2048, 2048, 2048, 2048]",318.0,81_9157
1218,9157,81,6,2023-09-03T13:30:42.327000+00:00,28.525,29.832,28.521,,310.0,False,86.878,"[None, 2048, 2048, 2048, 2048, 2048, 2048, 2048]","[2049, 2048, 2048, 2048, 2048, 2048, 2048]","[2048, 2049, 2048, 2048, 2048, 2048, 2048, 2048, 2048, 2048]",313.0,81_9157
1218,9157,81,7,2023-09-03T13:32:09.217000+00:00,28.419,29.823,28.698,312.0,310.0,False,86.94,"[None, 2048, 2049, 2048, 2048, 2048, 2048, 2048]","[2049, 2049, 2048, 2048, 2048, 2048, 2048]","[2048, 2048, 2048, 2048, 2048, 2049, 2048, 2048, 2048, 2048]",317.0,81_9157
1218,9157,81,8,2023-09-03T13:33:36.122000+00:00,28.308,29.845,28.697,311.0,309.0,False,86.85,"[None, 2048, 2048, 2049, 2048, 2048, 2048, 2048]","[2048, 2048, 2048, 2048, 2049, 2048, 2048]","[2048, 2048, 2048, 2048, 2048, 2048, 2048, 2048, 2048]",316.0,81_9157
1218,9157,81,9,2023-09-03T13:35:03.012000+00:00,28.35,29.742,28.772,,309.0,False,86.864,"[None, 2048, 2048, 2048, 2048, 2048, 2048, 2048]","[2048, 2049, 2049, 2048, 2048, 2048, 2048]","[2048, 2048, 2048, 2048, 2048, 2048, 2048, 2048, 2048, 2048]",313.0,81_9157
1218,9157,81,10,2023-09-03T13:36:29.855000+00:00,28.343,29.853,28.627,312.0,310.0,False,86.823,"[None, 2048, 2049, 2048, 2048, 2048, 2048, 2048]","[2048, 2048, 2049, 2048, 2048, 2048, 2048]","[2048, 2048, 2049, 2048, 2048, 2048, 2048, 2048, 2048]",316.0,81_9157
1218,9157,81,11,2023-09-03T13:37:56.698000+00:00,28.342,30.116,28.759,311.0,308.0,False,87.217,"[None, 2048, 2049, 2048, 2048, 2048, 2048, 2048]","[2048, 2048, 2048, 2048, 2048, 2048, 2048]","[2048, 2048, 2049, 2049, 2048, 2048, 2048, 2048, 2048, 2048]",318.0,81_9157
1218,9157,81,12,2023-09-03T13:39:23.869000+00:00,28.376,30.184,28.894,,309.0,False,87.454,"[None, 2048, 2048, 2048, 2048, 2048, 2048, 2048]","[2048, 2048, 2048, 2048, 2048, 2048, 2048]","[2048, 2048, 2048, 2048, 2048, 2048, 2048, 2048, 2048, 2048]",320.0,81_9157
1218,9157,81,13,2023-09-03T13:40:51.336000+00:00,28.468,30.156,28.894,312.0,310.0,False,87.518,"[None, 2048, 2048, 2048, 2048, 2048, 2048, 2048]","[2048, 2048, 2048, 2048, 2048, 2048, 2048]","[2048, 2048, 2048, 2048, 2048, 2048, 2048, 2048, 2048]",316.0,81_9157
1218,9157,81,14,2023-09-03T13:42:18.867000+00:00,28.431,29.99,28.95,,317.0,False,87.371,"[None, 2049, 2049, 2048, 2048, 2048, 2048, 2048]","[2048, 2048, 2048, 2048, 2048, 2049, 2049]","[2048, 2048, 2049, 2049, 2048, 2048, 2048, 2048, 2048]",325.0,81_9157
1218,9157,81,15,2023-09-03T13:43:46.241000+00:00,28.471,30.157,29.11,315.0,321.0,False,87.738,"[2049, 2048, 2048, 2048, 2048, 2048, 2049, 2048]","[2048, 2048, 2048, 2048, 2048, 2048, 2049]","[2048, 2048, 2048, 2048, 2048, 2048, 2048, 2048, 2048]",323.0,81_9157
1218,9157,81,16,2023-09-03T13:45:13.896000+00:00,28.376,29.995,28.83,311.0,306.0,False,87.201,"[2048, 2048, 2049, 2048, 2048, 2048, 2048, 2048]","[2048, 2048, 2048, 2048, 2048, 2048, 2048]","[2048, 2048, 2048, 2048, 2048, 2048, 2048, 2048, 2048, 2048]",320.0,81_9157
1218,9157,81,17,2023-09-03T13:46:41.145000+00:00,28.578,30.037,28.825,310.0,306.0,False,87.44,"[None, 2048, 2048, 2048, 2048, 2048, 2048, 2048]","[2048, 2048, 2048, 2048, 2048, 2048, 2048]","[2048, 2048, 2048, 2048, 2048, 2048, 2048, 2048, 2048]",313.0,81_9157
1218,9157,81,18,2023-09-03T13:48:08.691000+00:00,28.507,30.094,28.797,,305.0,False,87.398,"[None, 2048, 2048, 2048, 2048, 2048, 2048, 2048]","[2048, 2048, 2048, 2048, 2048, 2048, 2048]","[2048, 2048, 2048, 2048, 2048, 2048, 2048, 2048, 2048]",314.0,81_9157
1218,9157,81,19,2023-09-03T13:49:36.065000+00:00,28.545,30.104,28.703,311.0,308.0,False,87.352,"[None, 2048, 2048, 2048, 2048, 2048, 2048, 2048]","[2048, 2048, 2048, 2048, 2048, 2048, 2048]","[2048, 2049, 2048, 2048, 2048, 2048, 2048, 2048, 2048, 2048]",312.0,81_9157
1218,9157,81,20,2023-09-03T13:51:03.330000+00:00,28.59,30.255,28.901,308.0,307.0,False,87.746,"[None, 2048, 2048, 2048, 2048, 2048, 2048, 2048]","[2048, 2048, 2048, 2048, 2048, 2048, 2048]","[2048, 2048, 2048, 2048, 2048, 2048, 2048, 2048, 2048]",316.0,81_9157
1218,9157,81,21,2023-09-03T13:52:31.032000+00:00,28.664,30.251,28.672,310.0,306.0,False,87.587,"[None, 2048, 2048, 2048, 2048, 2048, 2048, 2048]","[2048, 2048, 2048, 2048, 2048, 2048, 2048]","[2048, 2048, 2048, 2048, 2048, 2048, 2048, 2048, 2048]",313.0,81_9157
1218,9157,81,22,2023-09-03T13:53:58.634000+00:00,28.512,30.088,28.819,311.0,306.0,False,87.419,"[None, 2048, 2049, 2048, 2048, 2048, 2048, 2048]","[2048, 2048, 2049, 2048, 2048, 2048, 2048]","[2048, 2048, 2048, 2048, 2048, 2048, 2048, 2048, 2048]",324.0,81_9157
1218,9157,81,23,2023-09-03T13:55:26.014000+00:00,28.658,30.224,32.984,310.0,305.0,False,91.866,"[None, 2048, 2048, 2048, 2048, 2048, 2048, 2048]","[2048, 2048, 2048, 2048, 2048, 2048, 2048]","[2048, 2048, 2048, 2048, 2048, 2048, 2048, 2048, 2048, 2064]",311.0,81_9157
1218,9157,81,24,2023-09-03T13:56:57.997000+00:00,48.308,29.993,28.553,324.0,320.0,True,106.854,"[2064, 2064, 2048, 2048, 2048, 2049, 2049, 2048]","[2048, 2048, 2048, 2048, 2048, 2049, 2049]","[2049, 2048, 2051, 2049, 2048, 2048, 2048, 2049, 2049, 2049]",284.0,81_9157
1218,9157,81,25,2023-09-03T13:58:44.871000+00:00,28.241,29.759,28.411,310.0,308.0,False,86.411,"[2048, 2048, 2048, 2048, 2048, 2049, 2048, 2048]","[2048, 2048, 2048, 2048, 2048, 2048, 2048]","[2048, 2048, 2048, 2048, 2048, 2048, 2048, 2048, 2048, 2048]",319.0,81_9157
1218,9157,81,26,2023-09-03T14:00:11.261000+00:00,28.284,29.601,28.402,314.0,311.0,False,86.287,"[None, 2048, 2048, 2048, 2048, 2048, 2048, 2048]","[2049, 2048, 2048, 2049, 2048, 2048, 2048]","[2048, 2049, 2048, 2048, 2049, 2048, 2048, 2048, 2048]",318.0,81_9157
1218,9157,81,27,2023-09-03T14:01:37.557000+00:00,28.187,29.582,28.479,,322.0,False,86.248,"[None, 2048, 2048, 2048, 2048, 2048, 2048, 2048]","[2048, 2048, 2049, 2048, 2048, 2048, 2049]","[2049, 2048, 2048, 2048, 2049, 2048, 2048, 2048, 2048, 2048]",321.0,81_9157
1218,9157,81,28,2023-09-03T14:03:03.759000+00:00,28.193,30.034,28.384,313.0,312.0,False,86.611,"[2049, 2049, 2048, 2048, 2048, 2049, 2049, 2048]","[2048, 2048, 2048, 2048, 2048, 2048, 2048]","[2048, 2049, 2048, 2048, 2048, 2048, 2048, 2048, 2048]",326.0,81_9157
1218,9157,81,29,2023-09-03T14:04:30.336000+00:00,28.109,29.736,28.287,316.0,322.0,False,86.132,"[2048, 2048, 2048, 2048, 2048, 2049, 2049, 2048]","[2048, 2048, 2048, 2048, 2048, 2048, 2049]","[2049, 2048, 2048, 2048, 2049, 2048, 2048, 2048, 2048, 2048]",323.0,81_9157
1218,9157,81,30,2023-09-03T14:05:56.585000+00:00,28.311,30.133,28.63,318.0,326.0,False,87.074,"[2049, 2049, 2048, 2048, 2048, 2048, 2049, 2048]","[2048, 2048, 2048, 2048, 2048, 2049, 2049]","[2049, 2048, 2048, 2048, 2049, 2048, 2048, 2048, 2048, 2048]",329.0,81_9157
1218,9157,81,31,2023-09-03T14:07:23.600000+00:00,28.271,30.047,28.542,317.0,326.0,False,86.86,"[2048, 2049, 2048, 2048, 2048, 2048, 2048, 2048]","[2048, 2048, 2048, 2048, 2048, 2048, 2048]","[2049, 2048, 2048, 2048, 2049, 2048, 2048, 2048, 2048, 2048]",,81_9157
1218,9157,81,32,2023-09-03T14:08:50.521000+00:00,28.188,29.943,28.615,315.0,322.0,False,86.746,"[2049, 2049, 2049, 2048, 2048, 2048, 2048, 2048]","[2048, 2048, 2048, 2048, 2048, 2048, 2048]","[2048, 2048, 2048, 2048, 2048, 2048, 2048, 2048, 2048, 2048]",,81_9157
1218,9157,81,33,2023-09-03T14:10:17.285000+00:00,28.189,29.772,28.484,317.0,324.0,False,86.445,"[2048, 2048, 2048, 2048, 2048, 2048, 2048, 2048]","[2048, 2048, 2048, 2048, 2048, 2048, 2048]","[2048, 2048, 2048, 2048, 2048, 2048, 2048, 2048, 2048, 2049]",328.0,81_9157
1218,9157,81,34,2023-09-03T14:11:43.644000+00:00,28.214,30.026,28.477,314.0,315.0,False,86.717,"[2049, 2048, 2048, 2048, 2048, 2048, 2048, 2048]","[2048, 2048, 2048, 2048, 2048, 2048, 2048]","[2048, 2048, 2048, 2048, 2048, 2048, 2048, 2048, 2048, 2048]",326.0,81_9157
1218,9157,81,35,2023-09-03T14:13:10.377000+00:00,28.203,29.717,28.357,316.0,317.0,False,86.277,"[2048, 2048, 2048, 2048, 2048, 2048, 2048, 2048]","[2048, 2048, 2048, 2048, 2048, 2048, 2048]","[2048, 2048, 2048, 2048, 2048, 2048, 2048, 2048, 2048, 2048]",321.0,81_9157
1218,9157,81,36,2023-09-03T14:14:36.720000+00:00,28.242,29.899,28.498,313.0,325.0,False,86.639,"[None, 2048, 2048, 2048, 2048, 2049, 2048, 2048]","[2048, 2048, 2048, 2048, 2048, 2048, 2048]","[2048, 2048, 2048, 2048, 2048, 2048, 2048, 2048, 2048, 2048]",325.0,81_9157
1218,9157,81,37,2023-09-03T14:16:03.297000+00:00,28.265,30.111,28.43,315.0,322.0,False,86.806,"[2049, 2049, 2048, 2048, 2048, 2049, 2049, 2048]","[2048, 2048, 2048, 2048, 2048, 2049, 2048]","[2049, 2048, 2048, 2048, 2048, 2048, 2048, 2048, 2048]",332.0,81_9157
1218,9157,81,38,2023-09-03T14:17:30.109000+00:00,28.206,30.212,28.728,319.0,329.0,False,87.146,"[2048, 2048, 2048, 2048, 2048, 2048, 2049, 2048]","[2048, 2048, 2048, 2048, 2048, 2049, 2049]","[2048, 2048, 2048, 2048, 2048, 2048, 2048, 2048, 2049]",327.0,81_9157
1218,9157,81,39,2023-09-03T14:18:57.233000+00:00,28.568,29.927,28.671,316.0,324.0,False,87.166,"[2049, 2049, 2048, 2048, 2048, 2048, 2048, 2048]","[2048, 2048, 2048, 2048, 2048, 2048, 2048]","[2049, 2048, 2048, 2048, 2048, 2048, 2048, 2048, 2048]",337.0,81_9157
1218,9157,81,40,2023-09-03T14:20:24.419000+00:00,28.312,30.216,28.325,323.0,325.0,False,86.853,"[2048, 2048, 2048, 2048, 2048, 2048, 2048, 2048]","[2049, 2048, 2048, 2048, 2048, 2048, 2048]","[2048, 2048, 2048, 2048, 2048, 2049, 2048, 2048, 2048, 2048]",330.0,81_9157
1218,9157,81,41,2023-09-03T14:21:51.278000+00:00,28.371,32.446,33.703,316.0,310.0,False,94.52,"[None, 2049, 2051, 2048, 2048, 2048, 2048, 2048]","[2048, 2048, 2048, 2048, 2048, 2048, 2048]","[2048, 2048, 2048, 2048, 2048, 2048, 2048, 2048, 2048, 2064]",344.0,81_9157
1218,9157,81,42,2023-09-03T14:23:25.808000+00:00,56.224,29.325,28.044,320.0,308.0,True,113.593,"[2064, 2064, 2048, 2048, 2048, 2048, 2048, 2048]","[2048, 2049, 2048, 2049, 2049, 2049, 2048]","[2048, 2049, 2048, 2048, 2048, 2048, 2049, 2051, 2049, 0]",283.0,81_9157
1218,9157,81,43,2023-09-03T14:25:19.447000+00:00,28.06,29.174,27.838,311.0,312.0,False,85.072,"[2048, 2048, 2048, 2049, 2048, 2048, 2048, 2048]","[2048, 2049, 2049, 2049, 2048, 2048, 2048]","[2048, 2049, 2048, 2049, 2048, 2048, 2048, 2048, 2048, 2049]",317.0,81_9157
1218,9157,81,44,2023-09-03T14:26:44.415000+00:00,27.968,29.13,28.592,313.0,324.0,False,85.69,"[None, 2048, 2048, 2048, 2048, 2049, 2049, 2048]","[2048, 2048, 2048, 2048, 2048, 2051, 2048]","[2048, 2048, 2048, 2049, 2049, 2048, 2048, 2048, 2048, 2048]",326.0,81_9157
1218,9157,81,45,2023-09-03T14:28:10.289000+00:00,28.568,29.596,27.975,323.0,312.0,False,86.139,"[None, 2048, 2048, 2048, 2049, 2049, 2049, 2049]","[2048, 2048, 2048, 2048, 2049, 2048, 2048]","[2048, 2048, 2048, 2048, 2048, 2048, 2048, 2048, 2048]",332.0,81_9157
1218,9157,81,46,2023-09-03T14:29:36.210000+00:00,28.103,29.596,28.033,314.0,319.0,False,85.732,"[None, 2048, 2048, 2048, 2048, 2048, 2048, 2048]","[2048, 2048, 2048, 2048, 2048, 2048, 2048]","[2048, 2048, 2048, 2048, 2048, 2048, 2048, 2048, 2048, 2049]",323.0,81_9157
1218,9157,81,47,2023-09-03T14:31:02.100000+00:00,28.276,29.795,28.543,316.0,323.0,False,86.614,"[None, 2048, 2048, 2048, 2048, 2048, 2048, 2048]","[2048, 2048, 2048, 2048, 2048, 2048, 2048]","[2048, 2048, 2048, 2048, 2048, 2048, 2048, 2048, 2048, 2048]",344.0,81_9157
1218,9157,81,48,2023-09-03T14:32:28.755000+00:00,28.089,29.668,28.31,,322.0,False,86.067,"[2049, 2048, 2048, 2048, 2048, 2048, 2048, 2048]","[2048, 2048, 2048, 2048, 2048, 2048, 2048]","[2048, 2048, 2048, 2048, 2049, 2048, 2048, 2048, 2048, 2049]",335.0,81_9157
1218,9157,81,49,2023-09-03T14:33:54.691000+00:00,27.763,29.762,28.316,326.0,311.0,False,85.841,"[None, 2049, 2048, 2049, 2048, 2048, 2048, 2048]","[2049, 2048, 2048, 2048, 2048, 2048, 2048]","[2048, 2048, 2048, 2048, 2048, 2048, 2048, 2048, 2048]",347.0,81_9157
1218,9157,81,50,2023-09-03T14:35:20.440000+00:00,28.181,29.335,28.077,310.0,309.0,False,85.593,"[2048, 2048, 2048, 2048, 2048, 2048, 2048, 2048]","[2048, 2048, 2048, 2048, 2048, 2048, 2048]","[2048, 2048, 2048, 2048, 2048, 2048, 2048, 2048, 2048, 2064]",315.0,81_9157
1218,9157,81,52,2023-09-03T14:43:31.982000+00:00,,,,,,False,,,,,,81_9157
1244,9586,1,1,2024-08-31T14:03:10.456000+00:00,,37.186,32.163,252.0,273.0,True,,"[2064, 2064, 2049, 2049, 2049, 2049]","[2049, 2049, 2049, 2049, 2049, 2049, 2049]","[2049, 2049, 2049, 2049, 2049, 2049, 2049, 2049]",206.0,1_9586
1244,9586,1,2,2024-08-31T14:05:00.678000+00:00,26.605,26.993,26.628,324.0,335.0,False,80.226,"[2049, 2049, 2049, 2049, 2049, 2049]","[2049, 2049, 2049, 2049, 2051, 2051, 2049]","[2049, 2049, 2049, 2049, 2051, 2048, 2049, 2049]",342.0,1_9586
1244,9586,1,3,2024-08-31T14:06:20.796000+00:00,36.172,40.036,40.694,226.0,205.0,False,116.902,"[2048, 2048, 2048, 2048, 2048, 2048]","[2048, 2048, 2048, 2048, 2048, 2048, 2048]","[2048, 2048, 2048, 2048, 2048, 2048, 2048, 2064]",202.0,1_9586
1244,9586,1,4,2024-08-31T14:14:56.923000+00:00,,38.544,31.882,244.0,266.0,True,518.676,"[2064, 2064, 2048, 2048, 2048, 2048]","[2048, 2048, 2048, 2048, 2048, 2048, 2048]","[2048, 2048, 2048, 2048, 2048, 2049, 2048, 2048]",80.0,1_9586
1244,9586,1,5,2024-08-31T14:16:56.447000+00:00,26.51,26.882,29.42,323.0,338.0,False,82.812,"[2049, 2049, 2049, 2048, 2049, 2048]","[2051, 2048, 2049, 2051, 2048, 2048, 2049]","[2051, 2048, 2048, 2049, 2048, 2048, 2048, 2048]",346.0,1_9586
1244,9586,1,6,2024-08-31T14:18:19.290000+00:00,36.275,33.038,39.386,258.0,259.0,False,108.699,"[2048, 2048, 2048, 2048, 2048, 2048]","[2048, 2048, 2048, 2048, 2048, 2048, 2048]","[2048, 2048, 2048, 2048, 2048, 2048, 2048, 2064]",201.0,1_9586
1244,9586,1,7,2024-08-31T14:30:18.709000+00:00,,36.213,34.839,278.0,233.0,True,719.437,"[None, 2064, 2049, 2049, 2049, 2049]","[2049, 2049, 2049, 2049, 2049, 2049, 2049]","[2049, 2049, 2049, 2049, 2049, 2051, 2051, 2051]",218.0,1_9586
1244,9586,1,8,2024-08-31T14:32:07.356000+00:00,26.442,26.853,26.579,324.0,335.0,False,79.874,"[2049, 2049, 2049, 2049, 2049, 2049]","[2049, 2049, 2049, 2049, 2051, 2049, 2049]","[2051, 2049, 2049, 2049, 2051, 2049, 2049, 2049]",343.0,1_9586
1244,9586,1,9,2024-08-31T14:33:27.452000+00:00,35.389,36.646,43.827,246.0,218.0,False,115.862,"[2048, 2048, 2048, 2048, 2048, 2048]","[2048, 2048, 2048, 2048, 2048, 2048, 2048]","[2048, 2048, 2048, 2048, 2048, 2048, 2048, 2064]",224.0,1_9586
1244,9586,1,10,2024-08-31T14:39:49.360000+00:00,,38.193,32.486,206.0,245.0,True,374.777,"[None, 2064, 2048, 2048, 2048, 2048]","[2048, 2048, 2048, 2048, 2048, 2048, 2048]","[2048, 2048, 2048, 2048, 2048, 2049, 2048, 2049]",167.0,1_9586
1244,9586,1,11,2024-08-31T14:41:37.906000+00:00,26.389,26.656,26.617,326.0,338.0,False,79.662,"[2049, 2049, 2049, 2048, 2049, 2049]","[2048, 2049, 2049, 2049, 2051, 2051, 2049]","[2049, 2049, 2048, 2049, 2048, 2048, 2048, 2048]",347.0,1_9586
1244,9586,1,12,2024-08-31T14:42:57.621000+00:00,33.477,36.192,41.009,252.0,247.0,False,110.678,"[2048, 2048, 2048, 2048, 2048, 2048]","[2048, 2048, 2048, 2048, 2048, 2048, 2048]","[2048, 2048, 2048, 2048, 2048, 2048, 2048, 2064]",220.0,1_9586
1244,9586,1,13,2024-08-31T14:52:48.707000+00:00,,33.79,32.214,272.0,277.0,True,607.258,"[2064, 2064, 2049, 2049, 2049, 2049]","[2049, 2049, 2049, 2049, 2049, 2049, 2049]","[2049, 2049, 2049, 2049, 2049, 2049, 2049, 2051]",200.0,1_9586
1244,9586,1,14,2024-08-31T14:54:55.476000+00:00,26.391,26.798,26.883,324.0,337.0,False,80.072,"[2049, 2049, 2049, 2049, 2049, 2049]","[2049, 2049, 2049, 2049, 2049, 2049, 2049]","[2051, 2049, 2049, 2049, 2049, 2048, 2048]",346.0,1_9586
1244,9586,1,15,2024-08-31T14:56:15.477000+00:00,31.21,31.78,36.716,285.0,252.0,False,99.706,"[2048, 2048, 2048, 2048, 2048, 2048]","[2048, 2048, 2048, 2048, 2048, 2048, 2048]","[2048, 2048, 2048, 2048, 2048, 2048, 2048, 2064]",231.0,1_9586
1244,9586,1,16,2024-08-31T15:00:26.744000+00:00,,37.381,29.781,265.0,316.0,True,258.656,"[None, 2064, 2048, 2048, 2048, 2048]","[2048, 2048, 2048, 2048, 2048, 2048, 2048]","[2048, 2048, 2048, 2048, 2048, 2048, 2048, 2048]",183.0,1_9586
1244,9586,1,17,2024-08-31T15:02:13.943000+00:00,26.392,26.947,26.683,325.0,338.0,False,80.022,"[2048, 2048, 2048, 2049, 2048, 2049]","[2048, 2048, 2049, 2048, 2048, 2048, 2048]","[2048, 2049, 2048, 2048, 2049, 2048, 2048, 2048]",344.0,1_9586
1244,9586,1,18,2024-08-31T15:03:33.898000+00:00,39.621,36.055,,228.0,246.0,False,,"[None, 2048, 2048, 2048, 2048, 2048]","[2048, 2048, 2048, 2048, 2048, 2048, 2048]",[2048],140.0,1_9586
1244,9586,3,1,2024-08-31T14:03:30.705000+00:00,,37.84,34.143,285.0,271.0,True,,"[2064, 2064, 2049, 2049, 2049, 2049]","[2049, 2049, 2049, 2049, 2049, 2049, 2049]","[2049, 2049, 2049, 2049, 2049, 2049, 2049, 2049]",155.0,3_9586
1244,9586,3,2,2024-08-31T14:05:31.303000+00:00,26.646,27.292,27.121,325.0,338.0,False,81.059,"[2049, 2049, 2049, 2049, 2049, 2049]","[2049, 2051, 2049, 2049, 2049, 2049, 2049]","[2049, 2049, 2049, 2049, 2049, 2049, 2049]",348.0,3_9586
1244,9586,3,3,2024-08-31T14:06:52.205000+00:00,33.418,37.413,43.294,263.0,162.0,False,114.125,"[2048, 2048, 2048, 2048, 2048, 2048]","[2048, 2048, 2048, 2048, 2048, 2048, 2048]","[2048, 2048, 2048, 2048, 2048, 2048, 2048, 2064]",260.0,3_9586
1244,9586,3,4,2024-08-31T14:14:45.286000+00:00,,36.123,32.919,268.0,281.0,True,472.428,"[None, 2064, 2048, 2048, 2048, 2048]","[2048, 2048, 2048, 2048, 2048, 2048, 2048]","[2048, 2048, 2048, 2048, 2048, 2048, 2048, 2048]",151.0,3_9586
1244,9586,3,5,2024-08-31T14:16:38.925000+00:00,26.52,27.427,26.954,326.0,341.0,False,80.901,"[2049, 2049, 2048, 2049, 2049, 2049]","[2049, 2048, 2048, 2048, 2048, 2048, 2049]","[2049, 2049, 2051, 2049, 2049, 2049, 2049]",351.0,3_9586
1244,9586,3,6,2024-08-31T14:17:59.693000+00:00,36.512,34.624,41.332,263.0,299.0,False,112.468,"[2048, 2048, 2048, 2048, 2048, 2048]","[2048, 2048, 2048, 2048, 2048, 2048, 2048]","[2048, 2048, 2048, 2048, 2048, 2048, 2048, 2064]",172.0,3_9586
1244,9586,3,7,2024-08-31T14:29:32.923000+00:00,,35.036,33.385,271.0,317.0,True,698.738,"[2064, 2064, 2049, 2049, 2049, 2049]","[2049, 2049, 2049, 2049, 2051, 2049, 2049]","[2049, 2049, 2049, 2049, 2049, 2049, 2049, 2049]",136.0,3_9586
1244,9586,3,8,2024-08-31T14:31:31.060000+00:00,26.615,27.457,27.201,326.0,341.0,False,81.273,"[2049, 2049, 2049, 2049, 2049, 2049]","[2049, 2049, 2049, 2049, 2049, 2049, 2049]","[2049, 2049, 2049, 2049, 2049, 2049, 2049]",349.0,3_9586
1244,9586,3,9,2024-08-31T14:32:52.209000+00:00,36.507,31.3,37.529,287.0,302.0,False,105.336,"[2048, 2048, 2048, 2048, 2048, 2048]","[2048, 2048, 2048, 2048, 2048, 2048, 2048]","[2048, 2048, 2048, 2048, 2048, 2048, 2048, 2064]",171.0,3_9586
1244,9586,3,10,2024-08-31T14:39:54.985000+00:00,,36.291,33.269,263.0,294.0,True,426.765,"[None, 2064, 2048, 2048, 2048, 2048]","[2048, 2048, 2048, 2048, 2048, 2048, 2048]","[2048, 2048, 2048, 2048, 2048, 2049, 2049, 2049]",152.0,3_9586
1244,9586,3,11,2024-08-31T14:41:44.366000+00:00,26.363,27.141,26.975,327.0,342.0,False,80.479,"[2049, 2049, 2049, 2049, 2049, 2049]","[2048, 2049, 2049, 2049, 2049, 2049, 2051]","[2049, 2049, 2048, 2049, 2049, 2049, 2049, 2048]",353.0,3_9586
1244,9586,3,12,2024-08-31T14:43:04.877000+00:00,33.515,34.147,40.097,271.0,267.0,False,107.759,"[2048, 2048, 2048, 2048, 2048, 2048]","[2048, 2048, 2048, 2048, 2048, 2048, 2048]","[2048, 2048, 2048, 2048, 2048, 2048, 2048, 2064]",236.0,3_9586
1244,9586,4,1,2024-08-31T14:03:14.074000+00:00,,37.116,32.914,262.0,286.0,True,,"[2064, 2064, 2049, 2049, 2049, 2049]","[2049, 2049, 2049, 2049, 2049, 2049, 2049]","[2049, 2049, 2049, 2049, 2049, 2051, 2049, 2051]",136.0,4_9586
1244,9586,4,2,2024-08-31T14:05:09.910000+00:00,26.484,26.898,26.529,325.0,337.0,False,79.911,"[2049, 2049, 2049, 2051, 2049, 2049]","[2049, 2049, 2049, 2051, 2049, 2049, 2049]","[2051, 2051, 2049, 2049, 2051, 2048, 2048]",346.0,4_9586
1244,9586,4,3,2024-08-31T14:06:29.849000+00:00,32.371,38.291,40.359,217.0,231.0,False,111.021,"[2048, 2048, 2048, 2048, 2048, 2048]","[2048, 2048, 2048, 2048, 2048, 2048, 2048]","[2048, 2048, 2048, 2048, 2048, 2048, 2048, 2064]",256.0,4_9586
1244,9586,4,4,2024-08-31T14:30:37.907000+00:00,,39.008,31.591,256.0,143.0,True,1446.253,"[None, 2064, 2049, 2049, 2049, 2049]","[2049, 2049, 2049, 2049, 2049, 2049, 2049]","[2049, 2049, 2049, 2049, 2049, 2051, 2051, 2051]",197.0,4_9586
1244,9586,4,5,2024-08-31T14:32:27.211000+00:00,26.395,26.865,26.467,325.0,337.0,False,79.727,"[2049, 2049, 2051, 2049, 2049, 2049]","[2049, 2051, 2049, 2049, 2049, 2051, 2049]","[2049, 2051, 2049, 2049, 2049, 2051, 2048, 2048]",349.0,4_9586
1244,9586,4,6,2024-08-31T14:33:47.105000+00:00,31.98,37.478,39.988,246.0,195.0,False,109.446,"[2048, 2048, 2048, 2048, 2048, 2048]","[2048, 2048, 2048, 2048, 2048, 2048, 2048]","[2048, 2048, 2048, 2048, 2048, 2048, 2048, 2064]",255.0,4_9586
1244,9586,4,7,2024-08-31T14:52:41.179000+00:00,,36.182,31.355,243.0,283.0,True,1147.514,"[2064, 2064, 2049, 2049, 2049, 2049]","[2049, 2049, 2049, 2049, 2049, 2049, 2049]","[2049, 2049, 2049, 2051, 2051, 2051, 2051]",104.0,4_9586
1244,9586,4,8,2024-08-31T14:54:43.841000+00:00,26.4,26.748,26.253,324.0,338.0,False,79.401,"[2049, 2049, 2049, 2049, 2049, 2049]","[2049, 2049, 2049, 2049, 2049, 2049, 2049]","[2049, 2051, 2049, 2049, 2051, 2051, 2048, 2048]",346.0,4_9586
1244,9586,4,9,2024-08-31T14:56:03.399000+00:00,30.949,34.968,41.211,264.0,257.0,False,107.128,"[2048, 2048, 2048, 2048, 2048, 2048]","[2048, 2048, 2048, 2048, 2048, 2048, 2048]","[2048, 2048, 2048, 2048, 2048, 2048, 2048, 2064]",263.0,4_9586
1244,9586,4,10,2024-08-31T15:00:54.839000+00:00,,35.668,30.242,229.0,289.0,True,300.137,"[None, 2064, 2048, 2048, 2048, 2048]","[2048, 2048, 2048, 2048, 2048, 2048, 2048]","[2048, 2048, 2048, 2048, 2048, 2048, 2048, 2048]",101.0,4_9586
1244,9586,4,11,2024-08-31T15:02:50.589000+00:00,26.492,26.579,26.256,324.0,338.0,False,79.327,"[2048, 2048, 2049, 2048, 2048, 2048]","[2048, 2049, 2049, 2051, 2049, 2049, 2049]","[2051, 2048, 2048, 2048, 2051, 2049, 2048, 2048]",346.0,4_9586
1244,9586,4,12,2024-08-31T15:04:09.890000+00:00,33.633,38.149,,218.0,202.0,False,,"[None, 2048, 2048, 2048, 2048, 2048]","[2048, 2048, 2048, 2048, 2048, 2048, 2048]",[2048],235.0,4_9586
1244,9586,10,1,2024-08-31T14:00:45.177000+00:00,,33.379,33.669,285.0,313.0,True,,"[2064, 2064, 2051, 2049, 2049, 2049]","[2049, 2049, 2049, 2051, 2051, 2049, 2049]","[2051, 2049, 2049, 2049, 2049, 2051, 2051, 2051]",227.0,10_9586
1244,9586,10,2,2024-08-31T14:02:26.471000+00:00,26.99,27.843,27.075,327.0,339.0,False,81.908,"[2049, 2051, 2049, 2049, 2049, 2049]","[2049, 2049, 2049, 2049, 2049, 2049, 2049]","[2049, 2049, 2049, 2049, 2049, 2049, 2051]",348.0,10_9586
1244,9586,10,3,2024-08-31T14:03:48.257000+00:00,34.485,36.999,42.809,251.0,223.0,False,114.293,"[2048, 2048, 2048, 2048, 2048, 2048]","[2048, 2048, 2048, 2048, 2048, 2048, 2048]","[2048, 2048, 2048, 2048, 2048, 2048, 2048, 2064]",208.0,10_9586
1244,9586,10,4,2024-08-31T14:07:52.473000+00:00,,34.853,30.939,215.0,316.0,True,253.413,"[None, 2064, 2048, 2048, 2048, 2048]","[2048, 2048, 2048, 2048, 2048, 2048, 2048]","[2048, 2048, 2048, 2048, 2048, 2048, 2048, 2049]",58.0,10_9586
1244,9586,10,5,2024-08-31T14:09:56.085000+00:00,26.473,27.364,26.911,328.0,340.0,False,80.748,"[2049, 2049, 2049, 2049, 2049, 2049]","[2049, 2049, 2049, 2049, 2049, 2049, 2049]","[2049, 2049, 2049, 2049, 2049, 2048, 2049, 2049]",348.0,10_9586
1244,9586,10,6,2024-08-31T14:11:16.866000+00:00,31.138,34.54,42.935,293.0,293.0,False,108.613,"[2048, 2048, 2048, 2048, 2048, 2048]","[2048, 2048, 2048, 2048, 2048, 2048, 2048]","[2048, 2048, 2048, 2048, 2048, 2048, 2048, 2064]",295.0,10_9586
1244,9586,10,7,2024-08-31T14:15:36.189000+00:00,,36.618,31.059,255.0,172.0,True,260.18,"[None, 2064, 2048, 2048, 2048, 2048]","[2048, 2048, 2048, 2048, 2048, 2048, 2048]","[2048, 2048, 2048, 2048, 2048, 2048, 2048, 2048]",191.0,10_9586
1244,9586,10,8,2024-08-31T14:17:25.616000+00:00,26.53,28.994,45.94,326.0,226.0,False,101.464,"[2049, 2051, 2048, 2049, 2049, 2048]","[2048, 2048, 2049, 2048, 2049, 2048, 2048]","[2048, 2048, 2048, 2048, 2048, 2048, 2048, 2064]",351.0,10_9586
1244,9586,10,9,2024-08-31T14:29:18.407000+00:00,,35.071,34.177,283.0,304.0,True,726.813,"[None, 2064, 2049, 2049, 2049, 2049]","[2049, 2049, 2049, 2051, 2049, 2049, 2051]","[2049, 2049, 2051, 2051, 2049, 2049, 2049, 2049]",84.0,10_9586
1244,9586,10,10,2024-08-31T14:31:13.910000+00:00,32.921,32.964,33.076,292.0,316.0,False,98.961,"[2049, 2049, 2049, 2049, 2049, 2049]","[2049, 2049, 2049, 2049, 2049, 2049, 2049]","[2049, 2049, 2048, 2048, 2049, 2049, 2049, 2049]",255.0,10_9586
1244,9586,10,11,2024-08-31T14:32:52.898000+00:00,26.563,27.263,26.912,325.0,337.0,False,80.738,"[2049, 2049, 2049, 2049, 2049, 2049]","[2049, 2049, 2049, 2049, 2049, 2049, 2049]","[2049, 2049, 2049, 2049, 2049, 2049, 2049, 2048]",346.0,10_9586
1244,9586,10,12,2024-08-31T14:34:13.609000+00:00,32.262,34.886,39.763,263.0,292.0,False,106.911,"[2048, 2048, 2048, 2048, 2048, 2048]","[2048, 2048, 2048, 2048, 2048, 2048, 2048]","[2048, 2048, 2048, 2048, 2048, 2048, 2048, 2064]",280.0,10_9586
1244,9586,10,13,2024-08-31T14:39:11.898000+00:00,,35.195,37.041,215.0,314.0,True,301.031,"[None, 2064, 2048, 2048, 2048, 2048]","[2048, 2048, 2048, 2048, 2048, 2048, 2048]","[2048, 2048, 2048, 2048, 2048, 2048, 2048, 2048]",187.0,10_9586
1244,9586,10,14,2024-08-31T14:41:01.538000+00:00,41.304,35.418,31.706,195.0,323.0,False,108.428,"[2048, 2048, 2048, 2048, 2048, 2048]","[2048, 2048, 2048, 2048, 2048, 2048, 2048]","[2048, 2048, 2048, 2048, 2048, 2049, 2049, 2049]",127.0,10_9586
1244,9586,10,15,2024-08-31T14:42:49.955000+00:00,26.645,27.372,26.992,327.0,342.0,False,81.009,"[2049, 2051, 2049, 2048, 2049, 2049]","[2048, 2049, 2049, 2048, 2048, 2049, 2049]","[2049, 2049, 2049, 2049, 2048, 2048, 2048, 2048]",352.0,10_9586
1244,9586,10,16,2024-08-31T14:44:11.026000+00:00,35.594,34.763,44.135,227.0,275.0,False,114.492,"[2048, 2048, 2048, 2048, 2048, 2048]","[2048, 2048, 2048, 2048, 2048, 2048, 2048]","[2048, 2048, 2048, 2048, 2048, 2048, 2048, 2064]",202.0,10_9586
1244,9586,11,1,2024-08-31T14:03:04.957000+00:00,,37.057,32.574,302.0,225.0,True,,"[2064, 2064, 2049, 2049, 2049, 2049]","[2049, 2049, 2049, 2049, 2049, 2049, 2049]","[2049, 2049, 2049, 2049, 2049, 2049, 2049]",207.0,11_9586
1244,9586,11,2,2024-08-31T14:04:47.507000+00:00,26.64,27.352,27.118,325.0,336.0,False,81.11,"[2049, 2049, 2049, 2049, 2049, 2049]","[2049, 2049, 2049, 2049, 2049, 2049, 2049]","[2049, 2049, 2049, 2049, 2049, 2049, 2049, 2048]",343.0,11_9586
1244,9586,11,3,2024-08-31T14:06:08.644000+00:00,38.143,36.695,39.099,267.0,236.0,False,113.937,"[2048, 2048, 2048, 2048, 2048, 2048]","[2048, 2048, 2048, 2048, 2048, 2048, 2048]","[2048, 2048, 2048, 2048, 2048, 2048, 2048, 2064]",172.0,11_9586
1244,9586,11,4,2024-08-31T14:13:08.329000+00:00,,38.464,30.581,214.0,303.0,True,410.853,"[None, 2064, 2048, 2048, 2048, 2048]","[2048, 2048, 2048, 2048, 2048, 2048, 2048]","[2048, 2048, 2048, 2048, 2048, 2049, 2049, 2049]",191.0,11_9586
1244,9586,11,5,2024-08-31T14:14:53.431000+00:00,26.693,27.181,26.724,325.0,340.0,False,80.598,"[2049, 2049, 2048, 2049, 2049, 2048]","[2049, 2049, 2049, 2048, 2049, 2049, 2049]","[2049, 2049, 2049, 2049, 2049, 2048, 2048, 2048]",344.0,11_9586
1244,9586,11,6,2024-08-31T14:16:13.980000+00:00,36.541,37.915,42.052,275.0,275.0,False,116.508,"[2048, 2048, 2048, 2048, 2048, 2048]","[2048, 2048, 2048, 2048, 2048, 2048, 2048]","[2048, 2048, 2048, 2048, 2048, 2048, 2048, 2064]",174.0,11_9586
1244,9586,11,7,2024-08-31T14:30:13.623000+00:00,,34.989,30.801,289.0,296.0,True,824.507,"[None, 2064, 2049, 2049, 2049, 2049]","[2049, 2049, 2049, 2049, 2049, 2049, 2049]","[2049, 2049, 2049, 2051, 2051, 2051, 2051]",240.0,11_9586
1244,9586,11,8,2024-08-31T14:31:54.928000+00:00,26.533,27.091,26.778,325.0,337.0,False,80.402,"[2049, 2049, 2049, 2049, 2049, 2049]","[2049, 2049, 2049, 2049, 2049, 2049, 2049]","[2049, 2049, 2049, 2049, 2051, 2049, 2049]",346.0,11_9586
1244,9586,11,9,2024-08-31T14:33:15.400000+00:00,33.23,36.931,42.118,267.0,281.0,False,112.279,"[2048, 2048, 2048, 2048, 2048, 2048]","[2048, 2048, 2048, 2048, 2048, 2048, 2048]","[2048, 2048, 2048, 2048, 2048, 2048, 2048, 2064]",211.0,11_9586
1244,9586,11,10,2024-08-31T14:39:48.431000+00:00,,37.912,31.05,232.0,274.0,True,384.934,"[None, 2064, 2048, 2048, 2048, 2048]","[2048, 2048, 2048, 2048, 2048, 2048, 2048]","[2048, 2048, 2048, 2048, 2048, 2049, 2049, 2049]",196.0,11_9586
1244,9586,11,11,2024-08-31T14:41:32.719000+00:00,26.498,27.034,26.684,326.0,338.0,False,80.216,"[2049, 2049, 2048, 2049, 2049, 2049]","[2049, 2048, 2049, 2048, 2049, 2049, 2049]","[2049, 2048, 2048, 2049, 2049, 2048, 2049, 2048]",346.0,11_9586
1244,9586,11,12,2024-08-31T14:42:52.947000+00:00,34.825,36.647,41.588,253.0,279.0,False,113.06,"[2048, 2048, 2048, 2048, 2048, 2048]","[2048, 2048, 2048, 2048, 2048, 2048, 2048]","[2048, 2048, 2048, 2048, 2048, 2048, 2048, 2064]",205.0,11_9586
1244,9586,11,13,2024-08-31T14:52:25.320000+00:00,,32.171,34.143,301.0,255.0,True,573.092,"[None, 2064, 2049, 2049, 2051, 2051]","[2051, 2051, 2051, 2051, 2051, 2049, 2049]","[2049, 2049, 2049, 2049, 2051, 2051, 2051]",190.0,11_9586
1244,9586,11,14,2024-08-31T14:54:18.882000+00:00,26.488,27.042,26.532,324.0,337.0,False,80.062,"[2049, 2049, 2049, 2049, 2049, 2049]","[2049, 2049, 2051, 2049, 2049, 2049, 2049]","[2049, 2049, 2051, 2049, 2051, 2049, 2049]",346.0,11_9586
1244,9586,11,15,2024-08-31T14:55:39.003000+00:00,31.383,33.632,36.399,288.0,291.0,False,101.414,"[2048, 2048, 2048, 2048, 2048, 2048]","[2048, 2048, 2048, 2048, 2048, 2048, 2048]","[2048, 2048, 2048, 2048, 2048, 2048, 2048, 2064]",263.0,11_9586
1244,9586,11,16,2024-08-31T15:00:24.435000+00:00,,34.148,29.816,252.0,304.0,True,287.097,"[None, 2064, 2048, 2048, 2048, 2048]","[2048, 2048, 2048, 2048, 2048, 2048, 2048]","[2048, 2048, 2048, 2048, 2048, 2049, 2048, 2049]",174.0,11_9586
1244,9586,11,17,2024-08-31T15:02:07.721000+00:00,26.56,28.056,,326.0,326.0,False,,"[2048, 2048, 2048, 2048, 2048, 2049]","[2049, 2048, 2048, 2048, 2048, 2048, 2048]",[2048],344.0,11_9586
1244,9586,14,1,2024-08-31T14:06:12.131000+00:00,,35.0,32.358,199.0,249.0,True,,"[2064, 2064, 2049, 2049, 2049, 2049]","[2049, 2049, 2049, 2049, 2049, 2049, 2049]","[2049, 2049, 2049, 2049, 2049, 2049, 2049, 2049]",144.0,14_9586
1244,9586,14,2,2024-08-31T14:07:58.308000+00:00,26.537,27.143,26.937,325.0,338.0,False,80.617,"[2049, 2049, 2049, 2049, 2049, 2049]","[2049, 2049, 2049, 2049, 2049, 2051, 2049]","[2049, 2049, 2049, 2049, 2049, 2048, 2048, 2048]",349.0,14_9586
1244,9586,14,3,2024-08-31T14:09:18.908000+00:00,33.394,35.311,41.258,235.0,235.0,False,109.963,"[2048, 2048, 2048, 2048, 2048, 2048]","[2048, 2048, 2048, 2048, 2048, 2048, 2048]","[2048, 2048, 2048, 2048, 2048, 2048, 2048, 2064]",182.0,14_9586
1244,9586,14,4,2024-08-31T14:15:24.340000+00:00,,37.408,34.251,237.0,225.0,True,373.568,"[None, 2064, 2048, 2048, 2048, 2048]","[2048, 2048, 2048, 2048, 2048, 2048, 2048]","[2048, 2048, 2048, 2048, 2048, 2048, 2048, 2048]",190.0,14_9586
1244,9586,14,5,2024-08-31T14:17:22.537000+00:00,26.465,27.201,35.432,322.0,338.0,False,89.098,"[2049, 2048, 2048, 2049, 2049, 2048]","[2049, 2048, 2048, 2048, 2049, 2048, 2048]","[2049, 2049, 2048, 2048, 2048, 2048, 2048, 2064]",349.0,14_9586
1244,9586,14,6,2024-08-31T14:32:56.960000+00:00,,35.419,32.316,242.0,314.0,True,951.257,"[None, 2064, 2049, 2049, 2049, 2049]","[2049, 2049, 2049, 2049, 2049, 2049, 2049]","[2049, 2049, 2049, 2049, 2049, 2049, 2049]",91.0,14_9586
1244,9586,14,7,2024-08-31T14:34:42.764000+00:00,26.424,27.261,26.885,325.0,340.0,False,80.57,"[2049, 2049, 2049, 2049, 2049, 2049]","[2049, 2049, 2049, 2049, 2049, 2049, 2049]","[2049, 2049, 2049, 2049, 2049, 2049, 2049]",350.0,14_9586
1244,9586,14,8,2024-08-31T14:36:03.437000+00:00,33.218,33.974,36.777,243.0,246.0,False,103.969,"[2048, 2048, 2048, 2048, 2048, 2048]","[2048, 2048, 2048, 2048, 2048, 2048, 2048]","[2048, 2048, 2048, 2048, 2048, 2048, 2048, 2064]",250.0,14_9586
1244,9586,14,9,2024-08-31T14:40:47.684000+00:00,,37.281,37.08,254.0,166.0,True,289.971,"[None, 2064, 2048, 2048, 2048, 2048]","[2048, 2048, 2048, 2048, 2048, 2048, 2048]","[2048, 2048, 2048, 2048, 2048, 2049, 2049, 2049]",199.0,14_9586
1244,9586,14,10,2024-08-31T14:42:37.319000+00:00,26.463,27.131,26.827,322.0,337.0,False,80.421,"[2049, 2049, 2048, 2048, 2048, 2048]","[2048, 2049, 2049, 2049, 2049, 2049, 2048]","[2049, 2049, 2048, 2048, 2049, 2048, 2048]",353.0,14_9586
1244,9586,14,11,2024-08-31T14:43:58.111000+00:00,34.134,37.293,46.686,204.0,237.0,False,118.113,"[2048, 2048, 2048, 2048, 2048, 2048]","[2048, 2048, 2048, 2048, 2048, 2048, 2048]","[2048, 2048, 2048, 2048, 2048, 2048, 2048, 2064]",186.0,14_9586
1244,9586,16,1,2024-08-31T14:00:58.677000+00:00,,35.449,32.709,302.0,298.0,True,,"[2064, 2064, 2049, 2049, 2049, 2049]","[2049, 2049, 2049, 2049, 2049, 2049, 2049]","[2049, 2049, 2049, 2049, 2049, 2049, 2049, 2049]",179.0,16_9586
1244,9586,16,2,2024-08-31T14:02:50.932000+00:00,26.468,26.967,26.639,327.0,340.0,False,80.074,"[2049, 2049, 2049, 2051, 2051, 2051]","[2049, 2051, 2051, 2051, 2051, 2051, 2049]","[2049, 2051, 2051, 2051, 2049, 2051, 2051]",350.0,16_9586
1244,9586,16,3,2024-08-31T14:04:11.075000+00:00,33.34,34.781,40.116,275.0,264.0,False,108.237,"[2048, 2048, 2048, 2048, 2048, 2048]","[2048, 2048, 2048, 2048, 2048, 2048, 2048]","[2048, 2048, 2048, 2048, 2048, 2048, 2048, 2064]",226.0,16_9586
1244,9586,16,4,2024-08-31T14:07:49.335000+00:00,,35.263,31.792,301.0,278.0,True,232.865,"[None, 2064, 2048, 2048, 2048, 2048]","[2048, 2048, 2048, 2048, 2048, 2048, 2048]","[2048, 2048, 2048, 2048, 2048, 2048, 2048, 2048]",89.0,16_9586
1244,9586,16,5,2024-08-31T14:09:52.223000+00:00,26.529,27.001,26.748,328.0,339.0,False,80.278,"[2048, 2048, 2049, 2048, 2048, 2048]","[2049, 2048, 2048, 2049, 2048, 2048, 2048]","[2049, 2048, 2048, 2048, 2048, 2048, 2048, 2048]",349.0,16_9586
1244,9586,16,6,2024-08-31T14:11:12.560000+00:00,34.056,35.523,41.621,260.0,278.0,False,111.2,"[None, 2048, 2048, 2048, 2048, 2048]","[2048, 2048, 2048, 2048, 2048, 2048, 2048]","[2048, 2048, 2048, 2048, 2048, 2048, 2048, 2064]",230.0,16_9586
1244,9586,16,7,2024-08-31T14:29:15.297000+00:00,,37.916,31.573,268.0,259.0,True,1086.388,"[None, 2064, 2049, 2049, 2051, 2051]","[2049, 2049, 2049, 2049, 2049, 2049, 2049]","[2049, 2051, 2049, 2049, 2051, 2051, 2051, 2049]",82.0,16_9586
1244,9586,16,8,2024-08-31T14:31:10.138000+00:00,26.667,26.992,26.637,328.0,339.0,False,80.296,"[2049, 2049, 2049, 2049, 2049, 2051]","[2049, 2049, 2049, 2051, 2051, 2051, 2049]","[2051, 2051, 2051, 2051, 2049, 2049, 2049, 2049]",348.0,16_9586
1244,9586,16,9,2024-08-31T14:32:30.442000+00:00,30.056,30.849,40.394,298.0,296.0,False,101.299,"[2048, 2048, 2048, 2048, 2048, 2048]","[2048, 2048, 2048, 2048, 2048, 2048, 2048]","[2048, 2048, 2048, 2048, 2048, 2048, 2048, 2064]",258.0,16_9586
1244,9586,16,10,2024-08-31T14:34:38.064000+00:00,60.587,35.752,29.077,121.0,312.0,True,125.416,"[None, 2064, 2048, 2048, 2048, 2048]","[2048, 2048, 2048, 2048, 2048, 2048, 2048]","[2048, 2048, 2048, 2048, 2048, 2048, 2048, 2048]",220.0,16_9586
1244,9586,16,11,2024-08-31T14:36:17.173000+00:00,26.475,26.921,26.611,329.0,338.0,False,80.007,"[2049, 2049, 2049, 2049, 2051, 2051]","[2049, 2051, 2051, 2048, 2049, 2049, 2049]","[2048, 2048, 2048, 2048, 2049, 2049, 2048]",348.0,16_9586
1244,9586,16,12,2024-08-31T14:37:37.138000+00:00,33.698,35.101,40.773,276.0,278.0,False,109.572,"[2048, 2048, 2048, 2048, 2048, 2048]","[2048, 2048, 2048, 2048, 2048, 2048, 2048]","[2048, 2048, 2048, 2048, 2048, 2048, 2048, 2064]",228.0,16_9586
1244,9586,16,13,2024-08-31T14:40:55.258000+00:00,,36.767,30.617,261.0,291.0,True,198.496,"[None, 2064, 2048, 2048, 2048, 2048]","[2048, 2048, 2048, 2048, 2048, 2048, 2048]","[2048, 2048, 2048, 2048, 2048, 2048, 2048, 2048]",135.0,16_9586
1244,9586,16,14,2024-08-31T14:42:45.221000+00:00,26.509,26.941,26.626,326.0,341.0,False,80.076,"[2049, 2049, 2049, 2048, 2048, 2048]","[2048, 2048, 2051, 2048, 2049, 2049, 2049]","[2049, 2048, 2048, 2048, 2049, 2048, 2048, 2048]",350.0,16_9586
1244,9586,16,15,2024-08-31T14:44:05.267000+00:00,32.51,39.217,41.981,225.0,185.0,False,113.708,"[2048, 2048, 2048, 2048, 2048, 2048]","[2048, 2048, 2048, 2048, 2048, 2048, 2048]","[2048, 2048, 2048, 2048, 2048, 2048, 2048, 2064]",239.0,16_9586
1244,9586,16,16,2024-08-31T14:53:11.023000+00:00,,32.845,32.924,291.0,305.0,True,542.213,"[None, 2064, 2049, 2049, 2049, 2049]","[2049, 2049, 2049, 2049, 2049, 2049, 2049]","[2049, 2051, 2049, 2049, 2049, 2049, 2049]",223.0,16_9586
1244,9586,16,17,2024-08-31T14:55:01.111000+00:00,26.438,26.822,26.444,326.0,340.0,False,79.704,"[2049, 2049, 2049, 2049, 2049, 2049]","[2051, 2049, 2049, 2049, 2049, 2049, 2051]","[2049, 2049, 2051, 2051, 2049, 2049, 2051, 2049]",350.0,16_9586
1244,9586,16,18,2024-08-31T14:56:20.786000+00:00,31.495,31.515,40.069,264.0,237.0,False,103.079,"[2048, 2048, 2048, 2048, 2048, 2048]","[2048, 2048, 2048, 2048, 2048, 2048, 2048]","[2048, 2048, 2048, 2048, 2048, 2048, 2048, 2064]",210.0,16_9586
1244,9586,16,19,2024-08-31T15:01:15.916000+00:00,,33.616,32.03,303.0,288.0,True,305.949,"[None, 2064, 2048, 2048, 2048, 2048]","[2048, 2048, 2048, 2048, 2048, 2048, 2048]","[2048, 2048, 2048, 2048, 2048, 2048, 2048, 2049]",129.0,16_9586
1244,9586,16,20,2024-08-31T15:03:09.963000+00:00,26.373,26.732,26.356,327.0,341.0,False,79.461,"[2049, 2051, 2048, 2049, 2049, 2049]","[2049, 2049, 2048, 2049, 2049, 2049, 2051]","[2049, 2049, 2048, 2049, 2049, 2049, 2051, 2050]",350.0,16_9586
1244,9586,16,21,2024-08-31T15:04:29.321000+00:00,36.518,36.81,,214.0,184.0,False,,"[2048, 2048, 2048, 2048, 2048, 2048]","[2048, 2048, 2048, 2048, 2048, 2048, 2048]",[2048],182.0,16_9586
1244,9586,18,1,2024-08-31T14:06:08.213000+00:00,,37.929,33.23,199.0,249.0,True,,"[2064, 2064, 2049, 2049, 2049, 2049]","[2049, 2049, 2049, 2049, 2049, 2049, 2049]","[2049, 2049, 2049, 2049, 2049, 2049, 2049, 2049]",199.0,18_9586
1244,9586,18,2,2024-08-31T14:07:53.999000+00:00,26.648,27.18,27.185,322.0,336.0,False,81.013,"[2049, 2049, 2049, 2049, 2049, 2049]","[2049, 2049, 2049, 2049, 2049, 2049, 2049]","[2049, 2049, 2049, 2049, 2049, 2048, 2048]",345.0,18_9586
1244,9586,18,3,2024-08-31T14:09:15.085000+00:00,34.246,37.007,39.924,207.0,219.0,False,111.177,"[2048, 2048, 2048, 2048, 2048, 2048]","[2048, 2048, 2048, 2048, 2048, 2048, 2048]","[2048, 2048, 2048, 2048, 2048, 2048, 2048, 2064]",217.0,18_9586
1244,9586,18,4,2024-08-31T14:14:26.686000+00:00,,32.831,32.984,249.0,292.0,True,311.184,"[None, 2064, 2048, 2048, 2048, 2048]","[2048, 2048, 2048, 2048, 2048, 2048, 2048]","[2048, 2048, 2048, 2048, 2048, 2049, 2049, 2049]",152.0,18_9586
1244,9586,18,5,2024-08-31T14:16:17.498000+00:00,26.575,27.244,27.374,322.0,338.0,False,81.193,"[2049, 2049, 2049, 2048, 2049, 2049]","[2049, 2048, 2048, 2048, 2049, 2048, 2049]","[2049, 2048, 2049, 2049, 2048, 2048, 2048, 2048]",351.0,18_9586
1244,9586,18,6,2024-08-31T14:17:38.701000+00:00,34.612,35.115,41.211,250.0,232.0,False,110.938,"[2048, 2048, 2048, 2048, 2048, 2048]","[2048, 2048, 2048, 2048, 2048, 2048, 2048]","[2048, 2048, 2048, 2048, 2048, 2048, 2048, 2064]",184.0,18_9586
1244,9586,20,1,2024-08-31T14:00:48.135000+00:00,,35.836,30.358,253.0,307.0,True,,"[2064, 2064, 2049, 2049, 2049, 2049]","[2049, 2049, 2049, 2049, 2049, 2049, 2049]","[2049, 2051, 2049, 2051, 2049, 2049, 2049]",120.0,20_9586
1244,9586,20,2,2024-08-31T14:02:31.528000+00:00,26.784,27.203,26.869,326.0,341.0,False,80.856,"[2049, 2049, 2051, 2049, 2049, 2049]","[2051, 2049, 2049, 2049, 2049, 2049, 2049]","[2051, 2049, 2049, 2049, 2049, 2049, 2051, 2049]",350.0,20_9586
1244,9586,20,3,2024-08-31T14:03:52.475000+00:00,31.681,36.361,38.732,289.0,228.0,False,106.774,"[2048, 2048, 2048, 2048, 2048, 2048]","[2048, 2048, 2048, 2048, 2048, 2048, 2048]","[2048, 2048, 2048, 2048, 2048, 2048, 2048, 2064]",245.0,20_9586
1244,9586,20,4,2024-08-31T14:14:06.486000+00:00,,35.663,30.196,267.0,313.0,True,616.499,"[None, 2064, 2048, 2048, 2048, 2048]","[2048, 2048, 2048, 2048, 2048, 2048, 2048]","[2048, 2048, 2048, 2048, 2048, 2048, 2048, 2048]",147.0,20_9586
1244,9586,20,5,2024-08-31T14:15:55.854000+00:00,26.654,27.459,53.77,328.0,342.0,False,107.883,"[2049, 2049, 2048, 2049, 2048, 2049]","[2048, 2048, 2048, 2049, 2048, 2048, 2048]","[2051, 2048, 2048, 2048, 2048, 2048, 2048, 2064]",351.0,20_9586
1244,9586,20,6,2024-08-31T14:29:39.533000+00:00,,35.441,30.479,259.0,306.0,True,831.546,"[None, 2064, 2049, 2049, 2049, 2049]","[2049, 2049, 2049, 2049, 2049, 2051, 2049]","[2051, 2051, 2049, 2049, 2051, 2049, 2049, 2049]",129.0,20_9586
1244,9586,20,7,2024-08-31T14:31:35.195000+00:00,26.466,27.107,27.125,328.0,341.0,False,80.698,"[2049, 2049, 2049, 2049, 2049, 2049]","[2051, 2049, 2049, 2049, 2049, 2049, 2051]","[2049, 2049, 2049, 2049, 2049, 2049, 2049, 2049]",350.0,20_9586
1244,9586,20,8,2024-08-31T14:32:55.854000+00:00,40.532,33.764,36.212,285.0,303.0,False,110.508,"[2048, 2048, 2048, 2048, 2048, 2048]","[2048, 2048, 2048, 2048, 2048, 2048, 2048]","[2048, 2048, 2048, 2048, 2048, 2048, 2048, 2064]",111.0,20_9586
1244,9586,20,9,2024-08-31T14:39:14.831000+00:00,,37.914,33.017,198.0,300.0,True,375.987,"[None, 2064, 2048, 2048, 2048, 2048]","[2048, 2048, 2048, 2048, 2048, 2048, 2048]","[2048, 2048, 2048, 2048, 2048, 2048, 2048, 2049]",233.0,20_9586
1244,9586,20,10,2024-08-31T14:41:02.508000+00:00,26.508,27.332,27.093,325.0,336.0,False,80.933,"[2049, 2049, 2048, 2049, 2048, 2048]","[2048, 2048, 2049, 2048, 2048, 2048, 2048]","[2049, 2049, 2048, 2048, 2049, 2049, 2048, 2048]",349.0,20_9586
1244,9586,20,11,2024-08-31T14:42:23.314000+00:00,40.201,43.068,36.462,136.0,297.0,False,119.731,"[2048, 2048, 2048, 2048, 2048, 2048]","[2048, 2048, 2048, 2048, 2048, 2048, 2048]","[2048, 2048, 2048, 2048, 2048, 2048, 2048, 2064]",192.0,20_9586
1244,9586,22,1,2024-08-31T14:03:37.957000+00:00,,37.577,30.775,286.0,306.0,True,,"[2064, 2064, 2049, 2049, 2049, 2049]","[2049, 2049, 2049, 2049, 2049, 2049, 2049]","[2049, 2049, 2049, 2049, 2049, 2049, 2049]",161.0,22_9586
1244,9586,22,2,2024-08-31T14:05:39.038000+00:00,26.54,27.386,27.142,325.0,339.0,False,81.068,"[2051, 2049, 2049, 2049, 2049, 2049]","[2049, 2049, 2049, 2049, 2049, 2049, 2049]","[2049, 2049, 2049, 2049, 2049, 2048, 2048, 2048]",348.0,22_9586
1244,9586,22,3,2024-08-31T14:07:00.177000+00:00,32.827,37.218,40.712,258.0,278.0,False,110.757,"[2048, 2048, 2048, 2048, 2048, 2048]","[2048, 2048, 2048, 2048, 2048, 2048, 2048]","[2048, 2048, 2048, 2048, 2048, 2048, 2048, 2064]",248.0,22_9586
1244,9586,22,4,2024-08-31T14:14:34.387000+00:00,,36.226,33.239,256.0,305.0,True,460.86,"[None, 2064, 2048, 2048, 2048, 2048]","[2048, 2048, 2048, 2048, 2048, 2048, 2048]","[2048, 2048, 2048, 2048, 2048, 2049, 2048, 2048]",163.0,22_9586
1244,9586,22,5,2024-08-31T14:16:31.920000+00:00,26.572,27.406,26.967,325.0,339.0,False,80.945,"[2048, 2049, 2048, 2049, 2049, 2048]","[2048, 2048, 2048, 2049, 2049, 2048, 2048]","[2049, 2048, 2049, 2048, 2049, 2048, 2048]",348.0,22_9586
1244,9586,22,6,2024-08-31T14:17:52.708000+00:00,32.711,38.36,43.006,219.0,245.0,False,114.077,"[None, 2048, 2048, 2048, 2048, 2048]","[2048, 2048, 2048, 2048, 2048, 2048, 2048]","[2048, 2048, 2048, 2048, 2048, 2048, 2048, 2064]",241.0,22_9586
1244,9586,23,1,2024-08-31T14:03:46.703000+00:00,,36.202,30.387,241.0,315.0,True,,"[2064, 2064, 2049, 2049, 2049, 2049]","[2049, 2049, 2049, 2049, 2049, 2049, 2049]","[2049, 2049, 2049, 2049, 2049, 2049, 2049]",183.0,23_9586
1244,9586,23,2,2024-08-31T14:05:48.892000+00:00,26.608,27.255,26.957,324.0,338.0,False,80.82,"[2049, 2049, 2049, 2049, 2049, 2049]","[2049, 2049, 2051, 2049, 2049, 2049, 2049]","[2049, 2049, 2049, 2049, 2049, 2049, 2049, 2048]",347.0,23_9586
1244,9586,23,3,2024-08-31T14:07:09.724000+00:00,34.064,33.964,36.078,266.0,296.0,False,104.106,"[2048, 2048, 2048, 2048, 2048, 2048]","[2048, 2048, 2048, 2048, 2048, 2048, 2048]","[2048, 2048, 2048, 2048, 2048, 2048, 2048, 2064]",235.0,23_9586
1244,9586,23,4,2024-08-31T14:11:45.097000+00:00,,35.543,30.654,224.0,315.0,True,273.819,"[None, 2064, 2048, 2048, 2048, 2048]","[2048, 2048, 2048, 2048, 2048, 2048, 2048]","[2048, 2048, 2048, 2048, 2048, 2048, 2048, 2048]",260.0,23_9586
1244,9586,23,5,2024-08-31T14:13:27.763000+00:00,26.502,27.271,26.769,322.0,334.0,False,80.542,"[2048, 2048, 2049, 2051, 2049, 2048]","[2049, 2048, 2048, 2049, 2049, 2048, 2048]","[2048, 2051, 2049, 2048, 2049, 2049, 2048]",345.0,23_9586
1244,9586,23,6,2024-08-31T14:14:48.177000+00:00,39.18,32.579,37.47,269.0,291.0,False,109.229,"[None, 2048, 2048, 2048, 2048, 2048]","[2048, 2048, 2048, 2048, 2048, 2048, 2048]","[2048, 2048, 2048, 2048, 2048, 2048, 2048, 2064]",103.0,23_9586
1244,9586,23,7,2024-08-31T14:32:24.623000+00:00,,36.197,30.412,242.0,315.0,True,1051.008,"[None, 2064, 2049, 2049, 2049, 2049]","[2049, 2049, 2049, 2049, 2049, 2049, 2049]","[2049, 2049, 2049, 2049, 2049, 2049, 2049, 2049]",158.0,23_9586
1244,9586,23,8,2024-08-31T14:34:08.500000+00:00,26.485,27.128,26.847,323.0,338.0,False,80.46,"[2049, 2049, 2049, 2049, 2049, 2049]","[2049, 2049, 2049, 2049, 2049, 2049, 2049]","[2049, 2049, 2049, 2051, 2049, 2049, 2049, 2049]",345.0,23_9586
1244,9586,23,9,2024-08-31T14:35:28.899000+00:00,36.107,32.928,36.925,233.0,305.0,False,105.96,"[2048, 2048, 2048, 2048, 2048, 2048]","[2048, 2048, 2048, 2048, 2048, 2048, 2048]","[2048, 2048, 2048, 2048, 2048, 2048, 2048, 2064]",257.0,23_9586
1244,9586,23,10,2024-08-31T14:40:43.085000+00:00,,38.851,29.586,263.0,309.0,True,312.604,"[None, 2064, 2048, 2048, 2048, 2048]","[2048, 2048, 2048, 2048, 2048, 2048, 2048]","[2048, 2048, 2048, 2048, 2048, 2048, 2048]",238.0,23_9586
1244,9586,23,11,2024-08-31T14:42:28.007000+00:00,26.436,27.071,26.807,322.0,338.0,False,80.314,"[2049, 2049, 2049, 2048, 2049, 2049]","[2048, 2049, 2049, 2049, 2049, 2049, 2048]","[2049, 2048, 2048, 2048, 2049, 2049, 2049, 2048]",348.0,23_9586
1244,9586,23,12,2024-08-31T14:43:47.820000+00:00,35.096,35.543,39.886,260.0,274.0,False,110.525,"[2048, 2048, 2048, 2048, 2048, 2048]","[2048, 2048, 2048, 2048, 2048, 2048, 2048]","[2048, 2048, 2048, 2048, 2048, 2048, 2048, 2064]",242.0,23_9586
1244,9586,23,13,2024-08-31T14:52:17.345000+00:00,,37.358,31.172,240.0,311.0,True,501.649,"[None, 2064, 2051, 2049, 2049, 2049]","[2049, 2049, 2049, 2049, 2049, 2049, 2051]","[2051, 2051, 2051, 2051, 2051, 2051, 2051, 2051]",264.0,23_9586
1244,9586,23,14,2024-08-31T14:54:00.039000+00:00,26.553,27.261,27.056,322.0,338.0,False,80.87,"[2049, 2049, 2049, 2049, 2049, 2049]","[2049, 2049, 2049, 2049, 2049, 2049, 2051]","[2049, 2051, 2049, 2051, 2049, 2049, 2049, 2049]",344.0,23_9586
1244,9586,23,15,2024-08-31T14:55:20.800000+00:00,35.209,30.748,35.523,293.0,300.0,False,101.48,"[2048, 2048, 2048, 2048, 2048, 2048]","[2048, 2048, 2048, 2048, 2048, 2048, 2048]","[2048, 2048, 2048, 2048, 2048, 2048, 2048, 2064]",198.0,23_9586
1244,9586,23,16,2024-08-31T15:00:35.764000+00:00,,35.727,30.463,274.0,315.0,True,332.686,"[None, 2064, 2048, 2048, 2048, 2048]","[2048, 2048, 2048, 2048, 2048, 2048, 2048]","[2048, 2048, 2048, 2048, 2048, 2048, 2048, 2048]",203.0,23_9586
1244,9586,23,17,2024-08-31T15:02:35.159000+00:00,26.395,27.12,26.784,324.0,339.0,False,80.299,"[2049, 2049, 2049, 2049, 2049, 2049]","[2048, 2049, 2049, 2048, 2049, 2049, 2049]","[2049, 2049, 2049, 2049, 2049, 2049, 2049, 2049]",347.0,23_9586
1244,9586,23,18,2024-08-31T15:03:55.357000+00:00,36.842,34.508,,198.0,280.0,False,,"[2048, 2048, 2048, 2048, 2048, 2048]","[2048, 2048, 2048, 2048, 2048, 2048, 2048]",[2048],245.0,23_9586
1244,9586,24,1,,,36.406,34.895,233.0,285.0,True,,"[None, 2064, 2049, 2049, 2049, 2049]","[2049, 2049, 2049, 2049, 2049, 2051, 2049]","[2049, 2049, 2049, 2051, 2049, 2051, 2051]",180.0,24_9586
1244,9586,24,2,2024-08-31T14:02:18.927000+00:00,26.931,27.756,27.281,324.0,337.0,False,81.968,"[2049, 2049, 2049, 2049, 2049, 2049]","[2049, 2049, 2049, 2049, 2049, 2049, 2049]","[2049, 2049, 2049, 2049, 2051, 2051, 2051, 2048]",346.0,24_9586
1244,9586,24,3,2024-08-31T14:03:40.942000+00:00,31.669,32.54,35.892,300.0,304.0,False,100.101,"[2048, 2048, 2048, 2048, 2048, 2048]","[2048, 2048, 2048, 2048, 2048, 2048, 2048]","[2048, 2048, 2048, 2048, 2048, 2048, 2048, 2064]",257.0,24_9586
1244,9586,24,4,2024-08-31T14:07:17.136000+00:00,,37.586,35.257,304.0,276.0,True,222.726,"[None, 2064, 2048, 2048, 2048, 2048]","[2048, 2048, 2048, 2048, 2048, 2048, 2048]","[2048, 2048, 2048, 2048, 2048, 2048, 2048, 2049]",197.0,24_9586
1244,9586,24,5,2024-08-31T14:09:03.857000+00:00,26.838,27.624,27.052,326.0,338.0,False,81.514,"[2049, 2049, 2049, 2048, 2048, 2049]","[2049, 2048, 2048, 2049, 2049, 2049, 2049]","[2049, 2049, 2049, 2049, 2049, 2048, 2048]",348.0,24_9586
1244,9586,24,6,2024-08-31T14:10:25.195000+00:00,28.879,30.454,36.046,300.0,311.0,False,95.379,"[2048, 2048, 2048, 2048, 2048, 2048]","[2048, 2048, 2048, 2048, 2048, 2048, 2048]","[2048, 2048, 2048, 2048, 2048, 2048, 2048, 2064]",296.0,24_9586
1244,9586,24,7,2024-08-31T14:14:15.983000+00:00,,36.779,32.472,305.0,314.0,True,245.05,"[None, 2064, 2048, 2048, 2048, 2048]","[2048, 2048, 2048, 2048, 2048, 2048, 2048]","[2048, 2048, 2048, 2048, 2048, 2048, 2048, 2048]",199.0,24_9586
1244,9586,24,8,2024-08-31T14:16:05.739000+00:00,26.5,27.485,27.46,327.0,344.0,False,81.445,"[2049, 2049, 2048, 2049, 2049, 2049]","[2049, 2049, 2049, 2048, 2048, 2048, 2051]","[2049, 2048, 2048, 2049, 2048, 2048, 2048]",352.0,24_9586
1244,9586,24,9,2024-08-31T14:17:27.152000+00:00,35.256,32.873,43.757,289.0,293.0,False,111.886,"[2048, 2048, 2048, 2048, 2048, 2048]","[2048, 2048, 2048, 2048, 2048, 2048, 2048]","[2048, 2048, 2048, 2048, 2048, 2048, 2048, 2064]",166.0,24_9586
1244,9586,27,1,2024-08-31T14:00:53.864000+00:00,,36.69,30.625,263.0,265.0,True,,"[2064, 2064, 2049, 2049, 2049, 2049]","[2049, 2049, 2049, 2049, 2049, 2049, 2049]","[2049, 2049, 2051, 2049, 2051, 2049, 2049, 2049]",166.0,27_9586
1244,9586,27,2,2024-08-31T14:02:37.504000+00:00,26.513,27.363,26.905,328.0,341.0,False,80.781,"[2049, 2049, 2049, 2049, 2049, 2049]","[2049, 2049, 2049, 2049, 2049, 2049, 2051]","[2049, 2049, 2049, 2051, 2051, 2049, 2049]",351.0,27_9586
1244,9586,27,3,2024-08-31T14:03:58.206000+00:00,28.97,33.845,42.812,303.0,246.0,False,105.627,"[2048, 2048, 2048, 2048, 2048, 2048]","[2048, 2048, 2048, 2048, 2048, 2048, 2048]","[2048, 2048, 2048, 2048, 2048, 2048, 2048, 2064]",303.0,27_9586
1244,9586,27,4,2024-08-31T14:14:09.854000+00:00,,36.348,30.481,247.0,293.0,True,616.771,"[None, 2064, 2048, 2048, 2048, 2048]","[2048, 2048, 2048, 2048, 2048, 2048, 2048]","[2048, 2048, 2048, 2048, 2048, 2048, 2048, 2049]",109.0,27_9586
1244,9586,27,5,2024-08-31T14:16:00.617000+00:00,26.428,27.262,27.588,331.0,342.0,False,81.278,"[2049, 2049, 2048, 2049, 2049, 2051]","[2049, 2049, 2049, 2049, 2049, 2048, 2049]","[2049, 2048, 2049, 2051, 2048, 2048, 2048, 2048]",350.0,27_9586
1244,9586,27,6,2024-08-31T14:17:21.992000+00:00,38.334,31.385,41.663,297.0,279.0,False,111.382,"[2048, 2048, 2048, 2048, 2048, 2048]","[2048, 2048, 2048, 2048, 2048, 2048, 2048]","[2048, 2048, 2048, 2048, 2048, 2048, 2048, 2064]",151.0,27_9586
1244,9586,27,7,2024-08-31T14:29:48.616000+00:00,,38.083,33.649,204.0,228.0,True,751.401,"[None, 2064, 2049, 2049, 2049, 2049]","[2049, 2049, 2049, 2049, 2049, 2049, 2049]","[2049, 2049, 2049, 2049, 2049, 2049, 2049, 2049]",197.0,27_9586
1244,9586,27,8,2024-08-31T14:31:44.623000+00:00,26.423,27.175,26.836,328.0,339.0,False,80.434,"[2049, 2049, 2049, 2049, 2049, 2049]","[2049, 2049, 2049, 2049, 2049, 2049, 2049]","[2049, 2049, 2049, 2049, 2049, 2049, 2049, 2049]",347.0,27_9586
1244,9586,27,9,2024-08-31T14:33:05.094000+00:00,29.163,31.906,40.756,286.0,266.0,False,101.825,"[2048, 2048, 2048, 2048, 2048, 2048]","[2048, 2048, 2048, 2048, 2048, 2048, 2048]","[2048, 2048, 2048, 2048, 2048, 2048, 2048, 2064]",303.0,27_9586
1244,9586,27,10,2024-08-31T14:39:20.775000+00:00,,37.493,33.925,210.0,263.0,True,382.775,"[None, 2064, 2048, 2048, 2048, 2048]","[2048, 2048, 2048, 2048, 2048, 2048, 2048]","[2048, 2048, 2048, 2048, 2048, 2048, 2048, 2049]",201.0,27_9586
1244,9586,27,11,2024-08-31T14:41:09.820000+00:00,26.341,27.16,26.91,328.0,341.0,False,80.411,"[2049, 2049, 2049, 2049, 2049, 2049]","[2049, 2048, 2049, 2048, 2048, 2048, 2051]","[2049, 2048, 2049, 2049, 2048, 2048, 2049, 2049]",349.0,27_9586
1244,9586,27,12,2024-08-31T14:42:30.208000+00:00,34.946,34.641,41.071,259.0,202.0,False,110.658,"[2048, 2048, 2048, 2048, 2048, 2048]","[2048, 2048, 2048, 2048, 2048, 2048, 2048]","[2048, 2048, 2048, 2048, 2048, 2048, 2048, 2064]",318.0,27_9586
1244,9586,27,13,2024-08-31T14:52:19.741000+00:00,,37.805,33.223,238.0,226.0,True,589.928,"[2064, 2064, 2049, 2049, 2049, 2049]","[2049, 2049, 2049, 2049, 2049, 2049, 2049]","[2049, 2049, 2049, 2049, 2051, 2051, 2051, 2051]",173.0,27_9586
1244,9586,27,14,2024-08-31T14:54:10.666000+00:00,26.481,27.238,26.763,326.0,338.0,False,80.482,"[2049, 2049, 2049, 2049, 2049, 2049]","[2049, 2049, 2049, 2049, 2049, 2049, 2049]","[2049, 2049, 2049, 2051, 2051, 2049, 2049, 2049]",346.0,27_9586
1244,9586,27,15,2024-08-31T14:55:31.215000+00:00,29.306,30.843,36.443,301.0,281.0,False,96.592,"[2048, 2048, 2048, 2048, 2048, 2048]","[2048, 2048, 2048, 2048, 2048, 2048, 2048]","[2048, 2048, 2048, 2048, 2048, 2048, 2048, 2064]",297.0,27_9586
1244,9586,27,16,2024-08-31T15:00:31.152000+00:00,,37.425,32.793,285.0,293.0,True,317.361,"[None, 2064, 2048, 2048, 2048, 2048]","[2048, 2048, 2048, 2048, 2048, 2048, 2048]","[2048, 2048, 2048, 2048, 2048, 2048, 2048, 2049]",205.0,27_9586
1244,9586,27,17,2024-08-31T15:02:25.272000+00:00,26.479,27.074,26.786,328.0,339.0,False,80.339,"[2049, 2049, 2049, 2048, 2048, 2049]","[2051, 2049, 2048, 2049, 2049, 2049, 2049]","[2049, 2049, 2048, 2049, 2048, 2048, 2049, 2049]",347.0,27_9586
1244,9586,27,18,2024-08-31T15:03:45.494000+00:00,30.857,35.234,,244.0,250.0,False,,"[2048, 2048, 2048, 2048, 2048, 2048]","[2048, 2048, 2048, 2048, 2048, 2048, 2048]",[2048],270.0,27_9586
1244,9586,31,1,2024-08-31T14:00:40.966000+00:00,,33.336,35.205,275.0,314.0,True,,"[2064, 2064, 2049, 2049, 2049, 2049]","[2051, 2051, 2051, 2049, 2049, 2049, 2051]","[2049, 2049, 2049, 2049, 2049, 2049, 2051]",230.0,31_9586
1244,9586,31,2,2024-08-31T14:02:23.411000+00:00,26.66,27.595,27.091,326.0,338.0,False,81.346,"[2049, 2049, 2049, 2049, 2049, 2049]","[2049, 2049, 2049, 2049, 2049, 2049, 2049]","[2049, 2049, 2051, 2049, 2049, 2049, 2049]",346.0,31_9586
1244,9586,31,3,2024-08-31T14:03:44.629000+00:00,34.086,35.711,43.264,260.0,227.0,False,113.061,"[2048, 2048, 2048, 2048, 2048, 2048]","[2048, 2048, 2048, 2048, 2048, 2048, 2048]","[2048, 2048, 2048, 2048, 2048, 2048, 2048, 2064]",207.0,31_9586
1244,9586,31,4,2024-08-31T14:08:07.535000+00:00,,34.229,32.328,268.0,293.0,True,262.054,"[None, 2064, 2048, 2048, 2048, 2048]","[2048, 2048, 2048, 2048, 2048, 2048, 2048]","[2048, 2048, 2048, 2048, 2048, 2048, 2048, 2049]",88.0,31_9586
1244,9586,31,5,2024-08-31T14:09:59.894000+00:00,26.504,27.264,26.996,328.0,341.0,False,80.764,"[2049, 2049, 2049, 2049, 2049, 2049]","[2049, 2049, 2049, 2049, 2049, 2049, 2049]","[2049, 2049, 2049, 2049, 2049, 2049, 2049, 2049]",348.0,31_9586
1244,9586,31,6,2024-08-31T14:11:20.635000+00:00,30.372,32.798,43.247,299.0,299.0,False,106.417,"[2048, 2048, 2048, 2048, 2048, 2048]","[2048, 2048, 2048, 2048, 2048, 2048, 2048]","[2048, 2048, 2048, 2048, 2048, 2048, 2048, 2064]",256.0,31_9586
1244,9586,31,7,2024-08-31T14:15:39.983000+00:00,,33.695,32.433,308.0,216.0,True,263.149,"[None, 2064, 2048, 2048, 2048, 2048]","[2048, 2048, 2048, 2048, 2048, 2048, 2048]","[2048, 2048, 2048, 2048, 2048, 2048, 2048, 2048]",164.0,31_9586
1244,9586,31,8,2024-08-31T14:17:30.146000+00:00,27.312,30.255,41.469,327.0,287.0,False,99.036,"[2048, 2049, 2049, 2048, 2048, 2048]","[2048, 2049, 2048, 2048, 2048, 2048, 2048]","[2048, 2048, 2048, 2048, 2048, 2048, 2048, 2064]",349.0,31_9586
1244,9586,31,9,2024-08-31T14:29:20.648000+00:00,,35.483,34.95,279.0,230.0,True,730.852,"[None, 2064, 2049, 2049, 2049, 2049]","[2051, 2051, 2049, 2049, 2049, 2049, 2049]","[2049, 2049, 2049, 2049, 2049, 2049, 2049]",107.0,31_9586
1244,9586,31,10,2024-08-31T14:31:19.972000+00:00,32.52,33.346,31.017,293.0,309.0,False,96.883,"[2049, 2049, 2049, 2049, 2049, 2049]","[2049, 2049, 2049, 2049, 2049, 2048, 2049]","[2049, 2049, 2049, 2048, 2049, 2049, 2049, 2049]",239.0,31_9586
1244,9586,31,11,2024-08-31T14:32:57.036000+00:00,26.61,27.315,26.959,326.0,339.0,False,80.884,"[2051, 2051, 2049, 2049, 2049, 2049]","[2049, 2049, 2049, 2049, 2049, 2049, 2049]","[2049, 2049, 2049, 2049, 2049, 2049, 2049]",348.0,31_9586
1244,9586,31,12,2024-08-31T14:34:17.723000+00:00,30.537,34.043,38.967,298.0,301.0,False,103.547,"[2048, 2048, 2048, 2048, 2048, 2048]","[2048, 2048, 2048, 2048, 2048, 2048, 2048]","[2048, 2048, 2048, 2048, 2048, 2048, 2048, 2064]",283.0,31_9586
1244,9586,31,13,2024-08-31T14:39:08.234000+00:00,,36.013,37.27,213.0,291.0,True,298.244,"[None, 2064, 2048, 2048, 2048, 2048]","[2048, 2048, 2048, 2048, 2048, 2048, 2048]","[2048, 2048, 2048, 2048, 2048, 2048, 2048, 2048]",191.0,31_9586
1244,9586,31,14,2024-08-31T14:40:59.635000+00:00,42.314,34.811,30.694,144.0,322.0,False,107.819,"[2048, 2048, 2048, 2048, 2048, 2048]","[2048, 2048, 2048, 2048, 2048, 2048, 2048]","[2048, 2048, 2048, 2048, 2048, 2049, 2049, 2049]",140.0,31_9586
1244,9586,31,15,2024-08-31T14:42:47.508000+00:00,26.436,27.418,26.912,327.0,341.0,False,80.766,"[2049, 2049, 2049, 2049, 2049, 2049]","[2049, 2048, 2048, 2048, 2049, 2049, 2049]","[2048, 2049, 2049, 2049, 2049, 2048, 2048]",351.0,31_9586
1244,9586,31,16,2024-08-31T14:44:08.219000+00:00,34.367,35.662,44.201,236.0,226.0,False,114.23,"[2048, 2048, 2048, 2048, 2048, 2048]","[2048, 2048, 2048, 2048, 2048, 2048, 2048]","[2048, 2048, 2048, 2048, 2048, 2048, 2048, 2064]",199.0,31_9586
1244,9586,43,1,2024-08-31T14:03:54.171000+00:00,,35.909,30.406,221.0,317.0,True,,"[2064, 2064, 2049, 2049, 2049, 2049]","[2049, 2049, 2049, 2049, 2049, 2049, 2049]","[2049, 2049, 2049, 2049, 2049, 2049, 2049]",190.0,43_9586
1244,9586,43,2,2024-08-31T14:06:00.640000+00:00,26.613,27.42,27.028,325.0,338.0,False,81.061,"[2049, 2049, 2049, 2049, 2049, 2049]","[2049, 2049, 2049, 2049, 2049, 2049, 2049]","[2049, 2049, 2049, 2049, 2049, 2048, 2048]",348.0,43_9586
1244,9586,43,3,2024-08-31T14:07:21.693000+00:00,30.571,35.384,36.757,263.0,285.0,False,102.712,"[2048, 2048, 2048, 2048, 2048, 2048]","[2048, 2048, 2048, 2048, 2048, 2048, 2048]","[2048, 2048, 2048, 2048, 2048, 2048, 2048, 2064]",306.0,43_9586
1244,9586,43,4,2024-08-31T14:14:03.571000+00:00,,34.844,30.358,219.0,315.0,True,408.678,"[2064, 2064, 2048, 2048, 2048, 2048]","[2048, 2048, 2048, 2048, 2048, 2048, 2048]","[2048, 2048, 2048, 2048, 2048, 2049, 2048, 2048]",124.0,43_9586
1244,9586,43,5,2024-08-31T14:15:53.095000+00:00,26.614,27.637,28.28,327.0,339.0,False,82.531,"[2048, 2048, 2048, 2048, 2049, 2049]","[2049, 2048, 2049, 2048, 2048, 2048, 2048]","[2049, 2048, 2048, 2049, 2048, 2048, 2048, 2048]",347.0,43_9586
1244,9586,43,6,2024-08-31T14:17:15.739000+00:00,47.707,30.659,37.92,254.0,314.0,False,116.286,"[None, 2048, 2048, 2048, 2048, 2048]","[2048, 2048, 2048, 2048, 2048, 2048, 2048]","[2048, 2048, 2048, 2048, 2048, 2048, 2048, 2064]",133.0,43_9586
1244,9586,44,1,2024-08-31T14:06:40.250000+00:00,,37.124,31.85,249.0,288.0,True,,"[2064, 2064, 2049, 2049, 2049, 2049]","[2049, 2049, 2049, 2049, 2049, 2049, 2049]","[2049, 2049, 2049, 2049, 2049, 2049, 2049, 2049]",223.0,44_9586
1244,9586,44,2,2024-08-31T14:08:24.708000+00:00,26.633,27.078,26.766,326.0,334.0,False,80.477,"[2049, 2049, 2049, 2049, 2049, 2049]","[2051, 2049, 2049, 2049, 2049, 2049, 2049]","[2049, 2049, 2049, 2049, 2049, 2049, 2048, 2048]",344.0,44_9586
1244,9586,44,3,2024-08-31T14:09:45.227000+00:00,45.907,38.424,45.327,201.0,250.0,False,129.658,"[2048, 2048, 2048, 2048, 2048, 2048]","[2048, 2048, 2048, 2048, 2048, 2048, 2048]","[2048, 2048, 2048, 2048, 2048, 2048, 2048, 2064]",180.0,44_9586
1244,9586,44,4,2024-08-31T14:15:19.457000+00:00,,37.151,30.316,243.0,267.0,True,315.486,"[None, 2064, 2048, 2048, 2048, 2048]","[2048, 2048, 2048, 2048, 2048, 2048, 2048]","[2048, 2048, 2048, 2048, 2048, 2048, 2048, 2049]",184.0,44_9586
1244,9586,44,5,2024-08-31T14:17:10.269000+00:00,26.883,27.065,26.594,322.0,337.0,False,80.542,"[2049, 2049, 2049, 2048, 2049, 2048]","[2048, 2049, 2049, 2049, 2048, 2048, 2049]","[2048, 2049, 2049, 2049, 2051, 2048, 2048, 2048]",346.0,44_9586
1244,9586,44,6,2024-08-31T14:18:30.884000+00:00,34.359,35.122,40.263,282.0,237.0,False,109.744,"[2048, 2048, 2048, 2048, 2048, 2048]","[2048, 2048, 2048, 2048, 2048, 2048, 2048]","[2048, 2048, 2048, 2048, 2048, 2048, 2048, 2064]",188.0,44_9586
1244,9586,44,7,2024-08-31T14:33:04.059000+00:00,,36.217,30.029,262.0,289.0,True,867.0,"[None, 2064, 2049, 2049, 2049, 2049]","[2049, 2049, 2049, 2049, 2049, 2049, 2049]","[2049, 2049, 2049, 2049, 2049, 2049, 2049]",185.0,44_9586
1244,9586,44,8,2024-08-31T14:34:47.478000+00:00,26.407,26.855,26.379,326.0,340.0,False,79.641,"[2049, 2049, 2049, 2049, 2049, 2049]","[2051, 2051, 2051, 2049, 2049, 2049, 2049]","[2051, 2049, 2051, 2051, 2051, 2048, 2048, 2048]",348.0,44_9586
1244,9586,44,9,2024-08-31T14:36:07.330000+00:00,35.28,39.479,40.255,223.0,229.0,False,115.014,"[2048, 2048, 2048, 2048, 2048, 2048]","[2048, 2048, 2048, 2048, 2048, 2048, 2048]","[2048, 2048, 2048, 2048, 2048, 2048, 2048, 2064]",222.0,44_9586
1244,9586,44,10,2024-08-31T14:41:51.399000+00:00,,38.427,32.296,227.0,264.0,True,339.179,"[None, 2064, 2048, 2048, 2048, 2048]","[2048, 2048, 2048, 2048, 2048, 2048, 2048]","[2048, 2048, 2048, 2048, 2048, 2048, 2048, 2048]",203.0,44_9586
1244,9586,44,11,2024-08-31T14:43:41.445000+00:00,26.422,26.89,26.677,324.0,338.0,False,79.989,"[2048, 2048, 2049, 2048, 2049, 2048]","[2048, 2048, 2049, 2049, 2049, 2049, 2048]","[2048, 2048, 2048, 2048, 2048, 2048, 2048, 2048]",348.0,44_9586
1244,9586,44,12,2024-08-31T14:45:01.540000+00:00,32.13,35.408,39.968,267.0,210.0,False,107.506,"[None, 2048, 2048, 2048, 2048, 2048]","[2048, 2048, 2048, 2048, 2048, 2048, 2048]","[2048, 2048, 2048, 2048, 2048, 2048, 2048, 2064]",229.0,44_9586
1244,9586,44,13,2024-08-31T14:53:37.446000+00:00,,38.875,32.901,261.0,169.0,True,517.096,"[2064, 2064, 2049, 2049, 2049, 2049]","[2049, 2049, 2049, 2049, 2049, 2049, 2049]","[2049, 2049, 2049, 2049, 2049, 2049, 2049, 2049]",214.0,44_9586
1244,9586,44,14,2024-08-31T14:55:25.996000+00:00,26.381,26.765,26.455,323.0,338.0,False,79.601,"[2049, 2049, 2049, 2049, 2049, 2049]","[2049, 2049, 2051, 2049, 2049, 2049, 2049]","[2051, 2049, 2049, 2049, 2049, 2048, 2048, 2049]",347.0,44_9586
1244,9586,44,15,2024-08-31T14:56:45.616000+00:00,33.079,35.378,38.759,271.0,233.0,False,107.216,"[2048, 2048, 2048, 2048, 2048, 2048]","[2048, 2048, 2048, 2048, 2048, 2048, 2048]","[2048, 2048, 2048, 2048, 2048, 2048, 2048, 2064]",193.0,44_9586
1244,9586,44,16,2024-08-31T15:01:54.421000+00:00,,35.424,33.673,260.0,299.0,True,305.728,"[None, 2064, 2048, 2048, 2048, 2048]","[2048, 2048, 2048, 2048, 2048, 2048, 2048]","[2048, 2048, 2048, 2048, 2048, 2049, 2049, 2049]",162.0,44_9586
1244,9586,44,17,2024-08-31T15:03:38.618000+00:00,26.428,26.672,26.413,325.0,338.0,False,79.513,"[2049, 2049, 2048, 2048, 2048, 2049]","[2049, 2048, 2049, 2049, 2049, 2049, 2049]","[2051, 2048, 2049, 2049, 2049, 2048, 2048, 2048]",348.0,44_9586
1244,9586,44,18,2024-08-31T15:04:58.201000+00:00,40.736,37.737,,190.0,303.0,False,,"[2048, 2048, 2048, 2048, 2048, 2048]","[2048, 2048, 2048, 2048, 2048, 2048, 2048]",[2048],163.0,44_9586
1244,9586,55,1,2024-08-31T14:00:55.486000+00:00,,36.762,32.39,293.0,308.0,True,,"[2064, 2064, 2049, 2049, 2049, 2049]","[2049, 2049, 2049, 2049, 2049, 2049, 2049]","[2049, 2049, 2049, 2049, 2049, 2049, 2049]",175.0,55_9586
1244,9586,55,2,2024-08-31T14:02:45.113000+00:00,26.404,29.185,27.915,327.0,305.0,False,83.504,"[2051, 2049, 2049, 2049, 2049, 2049]","[2049, 2049, 2049, 2049, 2049, 2048, 2048]","[2049, 2049, 2049, 2049, 2049, 2048, 2048, 2049]",349.0,55_9586
1244,9586,55,3,2024-08-31T14:04:08.589000+00:00,37.286,35.579,43.985,255.0,224.0,False,116.85,"[2048, 2048, 2048, 2048, 2048, 2048]","[2048, 2048, 2048, 2048, 2048, 2049, 2048]","[2048, 2048, 2048, 2048, 2048, 2048, 2048, 2064]",184.0,55_9586
1244,9586,55,4,2024-08-31T14:07:43.961000+00:00,,37.398,33.096,267.0,298.0,True,220.574,"[None, 2064, 2048, 2048, 2048, 2048]","[2048, 2048, 2048, 2048, 2048, 2048, 2048]","[2048, 2048, 2048, 2048, 2048, 2048, 2048, 2049]",71.0,55_9586
1244,9586,55,5,2024-08-31T14:09:46.059000+00:00,26.403,27.034,26.712,328.0,338.0,False,80.149,"[2051, 2049, 2048, 2049, 2048, 2051]","[2048, 2048, 2048, 2051, 2049, 2049, 2049]","[2049, 2049, 2049, 2049, 2049, 2049, 2049, 2048]",349.0,55_9586
1244,9586,55,6,2024-08-31T14:11:06.271000+00:00,38.104,35.064,42.65,248.0,260.0,False,115.818,"[2048, 2048, 2048, 2048, 2048, 2048]","[2048, 2048, 2048, 2048, 2048, 2048, 2048]","[2048, 2048, 2048, 2048, 2048, 2048, 2048, 2064]",182.0,55_9586
1244,9586,55,7,2024-08-31T14:29:10.788000+00:00,,36.538,33.589,268.0,281.0,True,1082.158,"[2064, 2064, 2049, 2049, 2049, 2049]","[2049, 2049, 2049, 2049, 2049, 2049, 2049]","[2049, 2049, 2049, 2049, 2049, 2051, 2051, 2051]",125.0,55_9586
1244,9586,55,8,2024-08-31T14:31:04.122000+00:00,26.427,27.16,26.741,327.0,337.0,False,80.328,"[2049, 2049, 2051, 2049, 2051, 2049]","[2049, 2049, 2051, 2049, 2049, 2049, 2049]","[2049, 2049, 2049, 2049, 2051, 2049, 2049, 2051]",346.0,55_9586
1244,9586,55,9,2024-08-31T14:32:24.682000+00:00,35.067,31.41,35.143,256.0,309.0,False,101.62,"[2048, 2048, 2048, 2048, 2048, 2048]","[2048, 2048, 2048, 2048, 2048, 2048, 2048]","[2048, 2048, 2048, 2048, 2048, 2048, 2048, 2064]",159.0,55_9586
1244,9586,55,10,2024-08-31T14:34:29.482000+00:00,53.879,37.801,30.466,303.0,302.0,True,122.146,"[None, 2064, 2048, 2048, 2048, 2048]","[2048, 2048, 2048, 2048, 2048, 2048, 2048]","[2048, 2048, 2048, 2048, 2048, 2048, 2048, 2049]",243.0,55_9586
1244,9586,55,11,2024-08-31T14:36:08.279000+00:00,26.348,26.942,26.509,326.0,337.0,False,79.799,"[2051, 2051, 2048, 2049, 2049, 2048]","[2049, 2049, 2049, 2049, 2049, 2049, 2049]","[2049, 2049, 2049, 2049, 2049, 2049, 2049, 2048]",348.0,55_9586
1244,9586,55,12,2024-08-31T14:37:28.133000+00:00,36.371,34.532,38.326,247.0,273.0,False,109.229,"[2048, 2048, 2048, 2048, 2048, 2048]","[2048, 2048, 2048, 2048, 2048, 2048, 2048]","[2048, 2048, 2048, 2048, 2048, 2048, 2048, 2064]",174.0,55_9586
1244,9586,55,13,2024-08-31T14:52:43.268000+00:00,,35.206,33.148,302.0,307.0,True,933.119,"[2064, 2064, 2049, 2049, 2049, 2049]","[2049, 2049, 2049, 2049, 2049, 2049, 2049]","[2049, 2049, 2049, 2049, 2049, 2049, 2049, 2049]",143.0,55_9586
1244,9586,55,14,2024-08-31T14:54:50.439000+00:00,26.258,26.934,26.509,327.0,339.0,False,79.701,"[2049, 2049, 2051, 2049, 2051, 2051]","[2049, 2049, 2049, 2049, 2049, 2049, 2049]","[2049, 2049, 2049, 2051, 2049, 2049, 2049, 2051]",349.0,55_9586
1244,9586,55,15,2024-08-31T14:56:10.123000+00:00,32.041,33.223,37.793,275.0,267.0,False,103.057,"[2048, 2048, 2048, 2048, 2048, 2048]","[2048, 2048, 2048, 2048, 2048, 2048, 2048]","[2048, 2048, 2048, 2048, 2048, 2048, 2048, 2064]",252.0,55_9586
1244,9586,55,16,2024-08-31T15:01:08.342000+00:00,,37.186,31.388,303.0,312.0,True,311.58,"[None, 2064, 2048, 2048, 2048, 2048]","[2048, 2048, 2048, 2048, 2048, 2048, 2048]","[2048, 2048, 2048, 2048, 2048, 2048, 2048, 2048]",160.0,55_9586
1244,9586,55,17,2024-08-31T15:03:04.823000+00:00,26.223,26.823,26.421,328.0,341.0,False,79.467,"[2048, 2049, 2048, 2049, 2051, 2051]","[2049, 2049, 2051, 2048, 2049, 2049, 2049]","[2049, 2049, 2049, 2051, 2049, 2049, 2049, 2048]",350.0,55_9586
1244,9586,55,18,2024-08-31T15:04:24.196000+00:00,35.167,37.082,,214.0,214.0,False,,"[None, 2048, 2048, 2048, 2048, 2048]","[2048, 2048, 2048, 2048, 2048, 2048, 2048]",[2048],241.0,55_9586
1244,9586,63,1,2024-08-31T14:06:27.015000+00:00,,37.189,34.163,245.0,311.0,True,,"[2064, 2064, 2049, 2049, 2049, 2049]","[2049, 2049, 2049, 2049, 2049, 2049, 2049]","[2049, 2049, 2049, 2049, 2049, 2049, 2049]",199.0,63_9586
1244,9586,63,2,2024-08-31T14:08:17.168000+00:00,26.615,27.078,26.627,323.0,336.0,False,80.32,"[2049, 2049, 2049, 2049, 2049, 2049]","[2049, 2049, 2049, 2049, 2049, 2049, 2049]","[2049, 2049, 2049, 2049, 2049, 2049, 2048]",345.0,63_9586
1244,9586,63,3,2024-08-31T14:09:37.516000+00:00,35.434,37.322,40.857,237.0,296.0,False,113.613,"[2048, 2048, 2048, 2048, 2048, 2048]","[2048, 2048, 2048, 2048, 2048, 2048, 2048]","[2048, 2048, 2048, 2048, 2048, 2048, 2048, 2064]",294.0,63_9586
1244,9586,63,4,2024-08-31T14:15:04.503000+00:00,,38.477,32.905,271.0,311.0,True,332.517,"[None, 2064, 2048, 2048, 2048, 2048]","[2048, 2048, 2048, 2048, 2048, 2048, 2048]","[2048, 2048, 2048, 2048, 2048, 2048, 2048, 2048]",141.0,63_9586
1244,9586,63,5,2024-08-31T14:17:03.797000+00:00,26.437,27.055,26.677,323.0,339.0,False,80.169,"[2049, 2049, 2049, 2049, 2049, 2049]","[2048, 2049, 2048, 2048, 2048, 2049, 2049]","[2049, 2048, 2048, 2049, 2048, 2048, 2048]",348.0,63_9586
1244,9586,63,6,2024-08-31T14:18:23.807000+00:00,33.104,36.903,41.779,278.0,312.0,False,111.786,"[2048, 2048, 2048, 2048, 2048, 2048]","[2048, 2048, 2048, 2048, 2048, 2048, 2048]","[2048, 2048, 2048, 2048, 2048, 2048, 2048, 2064]",278.0,63_9586
1244,9586,63,7,2024-08-31T14:32:52.708000+00:00,,34.509,34.173,295.0,275.0,True,862.558,"[None, 2064, 2049, 2049, 2049, 2049]","[2049, 2049, 2049, 2049, 2049, 2049, 2049]","[2049, 2049, 2049, 2049, 2049, 2049, 2049]",157.0,63_9586
1244,9586,63,8,2024-08-31T14:34:38.196000+00:00,26.463,26.881,26.533,325.0,337.0,False,79.877,"[2049, 2049, 2049, 2051, 2051, 2049]","[2049, 2049, 2049, 2049, 2051, 2049, 2049]","[2049, 2049, 2049, 2049, 2049, 2049, 2049, 2049]",345.0,63_9586
1244,9586,63,9,2024-08-31T14:35:58.101000+00:00,35.833,37.337,41.871,250.0,295.0,False,115.041,"[2048, 2048, 2048, 2048, 2048, 2048]","[2048, 2048, 2048, 2048, 2048, 2048, 2048]","[2048, 2048, 2048, 2048, 2048, 2048, 2048, 2064]",264.0,63_9586
1244,9586,63,10,2024-08-31T14:41:44.731000+00:00,,38.486,33.129,223.0,310.0,True,343.352,"[None, 2064, 2048, 2048, 2048, 2048]","[2048, 2048, 2048, 2048, 2048, 2048, 2048]","[2048, 2048, 2048, 2048, 2048, 2048, 2048, 2048]",169.0,63_9586
1244,9586,63,11,2024-08-31T14:43:36.541000+00:00,26.507,26.954,26.646,324.0,337.0,False,80.107,"[2048, 2049, 2049, 2048, 2048, 2048]","[2048, 2049, 2048, 2048, 2048, 2048, 2048]","[2049, 2048, 2048, 2048, 2048, 2048, 2048, 2048]",344.0,63_9586
1244,9586,63,12,2024-08-31T14:44:56.624000+00:00,31.002,33.739,38.875,287.0,287.0,False,103.616,"[None, 2048, 2048, 2048, 2048, 2048]","[2048, 2048, 2048, 2048, 2048, 2048, 2048]","[2048, 2048, 2048, 2048, 2048, 2048, 2048, 2064]",279.0,63_9586
1244,9586,63,13,2024-08-31T14:53:25.728000+00:00,,38.268,35.732,229.0,291.0,True,521.249,"[None, 2064, 2049, 2049, 2049, 2049]","[2049, 2049, 2049, 2049, 2049, 2049, 2049]","[2049, 2049, 2049, 2049, 2049, 2049, 2049, 2049]",215.0,63_9586
1244,9586,63,14,2024-08-31T14:55:21.476000+00:00,26.349,26.836,26.384,323.0,337.0,False,79.569,"[2051, 2051, 2049, 2049, 2049, 2049]","[2049, 2049, 2049, 2049, 2049, 2049, 2049]","[2049, 2049, 2049, 2049, 2049, 2049, 2048, 2048]",348.0,63_9586
1244,9586,63,15,2024-08-31T14:56:41.085000+00:00,33.02,34.483,38.236,291.0,310.0,False,105.739,"[2048, 2048, 2048, 2048, 2048, 2048]","[2048, 2048, 2048, 2048, 2048, 2048, 2048]","[2048, 2048, 2048, 2048, 2048, 2048, 2048, 2064]",219.0,63_9586
1244,9586,63,16,2024-08-31T15:01:48.570000+00:00,,35.63,37.661,273.0,266.0,True,308.045,"[None, 2064, 2048, 2048, 2048, 2048]","[2048, 2048, 2048, 2048, 2048, 2048, 2048]","[2048, 2048, 2048, 2048, 2048, 2048, 2048, 2049]",241.0,63_9586
1244,9586,63,17,2024-08-31T15:03:34.906000+00:00,26.296,26.844,26.3,324.0,337.0,False,79.44,"[2048, 2048, 2048, 2051, 2049, 2049]","[2049, 2048, 2048, 2049, 2049, 2049, 2049]","[2048, 2049, 2048, 2049, 2049, 2048, 2048, 2048]",347.0,63_9586
1244,9586,63,18,2024-08-31T15:04:54.307000+00:00,40.404,37.241,,203.0,239.0,False,,"[None, 2048, 2048, 2048, 2048, 2048]","[2048, 2048, 2048, 2048, 2048, 2048, 2048]",[2048],161.0,63_9586
1244,9586,77,1,2024-08-31T14:06:16.317000+00:00,,35.84,34.058,179.0,308.0,True,,"[2064, 2064, 2049, 2049, 2049, 2049]","[2049, 2049, 2049, 2049, 2049, 2049, 2049]","[2049, 2049, 2049, 2049, 2049, 2049, 2049, 2049]",204.0,77_9586
1244,9586,77,2,2024-08-31T14:08:02.008000+00:00,26.706,27.446,26.949,328.0,341.0,False,81.101,"[2051, 2051, 2049, 2049, 2049, 2049]","[2049, 2049, 2049, 2049, 2049, 2049, 2051]","[2049, 2049, 2049, 2051, 2049, 2049, 2049]",352.0,77_9586
1244,9586,77,3,2024-08-31T14:09:22.982000+00:00,31.064,34.0,43.181,288.0,248.0,False,108.245,"[2048, 2048, 2048, 2048, 2048, 2048]","[2048, 2048, 2048, 2048, 2048, 2048, 2048]","[2048, 2048, 2048, 2048, 2048, 2048, 2048, 2064]",225.0,77_9586
1244,9586,77,4,2024-08-31T14:14:21.089000+00:00,,34.945,30.725,301.0,313.0,True,298.365,"[None, 2064, 2048, 2048, 2048, 2048]","[2048, 2048, 2048, 2048, 2048, 2048, 2048]","[2048, 2048, 2048, 2048, 2048, 2048, 2048, 2049]",180.0,77_9586
1244,9586,77,5,2024-08-31T14:16:09.638000+00:00,26.572,27.491,29.404,328.0,342.0,False,83.467,"[2049, 2049, 2048, 2049, 2049, 2048]","[2049, 2048, 2049, 2048, 2049, 2048, 2048]","[2049, 2048, 2048, 2048, 2048, 2048, 2048, 2048]",352.0,77_9586
1244,9586,77,6,2024-08-31T14:17:33.249000+00:00,37.403,36.118,39.514,251.0,251.0,False,113.035,"[2048, 2048, 2048, 2048, 2048, 2048]","[2048, 2048, 2048, 2048, 2048, 2048, 2048]","[2048, 2048, 2048, 2048, 2048, 2048, 2048, 2064]",173.0,77_9586
1244,9586,81,1,2024-08-31T14:03:18.086000+00:00,,36.502,31.998,266.0,312.0,True,,"[2064, 2064, 2049, 2049, 2049, 2049]","[2049, 2049, 2049, 2049, 2049, 2049, 2049]","[2049, 2049, 2049, 2049, 2049, 2049, 2049]",113.0,81_9586
1244,9586,81,2,2024-08-31T14:05:20.436000+00:00,35.502,41.647,33.162,154.0,294.0,False,110.311,"[2049, 2049, 2051, 2048, 2048, 2048]","[2048, 2048, 2049, 2048, 2048, 2048, 2048]","[2048, 2049, 2048, 2048, 2048, 2048, 2048, 2048]",343.0,81_9586
1244,9586,81,3,2024-08-31T14:07:10.881000+00:00,26.735,26.969,26.784,325.0,334.0,False,80.488,"[2049, 2049, 2048, 2049, 2049, 2049]","[2051, 2049, 2049, 2051, 2049, 2049, 2049]","[2049, 2049, 2049, 2049, 2049, 2049, 2048]",345.0,81_9586
1244,9586,81,4,2024-08-31T14:08:31.288000+00:00,35.141,34.52,40.49,265.0,272.0,False,110.151,"[2048, 2048, 2048, 2048, 2048, 2048]","[2048, 2048, 2048, 2048, 2048, 2048, 2048]","[2048, 2048, 2048, 2048, 2048, 2048, 2048, 2064]",218.0,81_9586
1244,9586,81,5,2024-08-31T14:14:50.558000+00:00,,38.791,32.482,242.0,298.0,True,387.092,"[None, 2064, 2048, 2048, 2048, 2048]","[2048, 2048, 2048, 2048, 2048, 2048, 2048]","[2048, 2048, 2048, 2048, 2048, 2049, 2048, 2048]",173.0,81_9586
1244,9586,81,6,2024-08-31T14:16:48.677000+00:00,26.529,26.915,26.632,324.0,338.0,False,80.076,"[2048, 2048, 2048, 2049, 2049, 2048]","[2048, 2048, 2048, 2048, 2049, 2049, 2049]","[2049, 2048, 2049, 2049, 2049, 2048, 2048, 2048]",346.0,81_9586
1244,9586,81,7,2024-08-31T14:18:08.654000+00:00,33.981,36.853,39.379,249.0,257.0,False,110.213,"[None, 2048, 2048, 2048, 2048, 2048]","[2048, 2048, 2048, 2048, 2048, 2048, 2048]","[2048, 2048, 2048, 2048, 2048, 2048, 2048, 2064]",218.0,81_9586
1244,9586,81,8,2024-08-31T14:30:26.749000+00:00,,36.598,33.197,247.0,311.0,True,736.087,"[2064, 2064, 2049, 2049, 2049, 2049]","[2049, 2049, 2049, 2049, 2049, 2049, 2049]","[2049, 2049, 2049, 2049, 2049, 2051, 2051]",225.0,81_9586
1244,9586,81,9,2024-08-31T14:32:15.013000+00:00,26.434,26.822,26.552,325.0,337.0,False,79.808,"[2049, 2049, 2049, 2051, 2051, 2049]","[2049, 2049, 2051, 2051, 2049, 2049, 2049]","[2049, 2049, 2049, 2049, 2049, 2048, 2048, 2048]",346.0,81_9586
1244,9586,81,10,2024-08-31T14:33:34.898000+00:00,35.569,36.442,40.527,265.0,266.0,False,112.538,"[2048, 2048, 2048, 2048, 2048, 2048]","[2048, 2048, 2048, 2048, 2048, 2048, 2048]","[2048, 2048, 2048, 2048, 2048, 2048, 2048, 2064]",199.0,81_9586
1244,9586,81,11,2024-08-31T14:39:34.527000+00:00,,36.614,32.091,266.0,312.0,True,349.297,"[None, 2064, 2048, 2048, 2048, 2048]","[2048, 2048, 2048, 2048, 2048, 2048, 2048]","[2048, 2048, 2048, 2048, 2048, 2048, 2048, 2048]",258.0,81_9586
1244,9586,81,12,2024-08-31T14:41:16.597000+00:00,26.399,26.847,26.599,327.0,339.0,False,79.845,"[2048, 2049, 2049, 2048, 2049, 2049]","[2048, 2048, 2048, 2048, 2049, 2049, 2049]","[2048, 2048, 2048, 2049, 2048, 2048, 2048, 2049]",348.0,81_9586
1244,9586,81,13,2024-08-31T14:42:36.448000+00:00,38.419,36.985,38.391,141.0,279.0,False,113.795,"[None, 2048, 2048, 2048, 2048, 2048]","[2048, 2048, 2048, 2048, 2048, 2048, 2048]","[2048, 2048, 2048, 2048, 2048, 2048, 2048, 2064]",237.0,81_9586
1244,9586,81,14,2024-08-31T14:52:28.882000+00:00,,34.881,31.082,268.0,313.0,True,602.578,"[None, 2064, 2049, 2049, 2049, 2049]","[2049, 2049, 2049, 2049, 2049, 2049, 2049]","[2051, 2049, 2049, 2049, 2049, 2051, 2051, 2051]",149.0,81_9586
1244,9586,81,15,2024-08-31T14:54:32.811000+00:00,26.407,26.643,26.386,323.0,337.0,False,79.436,"[2049, 2049, 2049, 2051, 2049, 2049]","[2049, 2051, 2049, 2051, 2051, 2051, 2049]","[2049, 2049, 2049, 2049, 2051, 2049, 2049, 2049]",345.0,81_9586
1244,9586,81,16,2024-08-31T14:55:52.419000+00:00,33.304,34.94,37.428,253.0,267.0,False,105.672,"[2048, 2048, 2048, 2048, 2048, 2048]","[2048, 2048, 2048, 2048, 2048, 2048, 2048]","[2048, 2048, 2048, 2048, 2048, 2048, 2048, 2064]",236.0,81_9586
1244,9586,81,17,2024-08-31T15:01:01.489000+00:00,,35.997,30.212,279.0,313.0,True,321.707,"[None, 2064, 2048, 2048, 2048, 2048]","[2048, 2048, 2048, 2048, 2048, 2048, 2048]","[2048, 2048, 2048, 2048, 2048, 2051, 2051, 2049]",146.0,81_9586
1244,9586,81,18,2024-08-31T15:02:59.695000+00:00,26.439,26.796,26.426,324.0,338.0,False,79.661,"[2049, 2049, 2049, 2048, 2048, 2049]","[2048, 2048, 2049, 2048, 2048, 2048, 2049]","[2048, 2051, 2049, 2049, 2049, 2048, 2048, 2048]",346.0,81_9586
1244,9586,81,19,2024-08-31T15:04:19.342000+00:00,34.889,36.572,,239.0,265.0,False,,"[2048, 2048, 2048, 2048, 2048, 2048]","[2048, 2048, 2048, 2048, 2048, 2048, 2048]",[2048],207.0,81_9586
1244,9590,1,1,2024-09-01T13:03:34.412000+00:00,30.728,31.144,28.856,327.0,316.0,False,90.728,"[2048, 2049, 2049, 2049, 2049, 2049]","[2049, 2049, 2049, 2049, 2049, 2049, 2049]","[2049, 2049, 2049, 2049, 2049, 2049, 2049, 2049]",298.0,1_9590
1244,9590,1,2,2024-09-01T13:05:05.139000+00:00,28.048,29.474,28.648,315.0,334.0,False,86.17,"[2049, 2049, 2049, 2049, 2048, 2048]","[2049, 2049, 2049, 2049, 2049, 2049, 2049]","[2049, 2049, 2048, 2048, 2049, 2049, 2048, 2048]",316.0,1_9590
1244,9590,1,3,2024-09-01T13:06:31.369000+00:00,27.731,29.496,28.628,314.0,332.0,False,85.855,"[None, 2049, 2049, 2049, 2048, 2048]","[2049, 2048, 2048, 2048, 2049, 2048, 2048]","[2049, 2048, 2048, 2048, 2049, 2049, 2049, 2048]",321.0,1_9590
1244,9590,1,4,2024-09-01T13:07:57.173000+00:00,27.884,29.335,28.414,313.0,318.0,False,85.633,"[2048, 2048, 2049, 2048, 2048, 2048]","[2049, 2049, 2048, 2049, 2049, 2048, 2048]","[2048, 2049, 2048, 2048, 2049, 2049, 2048, 2048]",317.0,1_9590
1244,9590,1,5,2024-09-01T13:09:22.864000+00:00,27.721,29.22,28.277,,318.0,False,85.218,"[None, 2048, 2048, 2049, 2048, 2048]","[2049, 2048, 2048, 2049, 2049, 2048, 2048]","[2048, 2049, 2048, 2048, 2049, 2049, 2049, 2048]",,1_9590
1244,9590,1,6,2024-09-01T13:10:48.098000+00:00,27.832,29.054,28.21,,318.0,False,85.096,"[None, 2048, 2049, 2048, 2048, 2048]","[2049, 2049, 2049, 2049, 2049, 2048, 2048]","[2048, 2049, 2049, 2048, 2048, 2049, 2049, 2048]",316.0,1_9590
1244,9590,1,7,2024-09-01T13:12:13.165000+00:00,27.771,28.994,28.277,,319.0,False,85.042,"[None, 2048, 2049, 2048, 2048, 2048]","[2049, 2049, 2049, 2049, 2048, 2048, 2048]","[2048, 2048, 2049, 2048, 2048, 2048, 2048, 2048]",314.0,1_9590
1244,9590,1,8,2024-09-01T13:13:38.269000+00:00,27.712,29.036,28.17,,317.0,False,84.918,"[None, 2048, 2049, 2049, 2048, 2048]","[2048, 2048, 2048, 2049, 2049, 2048, 2048]","[2049, 2049, 2048, 2048, 2049, 2048, 2048, 2048]",319.0,1_9590
1244,9590,1,9,2024-09-01T13:15:03.184000+00:00,27.909,28.956,28.185,312.0,317.0,False,85.05,"[None, 2048, 2048, 2048, 2048, 2048]","[2049, 2048, 2049, 2048, 2048, 2048, 2048]","[2048, 2048, 2049, 2048, 2049, 2048, 2048, 2048]",315.0,1_9590
1244,9590,1,10,2024-09-01T13:16:28.212000+00:00,27.82,29.008,28.136,310.0,317.0,False,84.964,"[None, 2048, 2048, 2048, 2048, 2048]","[2048, 2048, 2048, 2049, 2048, 2048, 2048]","[2048, 2049, 2048, 2048, 2048, 2049, 2049, 2048]",318.0,1_9590
1244,9590,1,11,2024-09-01T13:17:53.172000+00:00,27.799,28.99,28.189,,315.0,False,84.978,"[None, 2048, 2048, 2049, 2048, 2048]","[2048, 2049, 2048, 2048, 2048, 2048, 2048]","[2048, 2049, 2049, 2048, 2049, 2048, 2048, 2048]",317.0,1_9590
1244,9590,1,12,2024-09-01T13:19:18.090000+00:00,27.821,28.994,28.153,312.0,316.0,False,84.968,"[None, 2048, 2048, 2048, 2048, 2048]","[2048, 2048, 2048, 2048, 2049, 2048, 2048]","[2048, 2049, 2048, 2048, 2048, 2048, 2048, 2048]",,1_9590
1244,9590,1,13,2024-09-01T13:20:43.109000+00:00,27.806,28.95,28.201,311.0,317.0,False,84.957,"[None, 2048, 2048, 2048, 2048, 2048]","[2048, 2049, 2048, 2048, 2048, 2048, 2048]","[2048, 2049, 2049, 2048, 2048, 2048, 2048, 2048]",319.0,1_9590
1244,9590,1,14,2024-09-01T13:22:08.143000+00:00,27.749,29.246,28.292,312.0,317.0,False,85.287,"[None, 2048, 2048, 2048, 2048, 2048]","[2048, 2048, 2048, 2048, 2048, 2048, 2048]","[2048, 2048, 2049, 2048, 2048, 2048, 2048, 2049]",,1_9590
1244,9590,1,15,2024-09-01T13:23:33.337000+00:00,27.726,29.288,28.732,315.0,327.0,False,85.746,"[None, 2048, 2048, 2048, 2048, 2048]","[2048, 2048, 2048, 2048, 2048, 2048, 2048]","[2048, 2048, 2048, 2049, 2048, 2048, 2048, 2048]",330.0,1_9590
1244,9590,1,16,2024-09-01T13:24:58.957000+00:00,27.735,29.177,28.332,309.0,311.0,False,85.244,"[None, 2048, 2049, 2048, 2048, 2048]","[2048, 2048, 2048, 2048, 2048, 2048, 2048]","[2048, 2048, 2048, 2048, 2048, 2048, 2048, 2048]",323.0,1_9590
1244,9590,1,17,2024-09-01T13:26:24.271000+00:00,27.864,29.212,28.264,,313.0,False,85.34,"[None, 2048, 2049, 2048, 2048, 2048]","[2048, 2048, 2049, 2048, 2048, 2048, 2048]","[2048, 2049, 2048, 2048, 2048, 2048, 2048, 2048]",315.0,1_9590
1244,9590,1,18,2024-09-01T13:27:49.680000+00:00,27.813,29.236,28.42,311.0,314.0,False,85.469,"[None, 2048, 2049, 2048, 2048, 2048]","[2049, 2048, 2048, 2048, 2048, 2048, 2048]","[2048, 2048, 2048, 2048, 2048, 2048, 2048, 2048]",317.0,1_9590
1244,9590,1,19,2024-09-01T13:29:15.265000+00:00,27.81,29.369,28.358,310.0,314.0,False,85.537,"[None, 2048, 2048, 2048, 2048, 2048]","[2048, 2048, 2048, 2048, 2048, 2048, 2048]","[2048, 2048, 2048, 2048, 2048, 2048, 2048, 2048]",318.0,1_9590
1244,9590,1,20,2024-09-01T13:30:40.703000+00:00,27.938,29.183,28.438,307.0,311.0,False,85.559,"[None, 2048, 2048, 2048, 2048, 2048]","[2048, 2048, 2048, 2048, 2048, 2048, 2048]","[2048, 2048, 2048, 2048, 2048, 2048, 2048, 2048]",314.0,1_9590
1244,9590,1,21,2024-09-01T13:32:06.313000+00:00,27.905,29.1,28.376,306.0,311.0,False,85.381,"[None, 2048, 2048, 2048, 2048, 2048]","[2048, 2048, 2048, 2048, 2048, 2048, 2048]","[2048, 2048, 2048, 2048, 2048, 2048, 2048, 2048]",315.0,1_9590
1244,9590,1,22,2024-09-01T13:33:31.606000+00:00,28.025,29.184,32.459,307.0,311.0,False,89.668,"[None, 2048, 2048, 2048, 2048, 2048]","[2048, 2048, 2048, 2048, 2048, 2048, 2048]","[2048, 2049, 2048, 2048, 2048, 2048, 2048, 2064]",,1_9590
1244,9590,1,23,2024-09-01T13:35:01.307000+00:00,51.273,28.653,27.913,311.0,315.0,True,107.839,"[2064, 2064, 2048, 2049, 2048, 2048]","[2048, 2049, 2049, 2049, 2049, 2049, 2048]","[2048, 2048, 2049, 2048, 2049, 2049, 2049, 2048]",282.0,1_9590
1244,9590,1,24,2024-09-01T13:36:49.216000+00:00,27.251,28.532,27.762,312.0,313.0,False,83.545,"[2048, 2048, 2048, 2049, 2051, 2048]","[2048, 2049, 2048, 2051, 2049, 2048, 2048]","[2049, 2049, 2048, 2048, 2049, 2049, 2048, 2048]",329.0,1_9590
1244,9590,1,25,2024-09-01T13:38:12.597000+00:00,27.63,28.498,27.673,306.0,312.0,False,83.801,"[None, 2048, 2048, 2049, 2048, 2048]","[2048, 2049, 2048, 2049, 2049, 2048, 2048]","[2049, 2049, 2049, 2048, 2048, 2049, 2048, 2048]",317.0,1_9590
1244,9590,1,26,2024-09-01T13:39:36.462000+00:00,27.535,28.475,27.608,307.0,312.0,False,83.618,"[None, 2048, 2048, 2051, 2048, 2048]","[2048, 2048, 2048, 2049, 2049, 2048, 2048]","[2048, 2048, 2049, 2048, 2049, 2049, 2048, 2048]",316.0,1_9590
1244,9590,1,27,2024-09-01T13:41:00.050000+00:00,27.544,28.388,27.592,,314.0,False,83.524,"[None, 2048, 2048, 2048, 2048, 2048]","[2049, 2051, 2048, 2048, 2048, 2048, 2048]","[2048, 2048, 2049, 2048, 2049, 2049, 2048, 2049]",317.0,1_9590
1244,9590,1,28,2024-09-01T13:42:23.660000+00:00,27.624,28.316,27.569,309.0,314.0,False,83.509,"[None, 2048, 2048, 2048, 2048, 2048]","[2049, 2048, 2048, 2049, 2048, 2048, 2048]","[2048, 2048, 2049, 2048, 2048, 2049, 2048, 2049]",,1_9590
1244,9590,1,29,2024-09-01T13:43:47.246000+00:00,27.534,28.472,27.446,,312.0,False,83.452,"[None, 2048, 2048, 2048, 2048, 2048]","[2048, 2048, 2048, 2048, 2048, 2048, 2048]","[2048, 2049, 2049, 2048, 2051, 2049, 2048, 2049]",,1_9590
1244,9590,1,30,2024-09-01T13:45:10.644000+00:00,27.549,28.392,27.601,,313.0,False,83.542,"[None, 2048, 2048, 2048, 2048, 2048]","[2048, 2048, 2048, 2048, 2049, 2049, 2048]","[2048, 2048, 2048, 2048, 2048, 2048, 2048, 2049]",318.0,1_9590
1244,9590,1,31,2024-09-01T13:46:34.069000+00:00,27.494,28.388,27.542,308.0,313.0,False,83.424,"[None, 2048, 2049, 2048, 2048, 2048]","[2048, 2048, 2048, 2048, 2049, 2049, 2048]","[2049, 2048, 2048, 2048, 2048, 2048, 2048, 2048]",,1_9590
1244,9590,1,32,2024-09-01T13:47:57.609000+00:00,27.48,28.364,27.646,309.0,314.0,False,83.49,"[None, 2048, 2048, 2048, 2048, 2048]","[2049, 2048, 2048, 2048, 2048, 2048, 2048]","[2048, 2048, 2048, 2048, 2048, 2048, 2048, 2048]",,1_9590
1244,9590,1,33,2024-09-01T13:49:20.980000+00:00,27.49,28.59,27.541,,313.0,False,83.621,"[None, 2048, 2048, 2048, 2048, 2048]","[2048, 2048, 2048, 2048, 2048, 2048, 2048]","[2049, 2048, 2049, 2048, 2048, 2048, 2048]",,1_9590
1244,9590,1,34,2024-09-01T13:50:44.574000+00:00,27.573,28.473,27.53,310.0,316.0,False,83.576,"[None, 2048, 2048, 2048, 2048, 2048]","[2048, 2048, 2048, 2048, 2048, 2048, 2048]","[2048, 2048, 2049, 2048, 2048, 2048, 2049, 2049]",,1_9590
1244,9590,1,35,2024-09-01T13:52:08.180000+00:00,27.47,28.491,27.628,311.0,316.0,False,83.589,"[None, 2048, 2048, 2048, 2048, 2048]","[2048, 2048, 2048, 2048, 2048, 2048, 2048]","[2048, 2048, 2048, 2048, 2048, 2048, 2048, 2048]",322.0,1_9590
1244,9590,1,36,2024-09-01T13:53:31.892000+00:00,27.442,28.466,27.651,,316.0,False,83.559,"[None, 2048, 2048, 2048, 2048, 2048]","[2048, 2048, 2048, 2048, 2048, 2048, 2048]","[2048, 2048, 2048, 2048, 2048, 2048, 2048, 2048]",321.0,1_9590
1244,9590,1,37,2024-09-01T13:54:55.428000+00:00,27.43,28.508,27.547,310.0,316.0,False,83.485,"[None, 2048, 2048, 2048, 2048, 2048]","[2048, 2048, 2048, 2048, 2048, 2049, 2048]","[2049, 2048, 2048, 2048, 2048, 2048, 2049, 2048]",323.0,1_9590
1244,9590,1,38,2024-09-01T13:56:18.830000+00:00,27.5,28.381,27.546,309.0,313.0,False,83.427,"[None, 2048, 2048, 2048, 2048, 2048]","[2048, 2048, 2049, 2048, 2048, 2048, 2048]","[2048, 2048, 2048, 2048, 2048, 2048, 2048, 2048]",322.0,1_9590
1244,9590,1,39,2024-09-01T13:57:42.253000+00:00,27.433,28.441,27.627,313.0,317.0,False,83.501,"[None, 2048, 2049, 2048, 2048, 2048]","[2048, 2048, 2049, 2048, 2048, 2049, 2048]","[2048, 2048, 2048, 2048, 2048, 2048, 2048, 2048]",318.0,1_9590
1244,9590,1,40,2024-09-01T13:59:05.849000+00:00,27.654,28.924,27.759,310.0,313.0,False,84.337,"[None, 2048, 2048, 2048, 2048, 2048]","[2048, 2048, 2048, 2048, 2048, 2049, 2048]","[2048, 2048, 2048, 2048, 2048, 2048, 2048, 2048]",337.0,1_9590
1244,9590,1,41,2024-09-01T14:00:30.162000+00:00,27.581,28.766,32.391,311.0,323.0,False,88.738,"[None, 2048, 2048, 2048, 2048, 2048]","[2048, 2048, 2048, 2048, 2048, 2049, 2048]","[2048, 2048, 2048, 2048, 2048, 2048, 2048, 2064]",338.0,1_9590
1244,9590,1,42,2024-09-01T14:01:58.897000+00:00,47.115,29.109,27.866,306.0,306.0,True,104.09,"[2064, 2064, 2048, 2049, 2048, 2048]","[2048, 2048, 2048, 2048, 2048, 2048, 2048]","[2048, 2048, 2048, 2048, 2051, 2049, 2049, 2048]",285.0,1_9590
1244,9590,1,43,2024-09-01T14:03:42.939000+00:00,26.877,27.614,27.254,318.0,322.0,False,81.745,"[2048, 2048, 2049, 2051, 2048, 2048]","[2051, 2049, 2049, 2051, 2051, 2048, 2048]","[2049, 2051, 2048, 2048, 2051, 2048, 2048]",330.0,1_9590
1244,9590,1,44,2024-09-01T14:05:04.777000+00:00,27.541,28.129,27.375,305.0,311.0,False,83.045,"[None, 2048, 2048, 2048, 2048, 2048]","[2048, 2048, 2048, 2048, 2048, 2048, 2048]","[2048, 2048, 2048, 2048, 2049, 2048, 2048, 2048]",312.0,1_9590
1244,9590,1,45,2024-09-01T14:06:27.785000+00:00,27.387,28.389,27.587,306.0,310.0,False,83.363,"[None, 2048, 2048, 2048, 2048, 2048]","[2048, 2048, 2048, 2048, 2048, 2048, 2048]","[2048, 2048, 2048, 2048, 2048, 2048, 2048, 2048]",315.0,1_9590
1244,9590,1,46,2024-09-01T14:07:51.140000+00:00,27.42,28.126,27.395,308.0,312.0,False,82.941,"[None, 2048, 2048, 2048, 2048, 2048]","[2048, 2048, 2048, 2048, 2048, 2048, 2048]","[2048, 2048, 2048, 2048, 2048, 2048, 2048, 2048]",,1_9590
1244,9590,1,47,2024-09-01T14:09:14.024000+00:00,27.372,27.933,27.215,,314.0,False,82.52,"[None, 2048, 2048, 2048, 2048, 2048]","[2048, 2049, 2048, 2048, 2048, 2048, 2048]","[2048, 2048, 2048, 2048, 2051, 2048, 2049, 2049]",316.0,1_9590
1244,9590,1,48,2024-09-01T14:10:36.579000+00:00,27.332,28.011,27.227,307.0,313.0,False,82.57,"[None, 2048, 2048, 2048, 2048, 2048]","[2048, 2048, 2048, 2048, 2048, 2048, 2048]","[2048, 2048, 2048, 2048, 2048, 2048, 2049, 2049]",317.0,1_9590
1244,9590,1,49,2024-09-01T14:11:59.108000+00:00,27.341,27.98,27.263,308.0,313.0,False,82.584,"[None, 2048, 2048, 2048, 2048, 2048]","[2048, 2048, 2048, 2048, 2048, 2048, 2048]","[2048, 2048, 2049, 2048, 2048, 2048, 2049, 2049]",318.0,1_9590
1244,9590,1,50,2024-09-01T14:13:21.808000+00:00,27.313,28.095,27.177,309.0,315.0,False,82.585,"[None, 2048, 2048, 2048, 2048, 2048]","[2048, 2048, 2048, 2048, 2048, 2048, 2048]","[2048, 2051, 2048, 2048, 2048, 2048, 2049, 2049]",,1_9590
1244,9590,1,51,2024-09-01T14:14:44.417000+00:00,27.291,28.043,27.24,310.0,316.0,False,82.574,"[None, 2048, 2048, 2048, 2048, 2048]","[2048, 2048, 2048, 2048, 2048, 2048, 2048]","[2048, 2048, 2049, 2048, 2048, 2048, 2048, 2049]",,1_9590
1244,9590,1,52,2024-09-01T14:16:06.854000+00:00,27.286,28.412,27.222,,316.0,False,82.92,"[None, 2048, 2048, 2048, 2048, 2048]","[2048, 2048, 2048, 2048, 2048, 2048, 2048]","[2048, 2048, 2049, 2048, 2048, 2048, 2048, 2049]",319.0,1_9590
1244,9590,1,53,2024-09-01T14:17:29.870000+00:00,27.394,28.522,27.795,311.0,322.0,False,83.711,"[None, 2048, 2048, 2048, 2048, 2048]","[2048, 2048, 2048, 2048, 2048, 2048, 2048]","[2048, 2048, 2048, 2048, 2048, 2048, 2048, 2048]",,1_9590
1244,9590,3,1,2024-09-01T13:03:34.412000+00:00,31.799,32.159,29.497,334.0,327.0,False,93.455,"[2048, 2049, 2049, 2049, 2049, 2049]","[2049, 2049, 2049, 2049, 2049, 2049, 2049]","[2049, 2049, 2049, 2049, 2049, 2049, 2049, 2049]",290.0,3_9590
1244,9590,3,2,2024-09-01T13:05:07.866000+00:00,27.871,30.129,29.177,316.0,333.0,False,87.177,"[2049, 2049, 2049, 2049, 2048, 2048]","[2049, 2049, 2049, 2049, 2049, 2049, 2049]","[2049, 2049, 2049, 2049, 2049, 2048, 2048, 2048]",313.0,3_9590
1244,9590,3,3,2024-09-01T13:06:35.078000+00:00,27.948,29.629,29.011,317.0,327.0,False,86.588,"[None, 2049, 2048, 2048, 2048, 2048]","[2049, 2049, 2049, 2049, 2049, 2048, 2048]","[2049, 2048, 2048, 2049, 2049, 2049, 2049, 2048]",326.0,3_9590
1244,9590,3,4,2024-09-01T13:08:01.737000+00:00,27.785,29.623,29.08,,330.0,False,86.488,"[2048, 2048, 2049, 2048, 2048, 2048]","[2049, 2048, 2049, 2049, 2048, 2048, 2048]","[2049, 2048, 2048, 2049, 2048, 2048, 2048, 2048]",315.0,3_9590
1244,9590,3,5,2024-09-01T13:09:28.228000+00:00,27.781,29.441,29.029,315.0,335.0,False,86.251,"[None, 2048, 2048, 2048, 2048, 2048]","[2049, 2049, 2049, 2049, 2049, 2048, 2048]","[2049, 2049, 2048, 2048, 2048, 2048, 2048, 2048]",324.0,3_9590
1244,9590,3,6,2024-09-01T13:10:54.410000+00:00,27.725,29.48,28.694,313.0,325.0,False,85.899,"[None, 2048, 2048, 2049, 2048, 2048]","[2049, 2049, 2048, 2048, 2049, 2048, 2048]","[2049, 2049, 2048, 2049, 2049, 2048, 2048, 2048]",321.0,3_9590
1244,9590,3,7,2024-09-01T13:12:20.437000+00:00,27.574,29.272,28.867,317.0,337.0,False,85.713,"[None, 2049, 2048, 2048, 2048, 2048]","[2048, 2049, 2049, 2049, 2048, 2048, 2048]","[2049, 2048, 2048, 2049, 2048, 2048, 2048, 2048]",337.0,3_9590
1244,9590,3,8,2024-09-01T13:13:46.018000+00:00,27.754,29.407,28.832,315.0,336.0,False,85.993,"[None, 2048, 2048, 2048, 2048, 2048]","[2048, 2048, 2048, 2048, 2048, 2049, 2048]","[2048, 2048, 2048, 2049, 2048, 2048, 2048, 2048]",331.0,3_9590
1244,9590,3,9,2024-09-01T13:15:12.070000+00:00,27.645,29.238,28.932,314.0,334.0,False,85.815,"[None, 2048, 2049, 2049, 2048, 2048]","[2048, 2049, 2049, 2048, 2048, 2049, 2048]","[2049, 2048, 2048, 2048, 2048, 2048, 2048, 2048]",329.0,3_9590
1244,9590,3,10,2024-09-01T13:16:37.822000+00:00,27.654,29.634,28.823,308.0,334.0,False,86.111,"[None, 2048, 2051, 2048, 2048, 2048]","[2048, 2048, 2048, 2048, 2048, 2048, 2048]","[2048, 2048, 2048, 2048, 2048, 2048, 2048, 2048]",340.0,3_9590
1244,9590,3,11,2024-09-01T13:18:04.012000+00:00,28.537,29.822,33.603,321.0,334.0,False,91.962,"[None, 2048, 2048, 2048, 2048, 2048]","[2048, 2048, 2048, 2048, 2048, 2048, 2048]","[2048, 2048, 2048, 2048, 2048, 2048, 2048, 2064]",,3_9590
1244,9590,3,12,2024-09-01T13:19:35.934000+00:00,53.859,29.514,28.815,310.0,316.0,True,112.188,"[2064, 2064, 2048, 2048, 2048, 2048]","[2048, 2048, 2048, 2049, 2048, 2048, 2048]","[2048, 2048, 2048, 2048, 2049, 2049, 2049, 2048]",283.0,3_9590
1244,9590,3,13,2024-09-01T13:21:28.197000+00:00,27.957,29.332,28.833,311.0,316.0,False,86.122,"[2048, 2048, 2048, 2049, 2048, 2048]","[2049, 2049, 2048, 2048, 2048, 2048, 2048]","[2048, 2048, 2048, 2048, 2048, 2048, 2048, 2048]",312.0,3_9590
1244,9590,3,14,2024-09-01T13:22:54.296000+00:00,27.74,29.295,28.792,314.0,318.0,False,85.827,"[None, 2048, 2048, 2048, 2048, 2048]","[2049, 2048, 2048, 2049, 2049, 2048, 2048]","[2048, 2048, 2048, 2048, 2048, 2048, 2048, 2048]",314.0,3_9590
1244,9590,3,15,2024-09-01T13:24:20.134000+00:00,27.778,29.198,28.596,313.0,318.0,False,85.572,"[None, 2048, 2048, 2049, 2048, 2048]","[2048, 2049, 2049, 2049, 2048, 2048, 2048]","[2048, 2048, 2048, 2048, 2049, 2048, 2048, 2048]",313.0,3_9590
1244,9590,3,16,2024-09-01T13:25:45.685000+00:00,27.642,29.13,28.626,314.0,317.0,False,85.398,"[None, 2048, 2048, 2048, 2048, 2048]","[2048, 2049, 2049, 2049, 2048, 2048, 2048]","[2048, 2049, 2048, 2048, 2048, 2049, 2048]",316.0,3_9590
1244,9590,3,17,2024-09-01T13:27:11.041000+00:00,27.631,28.931,28.466,,318.0,False,85.028,"[None, 2048, 2048, 2049, 2048, 2048]","[2048, 2049, 2048, 2049, 2049, 2048, 2048]","[2048, 2049, 2049, 2048, 2049, 2049, 2049]",317.0,3_9590
1244,9590,3,18,2024-09-01T13:28:36.057000+00:00,27.583,29.066,28.413,,320.0,False,85.062,"[None, 2048, 2048, 2048, 2048, 2048]","[2048, 2048, 2048, 2048, 2048, 2048, 2048]","[2048, 2048, 2048, 2048, 2049, 2049, 2049, 2048]",318.0,3_9590
1244,9590,3,19,2024-09-01T13:30:01.164000+00:00,27.628,28.841,28.428,,318.0,False,84.897,"[None, 2048, 2048, 2048, 2048, 2048]","[2048, 2049, 2049, 2048, 2049, 2048, 2048]","[2048, 2049, 2048, 2048, 2048, 2048, 2048, 2048]",316.0,3_9590
1244,9590,3,20,2024-09-01T13:31:25.976000+00:00,27.521,28.905,28.327,315.0,320.0,False,84.753,"[None, 2048, 2048, 2049, 2048, 2048]","[2048, 2048, 2049, 2049, 2048, 2048, 2048]","[2048, 2049, 2049, 2048, 2048, 2049, 2049]",321.0,3_9590
1244,9590,3,21,2024-09-01T13:32:50.700000+00:00,27.635,28.913,28.443,314.0,320.0,False,84.991,"[None, 2048, 2048, 2048, 2048, 2048]","[2048, 2048, 2048, 2048, 2048, 2048, 2048]","[2048, 2048, 2048, 2048, 2048, 2048, 2048, 2048]",318.0,3_9590
1244,9590,3,22,2024-09-01T13:34:15.776000+00:00,27.587,29.013,28.48,316.0,320.0,False,85.08,"[None, 2048, 2048, 2048, 2048, 2048]","[2048, 2048, 2048, 2048, 2048, 2048, 2048]","[2048, 2048, 2048, 2048, 2048, 2048, 2048, 2049]",320.0,3_9590
1244,9590,3,23,2024-09-01T13:35:40.908000+00:00,27.556,28.924,28.368,,319.0,False,84.848,"[None, 2048, 2048, 2048, 2048, 2048]","[2048, 2048, 2048, 2049, 2048, 2048, 2048]","[2049, 2048, 2049, 2048, 2048, 2048, 2048, 2048]",321.0,3_9590
1244,9590,3,24,2024-09-01T13:37:05.653000+00:00,27.554,28.85,28.527,315.0,320.0,False,84.931,"[None, 2048, 2048, 2048, 2048, 2048]","[2048, 2048, 2048, 2048, 2049, 2048, 2048]","[2048, 2048, 2049, 2048, 2048, 2048, 2048, 2048]",317.0,3_9590
1244,9590,3,25,2024-09-01T13:38:30.653000+00:00,27.57,29.013,28.464,,321.0,False,85.047,"[None, 2048, 2048, 2048, 2048, 2048]","[2048, 2048, 2048, 2048, 2048, 2048, 2048]","[2048, 2048, 2049, 2048, 2048, 2048, 2048, 2048]",320.0,3_9590
1244,9590,3,26,2024-09-01T13:39:55.761000+00:00,27.615,28.879,28.412,,335.0,False,84.906,"[None, 2048, 2048, 2048, 2048, 2048]","[2048, 2048, 2048, 2048, 2048, 2049, 2048]","[2048, 2048, 2049, 2048, 2048, 2048, 2049, 2049]",,3_9590
1244,9590,3,27,2024-09-01T13:41:20.603000+00:00,27.693,29.487,28.415,332.0,322.0,False,85.595,"[2049, 2049, 2048, 2048, 2049, 2049]","[2048, 2048, 2048, 2048, 2048, 2048, 2048]","[2048, 2048, 2048, 2048, 2048, 2048, 2048]",355.0,3_9590
1244,9590,3,28,2024-09-01T13:42:46.128000+00:00,27.54,29.361,28.479,321.0,333.0,False,85.38,"[2048, 2048, 2048, 2048, 2048, 2048]","[2048, 2048, 2048, 2048, 2048, 2048, 2048]","[2048, 2048, 2049, 2048, 2048, 2048, 2048, 2049]",334.0,3_9590
1244,9590,3,29,2024-09-01T13:44:11.586000+00:00,27.375,29.007,28.453,314.0,319.0,False,84.835,"[2049, 2048, 2048, 2048, 2048, 2048]","[2048, 2048, 2048, 2048, 2048, 2048, 2048]","[2048, 2048, 2048, 2048, 2048, 2048, 2048, 2048]",346.0,3_9590
1244,9590,3,30,2024-09-01T13:45:36.353000+00:00,27.629,28.907,28.434,,318.0,False,84.97,"[2048, 2048, 2048, 2048, 2048, 2048]","[2048, 2048, 2048, 2048, 2048, 2048, 2048]","[2048, 2048, 2048, 2048, 2048, 2048, 2048, 2048]",317.0,3_9590
1244,9590,3,31,2024-09-01T13:47:01.408000+00:00,27.583,28.877,28.415,315.0,322.0,False,84.875,"[None, 2048, 2048, 2048, 2048, 2048]","[2048, 2048, 2048, 2049, 2048, 2048, 2048]","[2049, 2048, 2048, 2048, 2048, 2048, 2048, 2048]",316.0,3_9590
1244,9590,3,32,2024-09-01T13:48:26.206000+00:00,27.54,28.781,28.369,,321.0,False,84.69,"[None, 2048, 2048, 2048, 2048, 2048]","[2049, 2048, 2048, 2049, 2048, 2048, 2048]","[2049, 2048, 2048, 2048, 2048, 2048, 2048, 2048]",320.0,3_9590
1244,9590,3,33,2024-09-01T13:49:50.949000+00:00,27.589,28.815,28.258,,319.0,False,84.662,"[None, 2048, 2048, 2048, 2048, 2048]","[2048, 2048, 2048, 2048, 2048, 2048, 2048]","[2048, 2049, 2048, 2048, 2049, 2048, 2048, 2048]",318.0,3_9590
1244,9590,3,34,2024-09-01T13:51:15.627000+00:00,27.638,28.785,28.354,316.0,320.0,False,84.777,"[None, 2048, 2048, 2048, 2048, 2048]","[2048, 2048, 2048, 2048, 2049, 2048, 2048]","[2049, 2048, 2048, 2048, 2048, 2048, 2048, 2048]",317.0,3_9590
1244,9590,3,35,2024-09-01T13:52:40.363000+00:00,28.023,29.174,28.391,320.0,322.0,False,85.588,"[None, 2048, 2048, 2048, 2048, 2048]","[2048, 2048, 2048, 2048, 2048, 2048, 2048]","[2048, 2049, 2048, 2048, 2048, 2048, 2048, 2048]",303.0,3_9590
1244,9590,3,36,2024-09-01T13:54:05.949000+00:00,27.595,29.126,28.36,317.0,320.0,False,85.081,"[None, 2048, 2048, 2048, 2048, 2048]","[2048, 2048, 2048, 2048, 2048, 2048, 2048]","[2048, 2048, 2048, 2048, 2048, 2048, 2048, 2048]",320.0,3_9590
1244,9590,3,37,2024-09-01T13:55:31.052000+00:00,27.58,29.089,28.426,318.0,321.0,False,85.095,"[None, 2048, 2048, 2048, 2048, 2048]","[2048, 2048, 2048, 2048, 2048, 2048, 2048]","[2048, 2049, 2048, 2048, 2048, 2048, 2048, 2048]",319.0,3_9590
1244,9590,3,38,2024-09-01T13:56:56.138000+00:00,27.655,29.18,28.453,316.0,321.0,False,85.288,"[None, 2048, 2048, 2048, 2048, 2048]","[2048, 2048, 2048, 2048, 2048, 2048, 2048]","[2048, 2048, 2048, 2048, 2048, 2048, 2048, 2048]",318.0,3_9590
1244,9590,3,39,2024-09-01T13:58:21.479000+00:00,27.551,29.12,28.362,317.0,320.0,False,85.033,"[None, 2048, 2048, 2048, 2048, 2048]","[2048, 2048, 2049, 2048, 2048, 2048, 2048]","[2048, 2049, 2048, 2048, 2048, 2048, 2048, 2048]",319.0,3_9590
1244,9590,3,40,2024-09-01T13:59:46.516000+00:00,27.587,29.002,28.436,315.0,320.0,False,85.025,"[None, 2048, 2048, 2048, 2048, 2048]","[2049, 2048, 2048, 2048, 2048, 2048, 2048]","[2048, 2048, 2048, 2048, 2048, 2048, 2048, 2048]",323.0,3_9590
1244,9590,3,41,2024-09-01T14:01:11.563000+00:00,27.613,28.975,28.357,316.0,320.0,False,84.945,"[None, 2048, 2048, 2048, 2048, 2048]","[2048, 2048, 2048, 2048, 2048, 2048, 2048]","[2048, 2048, 2048, 2048, 2048, 2048, 2048, 2048]",,3_9590
1244,9590,3,42,2024-09-01T14:02:36.517000+00:00,27.539,29.029,28.386,,321.0,False,84.954,"[None, 2048, 2048, 2048, 2048, 2048]","[2048, 2048, 2048, 2048, 2048, 2048, 2048]","[2048, 2048, 2048, 2048, 2048, 2048, 2048, 2048]",322.0,3_9590
1244,9590,3,43,2024-09-01T14:04:01.463000+00:00,27.704,29.078,28.397,317.0,321.0,False,85.179,"[None, 2048, 2048, 2048, 2048, 2048]","[2048, 2048, 2048, 2048, 2048, 2048, 2048]","[2048, 2048, 2048, 2048, 2048, 2048, 2048, 2048]",321.0,3_9590
1244,9590,3,44,2024-09-01T14:05:26.650000+00:00,27.463,28.976,28.337,316.0,321.0,False,84.776,"[None, 2048, 2048, 2048, 2048, 2048]","[2049, 2048, 2048, 2048, 2048, 2048, 2048]","[2049, 2048, 2048, 2048, 2048, 2048, 2048, 2048]",322.0,3_9590
1244,9590,3,45,2024-09-01T14:06:51.288000+00:00,27.577,28.935,28.551,,320.0,False,85.063,"[None, 2048, 2048, 2048, 2048, 2048]","[2048, 2048, 2048, 2048, 2048, 2048, 2048]","[2048, 2049, 2048, 2048, 2048, 2048, 2048, 2048]",320.0,3_9590
1244,9590,3,46,2024-09-01T14:08:16.449000+00:00,28.125,29.102,28.458,319.0,320.0,False,85.685,"[None, 2048, 2048, 2048, 2048, 2048]","[2048, 2048, 2049, 2048, 2048, 2048, 2048]","[2048, 2048, 2049, 2048, 2048, 2048, 2048, 2048]",302.0,3_9590
1244,9590,3,47,2024-09-01T14:09:42.119000+00:00,27.512,28.981,28.282,,325.0,False,84.775,"[None, 2048, 2048, 2048, 2048, 2048]","[2048, 2048, 2048, 2048, 2048, 2048, 2048]","[2048, 2048, 2048, 2048, 2048, 2048, 2048, 2048]",325.0,3_9590
1244,9590,3,48,2024-09-01T14:11:06.955000+00:00,27.591,28.827,28.1,321.0,323.0,False,84.518,"[None, 2048, 2048, 2048, 2048, 2048]","[2048, 2048, 2049, 2048, 2048, 2048, 2048]","[2048, 2048, 2048, 2048, 2048, 2048, 2048, 2048]",,3_9590
1244,9590,3,49,2024-09-01T14:12:31.517000+00:00,27.568,28.837,28.212,317.0,319.0,False,84.617,"[None, 2048, 2048, 2048, 2048, 2048]","[2048, 2048, 2048, 2048, 2049, 2048, 2048]","[2048, 2048, 2048, 2048, 2048, 2048, 2048, 2048]",322.0,3_9590
1244,9590,3,50,2024-09-01T14:13:56.060000+00:00,27.638,28.938,28.241,318.0,320.0,False,84.817,"[None, 2048, 2048, 2048, 2048, 2048]","[2048, 2048, 2048, 2048, 2048, 2048, 2048]","[2048, 2048, 2048, 2048, 2048, 2048, 2048, 2048]",321.0,3_9590
1244,9590,3,51,2024-09-01T14:15:20.835000+00:00,27.634,28.818,28.187,316.0,319.0,False,84.639,"[None, 2048, 2048, 2048, 2048, 2048]","[2048, 2048, 2048, 2048, 2048, 2048, 2048]","[2048, 2048, 2048, 2048, 2048, 2048, 2048, 2048]",320.0,3_9590
1244,9590,3,52,2024-09-01T14:16:45.508000+00:00,27.477,28.673,28.069,317.0,320.0,False,84.219,"[None, 2048, 2048, 2048, 2048, 2048]","[2048, 2048, 2048, 2048, 2049, 2048, 2048]","[2048, 2049, 2048, 2048, 2049, 2048, 2048, 2048]",322.0,3_9590
1244,9590,3,53,2024-09-01T14:18:09.636000+00:00,27.486,28.661,28.2,316.0,320.0,False,84.347,"[None, 2048, 2048, 2048, 2048, 2048]","[2048, 2048, 2048, 2048, 2048, 2048, 2048]","[2048, 2048, 2048, 2048, 2048, 2048, 2048, 2048]",321.0,3_9590
1244,9590,4,1,2024-09-01T13:03:34.412000+00:00,29.753,31.051,28.624,319.0,312.0,False,89.428,"[2048, 2049, 2049, 2051, 2049, 2049]","[2049, 2049, 2049, 2049, 2049, 2049, 2049]","[2049, 2049, 2049, 2049, 2049, 2049, 2051, 2051]",285.0,4_9590
1244,9590,4,2,2024-09-01T13:05:03.839000+00:00,27.676,29.408,28.374,309.0,332.0,False,85.458,"[2049, 2049, 2048, 2049, 2049, 2048]","[2048, 2049, 2049, 2049, 2049, 2049, 2049]","[2049, 2049, 2049, 2049, 2048, 2049, 2049, 2049]",339.0,4_9590
1244,9590,4,3,2024-09-01T13:06:29.367000+00:00,27.513,29.381,28.216,313.0,323.0,False,85.11,"[None, 2049, 2048, 2049, 2049, 2049]","[2048, 2049, 2049, 2049, 2049, 2048, 2048]","[2049, 2049, 2049, 2049, 2049, 2049, 2049]",327.0,4_9590
1244,9590,4,4,2024-09-01T13:07:54.358000+00:00,27.638,29.468,28.062,312.0,315.0,False,85.168,"[2048, 2048, 2048, 2048, 2048, 2048]","[2048, 2049, 2048, 2049, 2048, 2048, 2048]","[2048, 2049, 2048, 2048, 2049, 2049, 2049, 2048]",323.0,4_9590
1244,9590,4,5,2024-09-01T13:09:19.595000+00:00,27.524,29.143,28.007,314.0,317.0,False,84.674,"[None, 2048, 2048, 2049, 2048, 2049]","[2048, 2049, 2049, 2049, 2048, 2048, 2048]","[2049, 2048, 2048, 2048, 2048, 2048, 2049, 2048]",322.0,4_9590
1244,9590,4,6,2024-09-01T13:10:44.288000+00:00,27.75,29.004,28.014,,320.0,False,84.768,"[None, 2048, 2048, 2048, 2048, 2049]","[2048, 2049, 2049, 2049, 2048, 2048, 2048]","[2048, 2048, 2049, 2049, 2048, 2048, 2049, 2048]",319.0,4_9590
1244,9590,4,7,2024-09-01T13:12:09.003000+00:00,27.587,28.963,27.981,,320.0,False,84.531,"[None, 2048, 2048, 2048, 2048, 2048]","[2048, 2048, 2048, 2048, 2049, 2048, 2048]","[2049, 2049, 2049, 2048, 2048, 2048, 2048, 2048]",323.0,4_9590
1244,9590,4,8,2024-09-01T13:13:33.583000+00:00,27.651,28.986,28.037,313.0,318.0,False,84.674,"[None, 2048, 2048, 2048, 2048, 2048]","[2048, 2048, 2048, 2048, 2049, 2048, 2048]","[2048, 2049, 2048, 2048, 2048, 2048, 2048, 2048]",322.0,4_9590
1244,9590,4,9,2024-09-01T13:14:58.242000+00:00,27.658,28.998,28.008,312.0,317.0,False,84.664,"[None, 2048, 2048, 2048, 2048, 2048]","[2048, 2048, 2049, 2049, 2048, 2048, 2048]","[2049, 2048, 2049, 2048, 2048, 2048, 2048, 2048]",327.0,4_9590
1244,9590,4,10,2024-09-01T13:16:22.886000+00:00,27.54,28.898,27.953,311.0,318.0,False,84.391,"[None, 2048, 2049, 2048, 2048, 2048]","[2048, 2048, 2049, 2049, 2048, 2048, 2048]","[2048, 2048, 2048, 2048, 2048, 2048, 2049, 2048]",325.0,4_9590
1244,9590,4,11,2024-09-01T13:17:47.266000+00:00,27.574,28.908,27.966,314.0,317.0,False,84.448,"[None, 2048, 2048, 2048, 2048, 2048]","[2048, 2048, 2049, 2049, 2048, 2048, 2048]","[2049, 2049, 2049, 2048, 2048, 2048, 2048, 2048]",326.0,4_9590
1244,9590,4,12,2024-09-01T13:19:11.736000+00:00,27.666,28.925,28.064,,317.0,False,84.655,"[None, 2048, 2048, 2048, 2048, 2048]","[2048, 2048, 2048, 2048, 2048, 2048, 2048]","[2048, 2048, 2048, 2048, 2048, 2048, 2048, 2048]",325.0,4_9590
1244,9590,4,13,2024-09-01T13:20:36.315000+00:00,27.854,29.182,28.323,315.0,319.0,False,85.359,"[None, 2048, 2048, 2048, 2048, 2048]","[2049, 2048, 2048, 2048, 2048, 2048, 2048]","[2048, 2048, 2048, 2048, 2048, 2048, 2048, 2048]",324.0,4_9590
1244,9590,4,14,2024-09-01T13:22:01.730000+00:00,27.752,29.105,32.56,317.0,328.0,False,89.417,"[None, 2048, 2048, 2048, 2048, 2049]","[2048, 2048, 2048, 2048, 2048, 2048, 2048]","[2048, 2048, 2048, 2048, 2048, 2048, 2048, 2064]",336.0,4_9590
1244,9590,4,15,2024-09-01T13:23:31.096000+00:00,47.124,28.866,27.85,321.0,310.0,True,103.84,"[2064, 2064, 2048, 2049, 2049, 2049]","[2049, 2048, 2048, 2049, 2048, 2048, 2048]","[2048, 2049, 2048, 2048, 2051, 2049, 2048, 2048]",283.0,4_9590
1244,9590,4,16,2024-09-01T13:25:14.973000+00:00,27.403,28.918,27.833,310.0,313.0,False,84.154,"[2048, 2048, 2048, 2051, 2048, 2048]","[2048, 2048, 2048, 2048, 2048, 2048, 2048]","[2048, 2048, 2049, 2048, 2048, 2049, 2048]",320.0,4_9590
1244,9590,4,17,2024-09-01T13:26:39.070000+00:00,27.663,29.214,28.708,313.0,318.0,False,85.585,"[None, 2048, 2048, 2048, 2048, 2048]","[2048, 2048, 2048, 2048, 2048, 2051, 2048]","[2048, 2048, 2049, 2048, 2048, 2048, 2048, 2048]",315.0,4_9590
1244,9590,4,18,2024-09-01T13:28:04.714000+00:00,27.388,28.784,27.748,314.0,319.0,False,83.92,"[None, 2048, 2048, 2048, 2048, 2048]","[2048, 2048, 2048, 2048, 2049, 2048, 2048]","[2049, 2048, 2048, 2049, 2051, 2049, 2049]",323.0,4_9590
1244,9590,4,19,2024-09-01T13:29:28.501000+00:00,27.493,28.937,27.722,313.0,316.0,False,84.152,"[None, 2048, 2048, 2048, 2048, 2048]","[2048, 2048, 2048, 2048, 2048, 2048, 2048]","[2048, 2049, 2048, 2048, 2048, 2049, 2049, 2049]",324.0,4_9590
1244,9590,4,20,2024-09-01T13:30:52.803000+00:00,27.463,28.773,27.646,314.0,318.0,False,83.882,"[None, 2048, 2048, 2048, 2048, 2048]","[2048, 2048, 2049, 2048, 2048, 2048, 2048]","[2048, 2051, 2048, 2048, 2048, 2048, 2048, 2048]",322.0,4_9590
1244,9590,4,21,2024-09-01T13:32:16.670000+00:00,27.42,28.634,27.699,315.0,318.0,False,83.753,"[None, 2048, 2048, 2048, 2048, 2048]","[2048, 2048, 2048, 2049, 2049, 2048, 2048]","[2048, 2051, 2048, 2048, 2048, 2048, 2048, 2048]",320.0,4_9590
1244,9590,4,22,2024-09-01T13:33:40.507000+00:00,27.332,28.669,27.651,,319.0,False,83.652,"[None, 2048, 2048, 2048, 2048, 2048]","[2048, 2048, 2048, 2049, 2049, 2048, 2048]","[2048, 2048, 2048, 2049, 2048, 2048, 2048, 2049]",326.0,4_9590
1244,9590,4,23,2024-09-01T13:35:04.031000+00:00,27.324,28.537,27.72,318.0,318.0,False,83.581,"[None, 2048, 2048, 2048, 2049, 2049]","[2048, 2049, 2049, 2049, 2048, 2048, 2048]","[2048, 2051, 2049, 2048, 2048, 2048, 2049, 2048]",328.0,4_9590
1244,9590,4,24,2024-09-01T13:36:27.693000+00:00,27.359,28.596,27.646,316.0,318.0,False,83.601,"[None, 2048, 2048, 2048, 2048, 2048]","[2048, 2048, 2048, 2048, 2049, 2048, 2048]","[2049, 2048, 2048, 2048, 2048, 2049, 2049, 2048]",331.0,4_9590
1244,9590,4,25,2024-09-01T13:37:51.241000+00:00,27.47,28.41,27.441,315.0,319.0,False,83.321,"[None, 2048, 2048, 2048, 2048, 2048]","[2048, 2049, 2049, 2049, 2049, 2048, 2048]","[2049, 2049, 2048, 2048, 2049, 2049, 2048, 2048]",324.0,4_9590
1244,9590,4,26,2024-09-01T13:39:14.561000+00:00,27.353,28.529,27.587,313.0,317.0,False,83.469,"[None, 2048, 2048, 2048, 2048, 2048]","[2048, 2048, 2049, 2049, 2048, 2048, 2048]","[2048, 2048, 2048, 2048, 2048, 2048, 2048, 2048]",,4_9590
1244,9590,4,27,2024-09-01T13:40:38.027000+00:00,27.43,28.352,27.485,314.0,317.0,False,83.267,"[None, 2048, 2048, 2048, 2048, 2048]","[2048, 2048, 2048, 2049, 2049, 2048, 2048]","[2048, 2048, 2048, 2048, 2049, 2049, 2049, 2049]",325.0,4_9590
1244,9590,4,28,2024-09-01T13:42:01.264000+00:00,27.412,28.243,27.412,317.0,320.0,False,83.067,"[None, 2048, 2048, 2048, 2048, 2048]","[2049, 2048, 2049, 2049, 2049, 2048, 2048]","[2049, 2048, 2048, 2049, 2049, 2048, 2048, 2048]",323.0,4_9590
1244,9590,4,29,2024-09-01T13:43:24.532000+00:00,27.399,28.366,27.535,318.0,319.0,False,83.3,"[None, 2048, 2048, 2048, 2048, 2049]","[2048, 2048, 2048, 2048, 2048, 2048, 2048]","[2048, 2048, 2048, 2049, 2048, 2048, 2048, 2048]",325.0,4_9590
1244,9590,4,30,2024-09-01T13:44:47.653000+00:00,27.443,28.601,27.57,314.0,316.0,False,83.614,"[None, 2048, 2048, 2048, 2048, 2048]","[2048, 2048, 2048, 2048, 2048, 2048, 2048]","[2048, 2049, 2049, 2048, 2048, 2048, 2048, 2048]",323.0,4_9590
1244,9590,4,31,2024-09-01T13:46:11.342000+00:00,27.401,30.08,27.459,316.0,317.0,False,84.94,"[None, 2048, 2048, 2048, 2049, 2048]","[2049, None, None, 2048, 2048, 2048, 2048]","[2048, 2049, 2048, 2048, 2048, 2048, 2048, 2048]",,4_9590
1244,9590,4,32,2024-09-01T13:47:36.297000+00:00,27.332,28.335,31.747,,320.0,False,87.414,"[None, 2048, 2048, 2048, 2048, 2048]","[2048, 2048, 2049, 2048, 2048, 2048, 2048]","[2048, 2048, 2048, 2048, 2048, 2048, 2048, 2064]",331.0,4_9590
1244,9590,4,33,2024-09-01T13:49:03.707000+00:00,47.623,28.605,27.845,323.0,315.0,True,104.073,"[2064, 2064, 2048, 2048, 2048, 2049]","[2048, 2048, 2048, 2048, 2048, 2048, 2048]","[2048, 2048, 2048, 2048, 2048, 2048, 2048, 2048]",287.0,4_9590
1244,9590,4,34,2024-09-01T13:50:47.793000+00:00,27.127,28.244,27.466,313.0,323.0,False,82.837,"[2048, 2048, 2048, 2049, 2049, 2048]","[2048, 2049, 2048, 2048, 2049, 2049, 2048]","[2048, 2049, 2049, 2049, 2048, 2048, 2048, 2048]",329.0,4_9590
1244,9590,4,35,2024-09-01T13:52:10.521000+00:00,27.152,28.436,27.549,,321.0,False,83.137,"[None, 2048, 2048, 2048, 2049, 2048]","[2048, 2048, 2048, 2048, 2048, 2049, 2048]","[2048, 2048, 2048, 2048, 2048, 2048, 2048, 2048]",327.0,4_9590
1244,9590,4,36,2024-09-01T13:53:33.712000+00:00,27.244,28.349,27.521,314.0,319.0,False,83.114,"[None, 2048, 2048, 2048, 2049, 2048]","[2048, 2049, 2048, 2048, 2048, 2048, 2048]","[2048, 2049, 2049, 2048, 2048, 2048, 2048, 2048]",323.0,4_9590
1244,9590,4,37,2024-09-01T13:54:56.822000+00:00,27.264,28.492,27.422,315.0,320.0,False,83.178,"[None, 2048, 2048, 2048, 2048, 2048]","[2048, 2048, 2048, 2048, 2048, 2048, 2048]","[2048, 2048, 2051, 2048, 2048, 2048, 2048, 2048]",326.0,4_9590
1244,9590,4,38,2024-09-01T13:56:20.066000+00:00,27.288,28.405,27.44,318.0,321.0,False,83.133,"[None, 2048, 2048, 2048, 2049, 2049]","[2048, 2048, 2048, 2048, 2048, 2048, 2048]","[2048, 2048, 2051, 2048, 2048, 2048, 2048, 2048]",327.0,4_9590
1244,9590,4,39,2024-09-01T13:57:43.430000+00:00,27.31,28.197,27.554,,334.0,False,83.061,"[2049, 2048, 2048, 2048, 2049, 2048]","[2048, 2048, 2048, 2048, 2048, 2051, 2049]","[2048, 2048, 2051, 2049, 2048, 2048, 2049, 2049]",331.0,4_9590
1244,9590,4,40,2024-09-01T13:59:06.191000+00:00,27.483,28.909,27.77,322.0,328.0,False,84.162,"[None, 2049, 2048, 2048, 2049, 2049]","[2048, 2048, 2048, 2048, 2048, 2048, 2048]","[2048, 2048, 2048, 2048, 2048, 2049, 2051, 2051]",353.0,4_9590
1244,9590,4,41,2024-09-01T14:00:30.284000+00:00,26.936,28.051,27.247,318.0,322.0,False,82.234,"[2051, 2049, 2048, 2048, 2048, 2048]","[2048, 2048, 2049, 2049, 2049, 2048, 2048]","[2048, 2049, 2048, 2048, 2049, 2049, 2048, 2048]",351.0,4_9590
1244,9590,4,42,2024-09-01T14:01:52.601000+00:00,27.463,28.033,27.182,305.0,319.0,False,82.678,"[2048, 2048, 2048, 2048, 2048, 2048]","[2048, 2048, 2048, 2049, 2048, 2048, 2048]","[2048, 2049, 2048, 2048, 2048, 2048, 2048, 2048]",326.0,4_9590
1244,9590,4,43,2024-09-01T14:03:15.357000+00:00,27.242,27.935,27.073,315.0,329.0,False,82.25,"[None, 2048, 2048, 2048, 2048, 2048]","[2048, 2048, 2048, 2048, 2048, 2051, 2048]","[2051, 2051, 2048, 2048, 2048, 2049, 2048, 2048]",328.0,4_9590
1244,9590,4,44,2024-09-01T14:04:37.542000+00:00,27.218,27.935,27.25,314.0,319.0,False,82.403,"[None, 2048, 2048, 2048, 2048, 2048]","[2048, 2048, 2049, 2049, 2048, 2048, 2048]","[2048, 2048, 2048, 2048, 2048, 2048, 2048, 2048]",326.0,4_9590
1244,9590,4,45,2024-09-01T14:05:59.915000+00:00,27.362,27.965,27.071,317.0,321.0,False,82.398,"[None, 2048, 2048, 2048, 2048, 2048]","[2048, 2048, 2048, 2048, 2048, 2048, 2048]","[2048, 2048, 2048, 2048, 2048, 2048, 2048, 2048]",328.0,4_9590
1244,9590,4,46,2024-09-01T14:07:22.309000+00:00,27.113,27.81,27.118,319.0,335.0,False,82.041,"[None, 2048, 2048, 2048, 2048, 2048]","[2048, 2048, 2049, 2048, 2048, 2051, 2049]","[2051, 2048, 2048, 2048, 2048, 2048, 2048, 2048]",330.0,4_9590
1244,9590,4,47,2024-09-01T14:08:44.534000+00:00,27.298,28.528,28.026,315.0,332.0,False,83.852,"[None, 2049, 2048, 2048, 2048, 2048]","[2048, 2048, 2048, 2048, 2048, 2048, 2048]","[2048, 2048, 2048, 2048, 2048, 2048, 2048, 2048]",352.0,4_9590
1244,9590,4,48,2024-09-01T14:10:08.203000+00:00,26.97,27.88,26.974,318.0,320.0,False,81.824,"[None, 2048, 2048, 2048, 2048, 2048]","[2048, 2048, 2049, 2049, 2048, 2048, 2048]","[2048, 2051, 2048, 2048, 2051, 2051, 2048, 2048]",345.0,4_9590
1244,9590,4,49,2024-09-01T14:11:30.010000+00:00,27.265,28.039,27.132,312.0,317.0,False,82.436,"[None, 2048, 2048, 2048, 2048, 2048]","[2048, 2048, 2048, 2048, 2048, 2048, 2048]","[2048, 2048, 2048, 2048, 2048, 2048, 2048, 2048]",325.0,4_9590
1244,9590,4,50,2024-09-01T14:12:52.416000+00:00,27.342,27.873,28.051,315.0,333.0,False,83.266,"[None, 2048, 2048, 2048, 2048, 2048]","[2048, 2048, 2048, 2048, 2048, 2048, 2048]","[2048, 2048, 2049, 2048, 2048, 2048, 2048, 2048]",326.0,4_9590
1244,9590,4,51,2024-09-01T14:14:15.997000+00:00,27.205,28.026,27.038,,320.0,False,82.269,"[None, 2048, 2049, 2048, 2048, 2048]","[2048, 2048, 2048, 2049, 2048, 2048, 2048]","[2048, 2048, 2048, 2048, 2048, 2051, 2048, 2048]",336.0,4_9590
1244,9590,4,52,2024-09-01T14:15:38.092000+00:00,27.27,27.872,27.16,314.0,317.0,False,82.302,"[None, 2048, 2048, 2048, 2048, 2048]","[2048, 2048, 2048, 2049, 2048, 2048, 2048]","[2048, 2051, 2048, 2048, 2048, 2048, 2048, 2048]",323.0,4_9590
1244,9590,4,53,2024-09-01T14:17:00.536000+00:00,27.136,27.492,26.804,323.0,330.0,False,81.432,"[None, 2048, 2048, 2048, 2048, 2048]","[2048, 2049, 2049, 2051, 2049, 2048, 2048]","[2048, 2051, 2048, 2049, 2048, 2048, 2048, 2048]",340.0,4_9590
1244,9590,10,1,2024-09-01T13:03:34.412000+00:00,32.306,32.375,30.504,328.0,322.0,False,95.185,"[2048, 2049, 2049, 2049, 2049, 2049]","[2049, 2049, 2049, 2049, 2049, 2049, 2049]","[2049, 2049, 2049, 2049, 2049, 2049, 2049, 0]",257.0,10_9590
1244,9590,10,2,2024-09-01T13:05:09.596000+00:00,28.039,29.66,28.907,315.0,333.0,False,86.606,"[2049, 2049, 2049, 2049, 2048, 2048]","[2049, 2049, 2049, 2049, 2049, 2049, 2049]","[2049, 2049, 2049, 2049, 2049, 2049, 2049, 2049]",326.0,10_9590
1244,9590,10,3,2024-09-01T13:06:36.320000+00:00,27.792,29.847,29.007,318.0,333.0,False,86.646,"[None, 2049, 2048, 2049, 2049, 2048]","[2048, 2048, 2048, 2048, 2049, 2049, 2048]","[2049, 2049, 2049, 2049, 2048, 2048, 2048, 2048]",332.0,10_9590
1244,9590,10,4,2024-09-01T13:08:02.940000+00:00,27.727,29.808,28.86,317.0,331.0,False,86.395,"[2048, 2048, 2048, 2048, 2048, 2048]","[2048, 2048, 2048, 2048, 2048, 2048, 2048]","[2049, 2049, 2049, 2048, 2048, 2048, 2048, 2048]",330.0,10_9590
1244,9590,10,5,2024-09-01T13:09:29.398000+00:00,27.701,29.878,28.782,,329.0,False,86.361,"[None, 2048, 2048, 2048, 2048, 2048]","[2048, 2048, 2048, 2048, 2049, 2049, 2048]","[2048, 2049, 2048, 2048, 2049, 2048, 2048, 2048]",334.0,10_9590
1244,9590,10,6,2024-09-01T13:10:55.745000+00:00,,29.766,28.575,315.0,327.0,False,86.042,"[None, 2048, 2048, 2048, 2048, 2048]","[2049, 2048, 2048, 2048, 2049, 2048, 2048]","[2049, 2049, 2048, 2049, 2048, 2048, 2048, 2048]",330.0,10_9590
1244,9590,10,7,2024-09-01T13:12:21.875000+00:00,27.578,29.657,28.585,314.0,328.0,False,85.82,"[None, 2048, 2049, 2048, 2048, 2048]","[2049, 2048, 2048, 2048, 2048, 2048, 2048]","[2049, 2048, 2048, 2049, 2048, 2048, 2048, 2048]",348.0,10_9590
1244,9590,10,8,2024-09-01T13:13:47.607000+00:00,27.82,29.774,28.871,311.0,326.0,False,86.465,"[None, 2048, 2048, 2048, 2048, 2048]","[2048, 2048, 2048, 2048, 2048, 2048, 2048]","[2048, 2048, 2048, 2048, 2048, 2048, 2048, 2048]",336.0,10_9590
1244,9590,10,9,2024-09-01T13:15:14.202000+00:00,28.298,29.849,29.001,314.0,320.0,False,87.148,"[None, 2048, 2048, 2048, 2048, 2048]","[2048, 2048, 2048, 2048, 2048, 2048, 2048]","[2048, 2048, 2048, 2048, 2048, 2048, 2048, 2048]",322.0,10_9590
1244,9590,10,10,2024-09-01T13:16:41.201000+00:00,28.279,30.004,33.252,312.0,317.0,False,91.535,"[None, 2048, 2049, 2048, 2048, 2048]","[2049, 2048, 2048, 2048, 2048, 2048, 2048]","[2048, 2048, 2048, 2048, 2048, 2048, 2048, 2064]",327.0,10_9590
1244,9590,10,11,2024-09-01T13:18:12.738000+00:00,47.786,29.46,28.431,309.0,312.0,True,105.677,"[2064, 2064, 2048, 2048, 2048, 2048]","[2048, 2048, 2049, 2049, 2049, 2048, 2048]","[2048, 2049, 2048, 2048, 2049, 2049, 2048, 2048]",282.0,10_9590
1244,9590,10,12,2024-09-01T13:19:58.475000+00:00,27.865,28.972,28.233,,313.0,False,85.07,"[2048, 2048, 2048, 2048, 2048, 2048]","[2049, 2049, 2049, 2049, 2049, 2048, 2048]","[2048, 2049, 2048, 2048, 2049, 2048, 2049, 2048]",318.0,10_9590
1244,9590,10,13,2024-09-01T13:21:23.475000+00:00,27.711,28.895,28.21,,313.0,False,84.816,"[None, 2048, 2048, 2049, 2048, 2048]","[2048, 2049, 2049, 2048, 2049, 2048, 2048]","[2048, 2049, 2048, 2048, 2048, 2049, 2049, 2048]",320.0,10_9590
1244,9590,10,14,2024-09-01T13:22:48.394000+00:00,27.635,29.154,28.425,311.0,313.0,False,85.214,"[None, 2048, 2048, 2048, 2048, 2048]","[2049, 2048, 2048, 2048, 2048, 2048, 2048]","[2048, 2048, 2048, 2048, 2048, 2048, 2048, 2048]",318.0,10_9590
1244,9590,10,15,2024-09-01T13:24:13.627000+00:00,27.826,29.219,28.484,309.0,312.0,False,85.529,"[None, 2048, 2048, 2048, 2048, 2048]","[2048, 2048, 2048, 2048, 2048, 2048, 2048]","[2048, 2048, 2049, 2048, 2048, 2048, 2048, 2048]",320.0,10_9590
1244,9590,10,16,2024-09-01T13:25:39+00:00,27.802,29.257,28.478,308.0,312.0,False,85.537,"[None, 2048, 2048, 2049, 2048, 2048]","[2048, 2048, 2048, 2048, 2048, 2048, 2048]","[2048, 2048, 2048, 2048, 2048, 2048, 2048]",319.0,10_9590
1244,9590,10,17,2024-09-01T13:27:04.485000+00:00,27.749,29.093,28.323,,313.0,False,85.165,"[None, 2048, 2048, 2048, 2048, 2048]","[2048, 2048, 2048, 2048, 2048, 2048, 2048]","[2048, 2049, 2049, 2048, 2048, 2049, 2049]",318.0,10_9590
1244,9590,10,18,2024-09-01T13:28:29.721000+00:00,27.923,29.637,28.622,326.0,325.0,False,86.182,"[None, 2048, 2049, 2048, 2049, 2048]","[2048, 2048, 2048, 2048, 2048, 2048, 2048]","[2048, 2048, 2049, 2048, 2048, 2048, 2048, 2048]",337.0,10_9590
1244,9590,10,19,2024-09-01T13:29:55.890000+00:00,27.766,29.133,28.504,310.0,321.0,False,85.403,"[None, 2048, 2048, 2048, 2048, 2048]","[2048, 2048, 2048, 2048, 2048, 2048, 2048]","[2048, 2048, 2048, 2048, 2048, 2048, 2048, 2048]",329.0,10_9590
1244,9590,10,20,2024-09-01T13:31:21.388000+00:00,27.64,29.093,28.325,,322.0,False,85.058,"[None, 2048, 2048, 2048, 2048, 2048]","[2048, 2048, 2048, 2048, 2048, 2048, 2048]","[2048, 2048, 2048, 2048, 2048, 2048, 2049]",330.0,10_9590
1244,9590,10,21,2024-09-01T13:32:46.631000+00:00,27.493,29.076,28.309,311.0,323.0,False,84.878,"[None, 2048, 2048, 2048, 2048, 2048]","[2048, 2048, 2048, 2048, 2048, 2049, 2048]","[2048, 2048, 2048, 2048, 2048, 2048, 2048, 2048]",332.0,10_9590
1244,9590,10,22,2024-09-01T13:34:11.293000+00:00,27.58,29.377,28.148,312.0,316.0,False,85.105,"[None, 2048, 2048, 2048, 2048, 2048]","[2049, 2048, 2048, 2048, 2048, 2048, 2048]","[2048, 2049, 2048, 2049, 2048, 2048, 2048, 2049]",338.0,10_9590
1244,9590,10,23,2024-09-01T13:35:36.369000+00:00,27.685,29.232,29.244,313.0,316.0,False,86.161,"[None, 2048, 2048, 2048, 2048, 2048]","[2048, 2048, 2048, 2048, 2048, 2048, 2048]","[2048, 2048, 2048, 2048, 2048, 2048, 2048, 2048]",334.0,10_9590
1244,9590,10,24,2024-09-01T13:37:02.497000+00:00,27.827,29.548,28.507,,316.0,False,85.882,"[None, 2048, 2048, 2048, 2048, 2048]","[2048, 2048, 2048, 2048, 2048, 2048, 2048]","[2048, 2048, 2048, 2048, 2048, 2048, 2048, 2048]",332.0,10_9590
1244,9590,10,25,2024-09-01T13:38:28.443000+00:00,27.829,29.434,28.725,311.0,317.0,False,85.988,"[None, 2048, 2048, 2048, 2048, 2048]","[2048, 2048, 2048, 2048, 2048, 2048, 2048]","[2048, 2048, 2048, 2048, 2048, 2048, 2048, 2048]",324.0,10_9590
1244,9590,10,26,2024-09-01T13:39:54.363000+00:00,27.833,29.396,28.513,310.0,319.0,False,85.742,"[None, 2048, 2048, 2048, 2048, 2048]","[2048, 2048, 2048, 2048, 2048, 2048, 2048]","[2048, 2048, 2048, 2048, 2048, 2048, 2048, 2048]",,10_9590
1244,9590,10,27,2024-09-01T13:41:20.120000+00:00,28.052,30.341,28.798,328.0,325.0,False,87.191,"[None, 2048, 2048, 2048, 2048, 2048]","[2051, 2048, 2048, 2048, 2048, 2048, 2048]","[2048, 2048, 2048, 2048, 2048, 2048, 2048, 2048]",334.0,10_9590
1244,9590,10,28,2024-09-01T13:42:47.336000+00:00,27.745,29.509,28.569,315.0,318.0,False,85.823,"[None, 2048, 2048, 2048, 2048, 2048]","[2048, 2048, 2048, 2048, 2048, 2048, 2048]","[2048, 2048, 2048, 2048, 2048, 2048, 2048, 2048]",326.0,10_9590
1244,9590,10,29,2024-09-01T13:44:13.236000+00:00,27.866,29.53,28.683,,317.0,False,86.079,"[None, 2048, 2048, 2048, 2048, 2048]","[2048, 2048, 2048, 2048, 2048, 2048, 2048]","[2048, 2048, 2048, 2048, 2048, 2048, 2048, 2048]",324.0,10_9590
1244,9590,10,30,2024-09-01T13:45:39.208000+00:00,28.135,29.807,33.062,317.0,327.0,False,91.004,"[None, 2048, 2048, 2048, 2049, 2048]","[2048, 2048, 2048, 2048, 2048, 2049, 2048]","[2048, 2048, 2048, 2048, 2048, 2048, 2048, 2064]",340.0,10_9590
1244,9590,10,31,2024-09-01T13:47:10.197000+00:00,47.316,29.602,28.839,310.0,300.0,True,105.757,"[2064, 2064, 2048, 2048, 2048, 2048]","[2048, 2048, 2048, 2048, 2048, 2048, 2048]","[2048, 2048, 2048, 2048, 2048, 2048, 2048, 2048]",284.0,10_9590
1244,9590,10,32,2024-09-01T13:48:55.992000+00:00,27.539,28.895,27.989,315.0,317.0,False,84.423,"[2048, 2048, 2048, 2048, 2048, 2048]","[2048, 2048, 2049, 2049, 2048, 2048, 2048]","[2048, 2049, 2049, 2048, 2049, 2049, 2049, 2049]",323.0,10_9590
1244,9590,10,33,2024-09-01T13:50:20.407000+00:00,27.442,28.748,28.062,313.0,316.0,False,84.252,"[None, 2048, 2048, 2049, 2048, 2048]","[2048, 2048, 2048, 2049, 2048, 2048, 2048]","[2048, 2049, 2049, 2048, 2048, 2048, 2048]",322.0,10_9590
1244,9590,10,34,2024-09-01T13:51:44.563000+00:00,27.533,28.801,28.049,312.0,313.0,False,84.383,"[None, 2048, 2048, 2048, 2048, 2048]","[2048, 2049, 2048, 2048, 2048, 2048, 2048]","[2048, 2049, 2048, 2048, 2048, 2049, 2049, 2048]",320.0,10_9590
1244,9590,10,35,2024-09-01T13:53:09.065000+00:00,27.489,28.908,28.425,311.0,313.0,False,84.822,"[None, 2048, 2048, 2049, 2048, 2048]","[2048, 2048, 2048, 2048, 2048, 2048, 2048]","[2048, 2048, 2048, 2048, 2049, 2048, 2048, 2048]",319.0,10_9590
1244,9590,10,36,2024-09-01T13:54:33.903000+00:00,28.483,29.115,27.993,314.0,316.0,False,85.591,"[None, 2048, 2048, 2048, 2048, 2048]","[2048, 2048, 2048, 2048, 2048, 2049, 2048]","[2048, 2048, 2049, 2048, 2048, 2048, 2049, 2049]",305.0,10_9590
1244,9590,10,37,2024-09-01T13:55:59.544000+00:00,27.544,28.83,28.012,315.0,316.0,False,84.386,"[None, 2048, 2048, 2048, 2049, 2048]","[2048, 2048, 2048, 2049, 2048, 2048, 2048]","[2048, 2048, 2048, 2048, 2048, 2048, 2048]",322.0,10_9590
1244,9590,10,38,2024-09-01T13:57:23.908000+00:00,28.025,29.02,28.184,,326.0,False,85.229,"[None, 2048, 2048, 2048, 2048, 2048]","[2048, 2048, 2048, 2048, 2048, 2049, 2048]","[2048, 2048, 2048, 2048, 2048, 2048, 2048, 2048]",321.0,10_9590
1244,9590,10,39,2024-09-01T13:58:49.215000+00:00,27.531,28.909,28.151,313.0,317.0,False,84.591,"[None, 2048, 2048, 2048, 2049, 2048]","[2048, 2048, 2048, 2048, 2048, 2048, 2048]","[2048, 2048, 2049, 2048, 2048, 2048, 2048, 2048]",323.0,10_9590
1244,9590,10,40,2024-09-01T14:00:13.761000+00:00,27.386,29.224,28.494,318.0,329.0,False,85.104,"[None, 2048, 2048, 2048, 2049, 2048]","[2048, 2048, 2048, 2048, 2048, 2049, 2049]","[2048, 2048, 2049, 2048, 2048, 2048, 2048, 2049]",326.0,10_9590
1244,9590,10,41,2024-09-01T14:01:38.728000+00:00,27.574,29.339,28.859,316.0,342.0,False,85.772,"[None, 2048, 2048, 2048, 2048, 2048]","[2048, 2048, 2048, 2048, 2048, 2048, 2049]","[2048, 2048, 2048, 2048, 2048, 2048, 2048, 2049]",339.0,10_9590
1244,9590,10,42,2024-09-01T14:03:04.598000+00:00,27.466,29.033,28.106,311.0,314.0,False,84.605,"[2049, 2048, 2048, 2048, 2048, 2048]","[2048, 2048, 2048, 2048, 2048, 2048, 2048]","[2048, 2048, 2048, 2048, 2048, 2048, 2048, 2048]",337.0,10_9590
1244,9590,10,43,2024-09-01T14:04:29.100000+00:00,27.634,28.826,28.682,,314.0,False,85.142,"[2048, 2048, 2049, 2048, 2048, 2048]","[2048, 2048, 2048, 2048, 2049, 2048, 2048]","[2048, 2048, 2048, 2048, 2048, 2048, 2048, 2048]",321.0,10_9590
1244,9590,10,44,2024-09-01T14:05:54.328000+00:00,29.052,28.986,28.137,314.0,332.0,False,86.175,"[None, 2048, 2048, 2048, 2048, 2048]","[2048, 2048, 2049, 2048, 2048, 2048, 2048]","[2048, 2048, 2048, 2048, 2048, 2048, 2048, 2048]",297.0,10_9590
1244,9590,10,45,2024-09-01T14:07:20.491000+00:00,27.465,29.33,28.63,318.0,278.0,False,85.425,"[None, 2048, 2048, 2048, 2048, 2048]","[2048, 2048, 2048, 2048, 2048, 2048, 2048]","[2048, 2048, 2048, 2048, 2048, 2048, 2048]",337.0,10_9590
1244,9590,10,46,2024-09-01T14:08:45.881000+00:00,27.428,28.993,27.982,315.0,317.0,False,84.403,"[None, 2048, 2048, 2048, 2048, 2048]","[2048, 2048, 2048, 2048, 2048, 2048, 2048]","[2048, 2048, 2048, 2048, 2048, 2048, 2049, 2048]",326.0,10_9590
1244,9590,10,47,2024-09-01T14:10:10.353000+00:00,27.416,28.669,27.838,314.0,316.0,False,83.923,"[None, 2048, 2048, 2048, 2049, 2048]","[2048, 2048, 2048, 2049, 2048, 2048, 2048]","[2048, 2048, 2048, 2048, 2049, 2049, 2049, 2048]",324.0,10_9590
1244,9590,10,48,2024-09-01T14:11:34.318000+00:00,27.482,28.672,27.882,,316.0,False,84.036,"[None, 2048, 2048, 2048, 2048, 2048]","[2048, 2048, 2048, 2048, 2048, 2048, 2048]","[2048, 2048, 2048, 2048, 2048, 2048, 2048, 2048]",323.0,10_9590
1244,9590,10,49,2024-09-01T14:12:58.308000+00:00,27.38,28.645,27.827,313.0,316.0,False,83.852,"[None, 2048, 2048, 2048, 2048, 2048]","[2048, 2048, 2048, 2048, 2049, 2048, 2048]","[2049, 2048, 2048, 2048, 2048, 2048, 2048, 2048]",322.0,10_9590
1244,9590,10,50,2024-09-01T14:14:22.191000+00:00,27.401,28.762,27.914,314.0,315.0,False,84.077,"[None, 2048, 2048, 2048, 2048, 2048]","[2048, 2048, 2048, 2048, 2048, 2048, 2048]","[2048, 2048, 2048, 2048, 2048, 2048, 2048, 2048]",323.0,10_9590
1244,9590,10,51,2024-09-01T14:15:46.184000+00:00,27.415,28.564,27.776,313.0,316.0,False,83.755,"[None, 2048, 2048, 2048, 2048, 2048]","[2048, 2048, 2048, 2048, 2049, 2048, 2048]","[2048, 2049, 2048, 2048, 2048, 2048, 2048, 2048]",320.0,10_9590
1244,9590,10,52,2024-09-01T14:17:09.871000+00:00,27.504,28.724,27.745,,316.0,False,83.973,"[None, 2048, 2048, 2048, 2048, 2048]","[2048, 2048, 2048, 2048, 2048, 2048, 2048]","[2048, 2049, 2049, 2049, 2048, 2048, 2048, 2048]",323.0,10_9590
1244,9590,11,1,2024-09-01T13:03:34.412000+00:00,31.16,31.761,29.279,340.0,318.0,False,92.2,"[2048, 2049, 2049, 2049, 2049, 2049]","[2049, 2049, 2049, 2049, 2049, 2049, 2049]","[2049, 2049, 2049, 2049, 2049, 2049, 2049, 2049]",284.0,11_9590
1244,9590,11,2,2024-09-01T13:05:06.611000+00:00,27.938,29.614,28.859,317.0,338.0,False,86.411,"[2049, 2049, 2049, 2049, 2048, 2048]","[2049, 2049, 2049, 2049, 2049, 2049, 2049]","[2049, 2049, 2049, 2049, 2048, 2049, 2049, 2049]",334.0,11_9590
1244,9590,11,3,2024-09-01T13:06:33.019000+00:00,27.641,29.539,28.577,313.0,333.0,False,85.757,"[None, 2049, 2048, 2049, 2048, 2048]","[2048, 2049, 2048, 2049, 2049, 2048, 2048]","[2049, 2049, 2049, 2051, 2049, 2048, 2048, 2048]",325.0,11_9590
1244,9590,11,4,2024-09-01T13:07:58.776000+00:00,27.729,29.608,28.468,310.0,335.0,False,85.805,"[2048, 2048, 2048, 2049, 2048, 2048]","[2048, 2049, 2048, 2048, 2049, 2049, 2048]","[2048, 2048, 2048, 2048, 2049, 2049, 2049, 2049]",319.0,11_9590
1244,9590,11,5,2024-09-01T13:09:24.431000+00:00,27.791,29.396,28.26,309.0,323.0,False,85.447,"[None, 2048, 2048, 2048, 2048, 2048]","[2049, 2049, 2048, 2048, 2049, 2048, 2048]","[2048, 2049, 2048, 2051, 2049, 2049, 2049, 2049]",311.0,11_9590
1244,9590,11,6,2024-09-01T13:10:49.908000+00:00,27.708,29.113,28.284,312.0,326.0,False,85.105,"[None, 2048, 2049, 2048, 2048, 2048]","[2049, 2049, 2048, 2049, 2049, 2049, 2048]","[2049, 2048, 2049, 2051, 2048, 2048, 2048, 2048]",308.0,11_9590
1244,9590,11,7,2024-09-01T13:12:15.093000+00:00,27.54,29.215,28.679,314.0,327.0,False,85.434,"[None, 2048, 2049, 2048, 2048, 2048]","[2049, 2048, 2048, 2048, 2048, 2048, 2048]","[2049, 2049, 2049, 2051, 2048, 2048, 2048, 2048]",319.0,11_9590
1244,9590,11,8,2024-09-01T13:13:40.469000+00:00,27.589,29.255,28.342,312.0,316.0,False,85.186,"[None, 2048, 2048, 2049, 2048, 2048]","[2048, 2049, 2049, 2048, 2048, 2048, 2048]","[2048, 2048, 2048, 2048, 2048, 2048, 2048, 2048]",322.0,11_9590
1244,9590,11,9,2024-09-01T13:15:05.728000+00:00,27.531,29.183,28.263,314.0,318.0,False,84.977,"[None, 2048, 2048, 2048, 2048, 2048]","[2048, 2049, 2048, 2048, 2049, 2048, 2048]","[2048, 2049, 2048, 2048, 2048, 2048, 2048, 2048]",321.0,11_9590
1244,9590,11,10,2024-09-01T13:16:30.693000+00:00,27.446,29.014,28.381,,329.0,False,84.841,"[None, 2048, 2049, 2048, 2048, 2048]","[2049, 2048, 2051, 2048, 2048, 2048, 2048]","[2049, 2048, 2051, 2048, 2048, 2048, 2049, 2049]",327.0,11_9590
1244,9590,11,11,2024-09-01T13:17:55.558000+00:00,27.488,29.083,28.202,325.0,316.0,False,84.773,"[2049, 2048, 2048, 2048, 2048, 2048]","[2049, 2048, 2048, 2049, 2049, 2048, 2048]","[2049, 2049, 2048, 2048, 2048, 2049, 2048, 2048]",328.0,11_9590
1244,9590,11,12,2024-09-01T13:19:20.257000+00:00,27.581,28.805,28.268,315.0,320.0,False,84.654,"[2048, 2048, 2049, 2048, 2048, 2048]","[2049, 2049, 2048, 2049, 2049, 2048, 2048]","[2049, 2048, 2048, 2048, 2049, 2048, 2048, 2048]",319.0,11_9590
1244,9590,11,13,2024-09-01T13:20:45.009000+00:00,27.678,28.947,28.416,314.0,318.0,False,85.041,"[None, 2048, 2048, 2048, 2048, 2048]","[2049, 2049, 2048, 2048, 2048, 2048, 2048]","[2048, 2048, 2048, 2048, 2048, 2048, 2048, 2048]",317.0,11_9590
1244,9590,11,14,2024-09-01T13:22:10.039000+00:00,27.6,29.151,28.478,,319.0,False,85.229,"[None, 2048, 2048, 2048, 2048, 2048]","[2048, 2048, 2048, 2048, 2048, 2048, 2048]","[2048, 2048, 2048, 2048, 2048, 2048, 2048, 2048]",321.0,11_9590
1244,9590,11,15,2024-09-01T13:23:35.266000+00:00,27.751,29.282,28.51,315.0,320.0,False,85.543,"[None, 2048, 2048, 2048, 2048, 2048]","[2048, 2048, 2048, 2048, 2048, 2048, 2048]","[2048, 2048, 2048, 2048, 2048, 2048, 2048]",317.0,11_9590
1244,9590,11,16,2024-09-01T13:25:00.677000+00:00,27.696,29.265,28.473,,317.0,False,85.434,"[None, 2048, 2048, 2048, 2048, 2048]","[2048, 2048, 2048, 2048, 2048, 2048, 2048]","[2048, 2048, 2048, 2048, 2048, 2048, 2048, 2048]",323.0,11_9590
1244,9590,11,17,2024-09-01T13:26:26.159000+00:00,27.773,29.249,28.422,314.0,317.0,False,85.444,"[None, 2048, 2048, 2048, 2048, 2048]","[2048, 2048, 2048, 2048, 2048, 2048, 2048]","[2048, 2049, 2048, 2048, 2048, 2048, 2048, 2048]",318.0,11_9590
1244,9590,11,18,2024-09-01T13:27:51.563000+00:00,27.72,29.294,28.434,,317.0,False,85.448,"[None, 2048, 2049, 2048, 2048, 2048]","[2048, 2048, 2048, 2048, 2048, 2048, 2048]","[2048, 2048, 2048, 2048, 2048, 2048, 2048, 2048]",322.0,11_9590
1244,9590,11,19,2024-09-01T13:29:17.086000+00:00,27.756,29.355,28.572,315.0,318.0,False,85.683,"[None, 2048, 2048, 2048, 2048, 2048]","[2048, 2048, 2048, 2048, 2048, 2048, 2048]","[2048, 2048, 2048, 2048, 2048, 2048, 2048, 2048]",,11_9590
1244,9590,11,20,2024-09-01T13:30:42.719000+00:00,27.787,29.628,28.696,313.0,316.0,False,86.111,"[None, 2048, 2048, 2048, 2048, 2048]","[2048, 2048, 2048, 2048, 2048, 2048, 2048]","[2048, 2048, 2048, 2048, 2048, 2048, 2048, 2048]",316.0,11_9590
1244,9590,11,21,2024-09-01T13:32:08.813000+00:00,27.869,29.534,28.461,312.0,316.0,False,85.864,"[None, 2048, 2048, 2048, 2048, 2048]","[2048, 2048, 2048, 2048, 2048, 2048, 2048]","[2049, 2049, 2048, 2048, 2048, 2048, 2048, 2048]",318.0,11_9590
1244,9590,11,22,2024-09-01T13:33:34.769000+00:00,27.777,29.491,28.441,314.0,316.0,False,85.709,"[None, 2048, 2048, 2048, 2048, 2048]","[2048, 2048, 2048, 2048, 2048, 2048, 2048]","[2048, 2049, 2048, 2048, 2048, 2048, 2048, 2048]",321.0,11_9590
1244,9590,11,23,2024-09-01T13:35:00.437000+00:00,27.746,29.216,32.907,312.0,314.0,False,89.869,"[None, 2048, 2048, 2048, 2048, 2048]","[2048, 2048, 2048, 2048, 2048, 2048, 2048]","[2048, 2049, 2048, 2048, 2048, 2048, 2048, 2064]",318.0,11_9590
1244,9590,11,24,2024-09-01T13:36:30.349000+00:00,48.1,28.804,28.113,316.0,320.0,True,105.017,"[2064, 2064, 2048, 2048, 2048, 2048]","[2048, 2049, 2051, 2048, 2048, 2048, 2048]","[2048, 2048, 2048, 2048, 2048, 2049, 2049, 2049]",284.0,11_9590
1244,9590,11,25,2024-09-01T13:38:15.339000+00:00,27.309,28.892,27.908,310.0,318.0,False,84.109,"[2048, 2049, 2048, 2049, 2048, 2048]","[2048, 2049, 2048, 2048, 2049, 2048, 2048]","[2049, 2049, 2048, 2048, 2049, 2048, 2048, 2048]",336.0,11_9590
1244,9590,11,26,2024-09-01T13:39:39.441000+00:00,27.423,28.737,27.815,312.0,315.0,False,83.975,"[None, 2048, 2048, 2049, 2048, 2048]","[2048, 2048, 2048, 2048, 2049, 2048, 2048]","[2049, 2049, 2048, 2048, 2049, 2049, 2048, 2048]",318.0,11_9590
1244,9590,11,27,2024-09-01T13:41:03.471000+00:00,27.408,28.619,27.757,311.0,316.0,False,83.784,"[None, 2048, 2049, 2048, 2048, 2048]","[2048, 2049, 2048, 2048, 2049, 2049, 2048]","[2051, 2049, 2048, 2048, 2048, 2048, 2048, 2048]",320.0,11_9590
1244,9590,11,28,2024-09-01T13:42:27.236000+00:00,27.394,28.551,27.653,,315.0,False,83.598,"[None, 2048, 2048, 2048, 2048, 2048]","[2049, 2049, 2048, 2049, 2048, 2048, 2048]","[2048, 2049, 2048, 2048, 2049, 2049, 2048, 2048]",,11_9590
1244,9590,11,29,2024-09-01T13:43:50.803000+00:00,27.533,28.726,27.595,310.0,314.0,False,83.854,"[None, 2048, 2048, 2048, 2048, 2048]","[2048, 2048, 2048, 2048, 2048, 2048, 2048]","[2048, 2049, 2048, 2048, 2048, 2049, 2048, 2048]",319.0,11_9590
1244,9590,11,30,2024-09-01T13:45:14.679000+00:00,27.502,28.485,27.487,311.0,314.0,False,83.474,"[None, 2048, 2048, 2048, 2048, 2048]","[2049, 2049, 2048, 2049, 2048, 2049, 2048]","[2048, 2048, 2048, 2048, 2048, 2048, 2048, 2048]",,11_9590
1244,9590,11,31,2024-09-01T13:46:38.102000+00:00,28.338,29.149,27.599,309.0,311.0,False,85.086,"[None, 2048, 2048, 2048, 2048, 2048]","[2048, 2048, 2048, 2048, 2048, 2049, 2048]","[2048, 2048, 2048, 2048, 2048, 2048, 2048, 2048]",316.0,11_9590
1244,9590,11,32,2024-09-01T13:48:03.178000+00:00,27.527,28.753,27.545,308.0,312.0,False,83.825,"[None, 2048, 2048, 2048, 2048, 2048]","[2049, 2048, 2048, 2048, 2048, 2048, 2048]","[2048, 2048, 2048, 2048, 2048, 2048, 2048, 2048]",317.0,11_9590
1244,9590,11,33,2024-09-01T13:49:27.048000+00:00,27.359,28.591,27.523,311.0,313.0,False,83.473,"[None, 2048, 2048, 2048, 2048, 2048]","[2048, 2048, 2048, 2048, 2048, 2048, 2048]","[2048, 2048, 2048, 2048, 2048, 2048, 2048, 2048]",335.0,11_9590
1244,9590,11,34,2024-09-01T13:50:50.464000+00:00,27.423,28.521,27.667,,315.0,False,83.611,"[None, 2048, 2048, 2048, 2048, 2048]","[2049, 2048, 2048, 2048, 2048, 2048, 2048]","[2051, 2048, 2048, 2048, 2048, 2048, 2048, 2048]",338.0,11_9590
1244,9590,11,35,2024-09-01T13:52:14.170000+00:00,27.529,28.532,32.194,,316.0,False,88.255,"[None, 2048, 2048, 2048, 2048, 2048]","[2048, 2048, 2048, 2048, 2048, 2048, 2048]","[2048, 2048, 2048, 2048, 2048, 2048, 2048, 2064]",320.0,11_9590
1244,9590,11,36,2024-09-01T13:53:42.410000+00:00,47.125,28.868,28.081,313.0,324.0,True,104.074,"[2064, 2064, 2048, 2048, 2049, 2048]","[2048, 2048, 2048, 2048, 2048, 2049, 2048]","[2048, 2048, 2049, 2048, 2048, 2048, 2049, 2048]",284.0,11_9590
1244,9590,11,37,2024-09-01T13:55:26.477000+00:00,27.386,28.558,27.347,307.0,310.0,False,83.291,"[2048, 2048, 2049, 2048, 2048, 2048]","[2048, 2049, 2048, 2048, 2049, 2048, 2048]","[2048, 2048, 2048, 2048, 2049, 2049, 2048, 2048]",331.0,11_9590
1244,9590,11,38,2024-09-01T13:56:49.663000+00:00,28.912,29.679,27.652,311.0,323.0,False,86.243,"[None, 2048, 2048, 2048, 2049, 2048]","[2048, 2048, 2048, 2048, 2048, 2049, 2048]","[2048, 2048, 2049, 2051, 2048, 2048, 2048, 2048]",320.0,11_9590
1244,9590,11,39,2024-09-01T13:58:15.976000+00:00,27.5,28.757,27.45,308.0,313.0,False,83.707,"[None, 2048, 2048, 2048, 2048, 2048]","[2048, 2048, 2048, 2048, 2048, 2048, 2048]","[2048, 2048, 2049, 2048, 2048, 2048, 2048, 2049]",,11_9590
1244,9590,11,40,2024-09-01T13:59:39.703000+00:00,27.426,28.451,27.516,309.0,314.0,False,83.393,"[None, 2048, 2048, 2049, 2048, 2048]","[2048, 2048, 2048, 2048, 2049, 2048, 2048]","[2048, 2049, 2048, 2048, 2048, 2048, 2048, 2048]",319.0,11_9590
1244,9590,11,41,2024-09-01T14:01:03.151000+00:00,27.254,28.382,27.631,313.0,322.0,False,83.267,"[None, 2048, 2048, 2048, 2048, 2048]","[2049, 2048, 2051, 2048, 2048, 2048, 2048]","[2048, 2048, 2048, 2048, 2048, 2048, 2048, 2048]",325.0,11_9590
1244,9590,11,42,2024-09-01T14:02:26.328000+00:00,27.376,28.603,27.929,315.0,330.0,False,83.908,"[None, 2048, 2048, 2048, 2048, 2048]","[2048, 2048, 2048, 2048, 2048, 2048, 2048]","[2048, 2048, 2048, 2048, 2048, 2048, 2048, 2048]",,11_9590
1244,9590,11,43,2024-09-01T14:03:50.245000+00:00,27.618,28.976,27.943,309.0,324.0,False,84.537,"[None, 2048, 2048, 2048, 2048, 2048]","[2048, 2048, 2048, 2048, 2048, 2048, 2048]","[2048, 2048, 2048, 2048, 2048, 2048, 2048, 2048]",319.0,11_9590
1244,9590,11,44,2024-09-01T14:05:14.849000+00:00,27.303,28.77,27.544,307.0,314.0,False,83.617,"[None, 2049, 2048, 2048, 2048, 2048]","[2048, 2048, 2048, 2048, 2048, 2048, 2048]","[2048, 2048, 2048, 2048, 2048, 2048, 2049, 2048]",351.0,11_9590
1244,9590,11,45,2024-09-01T14:06:38.347000+00:00,27.423,28.172,27.438,312.0,317.0,False,83.033,"[None, 2048, 2048, 2048, 2048, 2048]","[2048, 2048, 2048, 2049, 2048, 2048, 2048]","[2048, 2048, 2048, 2048, 2048, 2048, 2049, 2048]",318.0,11_9590
1244,9590,11,46,2024-09-01T14:08:01.375000+00:00,27.319,28.2,27.477,313.0,317.0,False,82.996,"[None, 2048, 2048, 2048, 2048, 2048]","[2049, 2048, 2048, 2048, 2049, 2048, 2048]","[2048, 2048, 2048, 2048, 2048, 2048, 2048, 2048]",320.0,11_9590
1244,9590,11,47,2024-09-01T14:09:24.536000+00:00,27.317,28.12,27.534,314.0,318.0,False,82.971,"[None, 2048, 2049, 2048, 2048, 2048]","[2049, 2049, 2048, 2048, 2048, 2048, 2048]","[2048, 2048, 2048, 2048, 2048, 2048, 2048, 2048]",,11_9590
1244,9590,11,48,2024-09-01T14:10:47.462000+00:00,27.481,28.224,27.61,312.0,316.0,False,83.315,"[None, 2048, 2049, 2048, 2048, 2048]","[2048, 2048, 2051, 2048, 2048, 2048, 2048]","[2048, 2048, 2048, 2048, 2048, 2048, 2048, 2048]",321.0,11_9590
1244,9590,11,49,2024-09-01T14:12:10.837000+00:00,27.546,28.309,27.757,311.0,315.0,False,83.612,"[None, 2048, 2048, 2048, 2048, 2048]","[2048, 2048, 2048, 2048, 2048, 2048, 2048]","[2048, 2048, 2048, 2048, 2048, 2048, 2048, 2048]",320.0,11_9590
1244,9590,11,50,2024-09-01T14:13:34.348000+00:00,27.408,28.351,27.631,312.0,316.0,False,83.39,"[None, 2048, 2048, 2048, 2048, 2048]","[2048, 2048, 2048, 2048, 2048, 2048, 2048]","[2048, 2048, 2048, 2048, 2048, 2048, 2048, 2048]",319.0,11_9590
1244,9590,11,51,2024-09-01T14:14:57.706000+00:00,27.384,28.337,27.694,,316.0,False,83.415,"[None, 2048, 2048, 2048, 2048, 2048]","[2048, 2048, 2048, 2048, 2048, 2048, 2048]","[2048, 2048, 2048, 2048, 2048, 2048, 2048, 2048]",,11_9590
1244,9590,11,52,2024-09-01T14:16:21.242000+00:00,27.477,28.59,28.004,311.0,315.0,False,84.071,"[None, 2048, 2048, 2048, 2048, 2048]","[2048, 2048, 2048, 2048, 2048, 2048, 2048]","[2048, 2048, 2048, 2048, 2048, 2048, 2048, 2048]",318.0,11_9590
1244,9590,11,53,2024-09-01T14:17:45.254000+00:00,27.669,28.835,28.007,312.0,318.0,False,84.511,"[None, 2048, 2048, 2048, 2048, 2048]","[2048, 2048, 2048, 2048, 2048, 2048, 2048]","[2048, 2048, 2048, 2048, 2048, 2048, 2048, 2048]",,11_9590
1244,9590,14,1,2024-09-01T13:03:34.412000+00:00,31.483,32.154,29.198,329.0,315.0,False,92.835,"[2048, 2049, 2049, 2049, 2049, 2049]","[2049, 2049, 2049, 2049, 2049, 2049, 2049]","[2049, 2049, 2049, 2049, 2049, 2049, 2049, 2049]",281.0,14_9590
1244,9590,14,2,2024-09-01T13:05:07.246000+00:00,28.2,29.932,29.104,313.0,335.0,False,87.236,"[2049, 2049, 2049, 2049, 2048, 2048]","[2049, 2049, 2049, 2049, 2049, 2049, 2049]","[2049, 2049, 2048, 2049, 2048, 2048, 2048, 2048]",322.0,14_9590
1244,9590,14,3,2024-09-01T13:06:34.481000+00:00,27.646,29.926,28.838,319.0,331.0,False,86.41,"[None, 2049, 2049, 2049, 2048, 2048]","[2048, 2048, 2049, 2049, 2049, 2049, 2048]","[2049, 2049, 2049, 2048, 2049, 2048, 2048, 2048]",335.0,14_9590
1244,9590,14,4,2024-09-01T13:08:00.938000+00:00,27.728,29.844,28.839,316.0,328.0,False,86.411,"[2048, 2048, 2049, 2048, 2048, 2048]","[2049, 2048, 2048, 2048, 2049, 2049, 2048]","[2048, 2049, 2049, 2048, 2049, 2049, 2048, 2048]",332.0,14_9590
1244,9590,14,5,2024-09-01T13:09:27.339000+00:00,27.846,29.573,28.799,314.0,328.0,False,86.218,"[None, 2048, 2049, 2048, 2048, 2048]","[2049, 2049, 2049, 2048, 2049, 2048, 2048]","[2048, 2048, 2048, 2049, 2048, 2048, 2048, 2048]",318.0,14_9590
1244,9590,14,6,2024-09-01T13:10:53.577000+00:00,27.675,29.468,28.768,316.0,329.0,False,85.911,"[None, 2048, 2049, 2048, 2048, 2048]","[2049, 2049, 2049, 2049, 2048, 2048, 2048]","[2048, 2048, 2049, 2048, 2049, 2049, 2048, 2048]",332.0,14_9590
1244,9590,14,7,2024-09-01T13:12:19.378000+00:00,27.644,29.453,28.853,317.0,329.0,False,85.95,"[None, 2048, 2048, 2048, 2048, 2048]","[2049, 2048, 2048, 2048, 2049, 2049, 2048]","[2048, 2048, 2048, 2048, 2048, 2049, 2049, 2048]",333.0,14_9590
1244,9590,14,8,2024-09-01T13:13:45.449000+00:00,27.692,29.426,28.575,,329.0,False,85.693,"[None, 2048, 2048, 2048, 2048, 2048]","[2048, 2048, 2048, 2048, 2049, 2049, 2048]","[2048, 2049, 2049, 2048, 2049, 2049, 2049, 2048]",330.0,14_9590
1244,9590,14,9,2024-09-01T13:15:11.051000+00:00,27.763,29.441,28.765,315.0,327.0,False,85.969,"[None, 2048, 2048, 2048, 2048, 2048]","[2048, 2049, 2048, 2048, 2048, 2048, 2048]","[2048, 2048, 2048, 2048, 2048, 2048, 2048, 2048]",332.0,14_9590
1244,9590,14,10,2024-09-01T13:16:37.034000+00:00,27.776,29.322,28.734,313.0,329.0,False,85.832,"[None, 2048, 2048, 2048, 2048, 2048]","[2048, 2049, 2049, 2049, 2048, 2048, 2048]","[2048, 2048, 2048, 2048, 2048, 2048, 2048, 2048]",330.0,14_9590
1244,9590,14,11,2024-09-01T13:18:02.931000+00:00,27.679,29.305,28.774,316.0,328.0,False,85.758,"[None, 2048, 2048, 2048, 2048, 2048]","[2049, 2048, 2049, 2049, 2048, 2048, 2048]","[2049, 2048, 2048, 2048, 2048, 2048, 2048, 2048]",334.0,14_9590
1244,9590,14,12,2024-09-01T13:19:28.663000+00:00,27.725,29.375,32.64,317.0,317.0,False,89.74,"[None, 2048, 2048, 2048, 2048, 2048]","[2049, 2048, 2048, 2049, 2049, 2048, 2048]","[2048, 2049, 2048, 2048, 2048, 2049, 2048, 2064]",333.0,14_9590
1244,9590,14,13,2024-09-01T13:20:58.259000+00:00,47.982,29.068,28.544,318.0,307.0,True,105.594,"[2064, 2064, 2048, 2048, 2048, 2048]","[2049, 2049, 2049, 2049, 2049, 2048, 2048]","[2048, 2049, 2048, 2048, 2048, 2049, 2049, 2048]",284.0,14_9590
1244,9590,14,14,2024-09-01T13:22:44+00:00,28.319,29.115,28.398,313.0,330.0,False,85.832,"[2048, 2048, 2048, 2048, 2048, 2048]","[2048, 2048, 2049, 2048, 2048, 2049, 2048]","[2048, 2048, 2049, 2048, 2049, 2049, 2049]",314.0,14_9590
1244,9590,14,15,2024-09-01T13:24:09.770000+00:00,27.354,29.014,28.302,318.0,329.0,False,84.67,"[None, 2048, 2049, 2049, 2048, 2048]","[2048, 2048, 2049, 2048, 2048, 2048, 2048]","[2048, 2048, 2049, 2048, 2049, 2048, 2049, 2048]",336.0,14_9590
1244,9590,14,16,2024-09-01T13:25:34.449000+00:00,27.417,28.89,28.307,317.0,329.0,False,84.614,"[None, 2048, 2048, 2049, 2048, 2048]","[2048, 2048, 2048, 2048, 2048, 2048, 2048]","[2048, 2048, 2048, 2048, 2049, 2048, 2048]",332.0,14_9590
1244,9590,14,17,2024-09-01T13:26:58.999000+00:00,27.359,28.999,28.216,,330.0,False,84.574,"[2049, 2048, 2048, 2048, 2048, 2048]","[2048, 2048, 2049, 2048, 2048, 2048, 2048]","[2049, 2048, 2048, 2048, 2049, 2049, 2049, 2049]",330.0,14_9590
1244,9590,14,18,2024-09-01T13:28:23.670000+00:00,27.422,29.308,28.152,,319.0,False,84.882,"[None, 2048, 2048, 2048, 2048, 2048]","[2049, 2048, 2048, 2048, 2048, 2048, 2048]","[2051, 2048, 2048, 2049, 2048, 2048, 2048, 2048]",337.0,14_9590
1244,9590,14,19,2024-09-01T13:29:48.532000+00:00,27.727,29.237,28.35,316.0,315.0,False,85.314,"[2048, 2048, 2048, 2048, 2048, 2048]","[2048, 2048, 2048, 2048, 2048, 2048, 2048]","[2048, 2048, 2048, 2048, 2049, 2048, 2048, 2048]",322.0,14_9590
1244,9590,14,20,2024-09-01T13:31:13.809000+00:00,27.65,29.606,28.42,318.0,320.0,False,85.676,"[None, 2048, 2049, 2048, 2048, 2048]","[2048, 2048, 2048, 2048, 2048, 2048, 2048]","[2048, 2048, 2048, 2048, 2048, 2048, 2048]",324.0,14_9590
1244,9590,14,21,2024-09-01T13:32:39.452000+00:00,27.651,29.091,28.555,,330.0,False,85.297,"[None, 2048, 2048, 2048, 2048, 2048]","[2048, 2048, 2048, 2048, 2048, 2048, 2048]","[2048, 2048, 2048, 2048, 2048, 2049, 2049, 2049]",328.0,14_9590
1244,9590,14,22,2024-09-01T13:34:04.786000+00:00,28.055,29.253,28.143,316.0,316.0,False,85.451,"[None, 2048, 2049, 2048, 2048, 2048]","[2048, 2048, 2048, 2048, 2048, 2048, 2048]","[2048, 2049, 2048, 2048, 2049, 2049, 2048]",333.0,14_9590
1244,9590,14,23,2024-09-01T13:35:30.195000+00:00,27.751,29.089,28.177,314.0,312.0,False,85.017,"[None, 2048, 2048, 2048, 2048, 2048]","[2048, 2048, 2048, 2048, 2048, 2048, 2048]","[2048, 2049, 2048, 2048, 2049, 2048, 2048, 2048]",324.0,14_9590
1244,9590,14,24,2024-09-01T13:36:55.329000+00:00,27.58,29.009,27.999,317.0,315.0,False,84.588,"[None, 2048, 2048, 2048, 2048, 2048]","[2048, 2048, 2048, 2049, 2048, 2048, 2048]","[2048, 2048, 2048, 2048, 2049, 2048, 2048, 2048]",322.0,14_9590
1244,9590,14,25,2024-09-01T13:38:19.931000+00:00,27.542,28.839,28.123,,318.0,False,84.504,"[None, 2048, 2048, 2048, 2048, 2048]","[2048, 2048, 2049, 2049, 2048, 2048, 2048]","[2048, 2048, 2048, 2048, 2048, 2048, 2048, 2048]",330.0,14_9590
1244,9590,14,26,2024-09-01T13:39:44.388000+00:00,27.635,28.905,28.397,319.0,326.0,False,84.937,"[None, 2048, 2048, 2048, 2048, 2048]","[2048, 2048, 2048, 2048, 2048, 2049, 2048]","[2048, 2048, 2049, 2048, 2048, 2049, 2049, 2049]",324.0,14_9590
1244,9590,14,27,2024-09-01T13:41:09.300000+00:00,27.614,29.047,28.23,312.0,313.0,False,84.891,"[2049, 2049, 2048, 2048, 2048, 2048]","[2048, 2048, 2048, 2048, 2048, 2048, 2048]","[2048, 2048, 2048, 2048, 2048, 2048, 2048, 2048]",347.0,14_9590
1244,9590,14,28,2024-09-01T13:42:34.220000+00:00,27.7,28.845,28.18,316.0,314.0,False,84.725,"[2048, 2048, 2048, 2048, 2048, 2048]","[2048, 2049, 2049, 2049, 2048, 2048, 2048]","[2048, 2048, 2048, 2048, 2048, 2048, 2048, 2048]",321.0,14_9590
1244,9590,14,29,2024-09-01T13:43:58.960000+00:00,27.785,28.998,28.228,315.0,313.0,False,85.011,"[None, 2048, 2048, 2048, 2048, 2048]","[2048, 2048, 2048, 2048, 2048, 2048, 2048]","[2048, 2049, 2048, 2048, 2048, 2048, 2048, 2048]",324.0,14_9590
1244,9590,14,30,2024-09-01T13:45:24.011000+00:00,27.817,28.996,28.226,316.0,313.0,False,85.039,"[None, 2048, 2048, 2048, 2048, 2048]","[2048, 2048, 2049, 2048, 2048, 2048, 2048]","[2048, 2048, 2048, 2048, 2048, 2048, 2048, 2048]",322.0,14_9590
1244,9590,14,31,2024-09-01T13:46:48.968000+00:00,27.745,29.032,28.351,315.0,312.0,False,85.128,"[None, 2048, 2048, 2048, 2048, 2048]","[2048, 2048, 2048, 2048, 2048, 2048, 2048]","[2048, 2048, 2048, 2048, 2048, 2048, 2048, 2048]",321.0,14_9590
1244,9590,14,32,2024-09-01T13:48:14.224000+00:00,27.842,29.023,28.234,316.0,313.0,False,85.099,"[None, 2048, 2048, 2048, 2048, 2048]","[2048, 2048, 2048, 2048, 2048, 2048, 2048]","[2048, 2048, 2048, 2048, 2048, 2048, 2048, 2048]",322.0,14_9590
1244,9590,14,33,2024-09-01T13:49:39.310000+00:00,27.861,29.179,28.249,315.0,312.0,False,85.289,"[None, 2048, 2048, 2048, 2048, 2048]","[2048, 2048, 2049, 2048, 2048, 2048, 2048]","[2048, 2048, 2048, 2048, 2048, 2048, 2048, 2048]",,14_9590
1244,9590,14,34,2024-09-01T13:51:04.484000+00:00,27.763,29.148,28.172,,312.0,False,85.083,"[None, 2048, 2048, 2048, 2048, 2048]","[2048, 2048, 2048, 2048, 2048, 2048, 2048]","[2048, 2049, 2048, 2048, 2048, 2048, 2048, 2048]",319.0,14_9590
1244,9590,14,35,2024-09-01T13:52:29.625000+00:00,27.731,29.264,32.804,314.0,311.0,False,89.799,"[None, 2048, 2048, 2048, 2048, 2048]","[2048, 2048, 2048, 2048, 2048, 2048, 2048]","[2048, 2049, 2048, 2048, 2048, 2048, 2048, 2064]",,14_9590
1244,9590,14,36,2024-09-01T13:53:59.426000+00:00,47.393,28.833,27.926,316.0,310.0,True,104.152,"[2064, 2064, 2048, 2049, 2048, 2048]","[2048, 2049, 2048, 2048, 2049, 2048, 2048]","[2048, 2049, 2049, 2048, 2048, 2049, 2049, 2048]",285.0,14_9590
1244,9590,14,37,2024-09-01T13:55:43.641000+00:00,27.43,28.449,27.824,315.0,312.0,False,83.703,"[2048, 2048, 2048, 2049, 2048, 2048]","[2048, 2049, 2049, 2049, 2049, 2048, 2048]","[2048, 2049, 2049, 2048, 2048, 2049, 2048, 2048]",319.0,14_9590
1244,9590,14,38,2024-09-01T13:57:07.307000+00:00,27.472,28.537,27.838,316.0,314.0,False,83.847,"[None, 2048, 2048, 2048, 2048, 2048]","[2048, 2048, 2049, 2048, 2048, 2048, 2048]","[2048, 2048, 2048, 2048, 2049, 2048, 2049, 2048]",321.0,14_9590
1244,9590,14,39,2024-09-01T13:58:31.179000+00:00,27.414,28.622,27.734,317.0,316.0,False,83.77,"[None, 2048, 2048, 2048, 2048, 2048]","[2048, 2048, 2048, 2048, 2048, 2048, 2048]","[2048, 2048, 2049, 2048, 2049, 2048, 2048, 2048]",324.0,14_9590
1244,9590,14,40,2024-09-01T13:59:54.955000+00:00,27.398,28.521,27.764,,317.0,False,83.683,"[None, 2048, 2048, 2048, 2048, 2048]","[2048, 2048, 2048, 2048, 2049, 2048, 2048]","[2048, 2048, 2048, 2048, 2048, 2048, 2049, 2048]",323.0,14_9590
1244,9590,14,41,2024-09-01T14:01:18.473000+00:00,27.354,28.585,27.883,319.0,318.0,False,83.822,"[None, 2048, 2048, 2048, 2049, 2048]","[2048, 2048, 2048, 2048, 2049, 2049, 2048]","[2048, 2048, 2049, 2048, 2048, 2048, 2049, 2049]",324.0,14_9590
1244,9590,14,42,2024-09-01T14:02:42.419000+00:00,27.363,28.5,27.774,,329.0,False,83.637,"[None, 2048, 2048, 2048, 2049, 2048]","[2048, 2048, 2048, 2048, 2048, 2049, 2048]","[2048, 2048, 2049, 2048, 2048, 2049, 2049, 2049]",325.0,14_9590
1244,9590,14,43,2024-09-01T14:04:06.028000+00:00,27.266,28.682,27.733,313.0,315.0,False,83.681,"[2049, 2049, 2048, 2048, 2048, 2048]","[2048, 2048, 2048, 2048, 2049, 2048, 2048]","[2048, 2048, 2048, 2048, 2049, 2048, 2048, 2048]",356.0,14_9590
1244,9590,14,44,2024-09-01T14:05:29.684000+00:00,27.417,28.44,27.672,319.0,318.0,False,83.529,"[2048, 2048, 2048, 2048, 2048, 2048]","[2048, 2048, 2049, 2049, 2048, 2048, 2048]","[2048, 2048, 2048, 2048, 2049, 2048, 2048, 2048]",323.0,14_9590
1244,9590,14,45,2024-09-01T14:06:53.238000+00:00,27.352,28.464,27.668,320.0,319.0,False,83.484,"[None, 2048, 2048, 2048, 2048, 2048]","[2048, 2048, 2049, 2048, 2048, 2048, 2048]","[2048, 2049, 2049, 2048, 2048, 2048, 2049, 2049]",325.0,14_9590
1244,9590,14,46,2024-09-01T14:08:16.706000+00:00,27.073,28.365,27.506,315.0,315.0,False,82.944,"[2049, 2048, 2048, 2048, 2048, 2048]","[2048, 2048, 2049, 2049, 2049, 2048, 2048]","[2048, 2049, 2048, 2048, 2049, 2048, 2048, 2048]",338.0,14_9590
1244,9590,14,47,2024-09-01T14:09:39.673000+00:00,27.393,28.327,27.501,313.0,317.0,False,83.221,"[2048, 2048, 2048, 2048, 2048, 2048]","[2048, 2048, 2048, 2048, 2049, 2048, 2048]","[2049, 2048, 2048, 2048, 2048, 2048, 2048, 2048]",322.0,14_9590
1244,9590,14,48,2024-09-01T14:11:02.832000+00:00,27.312,28.373,27.56,316.0,316.0,False,83.245,"[None, 2048, 2048, 2048, 2048, 2048]","[2048, 2048, 2049, 2048, 2048, 2048, 2048]","[2048, 2048, 2048, 2048, 2048, 2048, 2048, 2048]",323.0,14_9590
1244,9590,14,49,2024-09-01T14:12:26.145000+00:00,27.385,28.457,27.683,318.0,316.0,False,83.525,"[None, 2048, 2048, 2048, 2048, 2048]","[2048, 2048, 2048, 2048, 2048, 2048, 2048]","[2048, 2048, 2048, 2048, 2048, 2048, 2048, 2048]",,14_9590
1244,9590,14,50,2024-09-01T14:13:49.683000+00:00,27.427,28.412,27.672,319.0,318.0,False,83.511,"[None, 2048, 2048, 2048, 2048, 2048]","[2048, 2048, 2048, 2048, 2048, 2048, 2048]","[2048, 2048, 2048, 2048, 2048, 2048, 2048, 2048]",324.0,14_9590
1244,9590,14,51,2024-09-01T14:15:13.247000+00:00,27.463,28.459,27.546,313.0,318.0,False,83.468,"[None, 2048, 2048, 2048, 2049, 2048]","[2048, 2048, 2048, 2048, 2048, 2048, 2048]","[2048, 2048, 2048, 2048, 2048, 2048, 2048, 2048]",,14_9590
1244,9590,14,52,2024-09-01T14:16:36.588000+00:00,27.419,28.553,27.789,318.0,318.0,False,83.761,"[None, 2048, 2048, 2048, 2048, 2048]","[2048, 2048, 2048, 2048, 2048, 2048, 2048]","[2048, 2049, 2049, 2048, 2048, 2048, 2048, 2048]",327.0,14_9590
1244,9590,14,53,2024-09-01T14:18:00.339000+00:00,27.435,28.394,27.857,320.0,319.0,False,83.686,"[None, 2048, 2048, 2048, 2048, 2048]","[2049, 2048, 2049, 2048, 2048, 2048, 2048]","[2048, 2048, 2048, 2049, 2048, 2048, 2048, 2048]",328.0,14_9590
1244,9590,16,1,2024-09-01T13:03:34.412000+00:00,30.207,29.989,28.398,316.0,313.0,False,88.594,"[2048, 2049, 2049, 2049, 2049, 2049]","[2049, 2051, 2049, 2049, 2051, 2049, 2049]","[2049, 2049, 2049, 2049, 2049, 2051, 2049, 2051]",300.0,16_9590
1244,9590,16,2,2024-09-01T13:05:03.005000+00:00,27.707,29.265,28.424,315.0,325.0,False,85.396,"[2049, 2049, 2049, 2049, 2049, 2049]","[2049, 2049, 2051, 2051, 2048, 2049, 2049]","[2049, 2048, 2048, 2049, 2049, 2049, 2049, 2049]",325.0,16_9590
1244,9590,16,3,2024-09-01T13:06:28.451000+00:00,27.679,29.001,28.499,313.0,324.0,False,85.179,"[None, 2049, 2049, 2048, 2049, 2048]","[2049, 2049, 2051, 2051, 2048, 2048, 2048]","[2048, 2048, 2049, 2048, 2048, 2048, 2048, 2048]",328.0,16_9590
1244,9590,16,4,2024-09-01T13:07:53.677000+00:00,27.653,28.883,28.274,314.0,324.0,False,84.81,"[None, 2048, 2048, 2048, 2049, 2048]","[2049, 2048, 2048, 2051, 2049, 2049, 2048]","[2049, 2048, 2049, 2049, 2048, 2048, 2048, 2048]",327.0,16_9590
1244,9590,16,5,2024-09-01T13:09:18.391000+00:00,27.63,28.79,28.183,313.0,325.0,False,84.603,"[2048, 2048, 2049, 2048, 2048, 2048]","[2048, 2048, 2048, 2051, 2049, 2049, 2048]","[2049, 2048, 2048, 2048, 2049, 2048, 2048, 2048]",321.0,16_9590
1244,9590,16,6,2024-09-01T13:10:43.134000+00:00,27.596,28.945,28.122,315.0,325.0,False,84.663,"[None, 2049, 2049, 2048, 2048, 2048]","[2048, 2048, 2048, 2048, 2049, 2049, 2049]","[2049, 2048, 2049, 2049, 2048, 2048, 2048, 2048]",325.0,16_9590
1244,9590,16,7,2024-09-01T13:12:07.753000+00:00,27.645,28.701,28.088,314.0,326.0,False,84.434,"[None, 2048, 2048, 2048, 2048, 2048]","[2048, 2048, 2048, 2049, 2049, 2049, 2049]","[2049, 2048, 2049, 2049, 2048, 2048, 2048, 2048]",329.0,16_9590
1244,9590,16,8,2024-09-01T13:13:32.169000+00:00,27.557,28.771,28.241,,325.0,False,84.569,"[None, 2049, 2048, 2049, 2048, 2048]","[2049, 2048, 2048, 2048, 2048, 2048, 2048]","[2048, 2048, 2048, 2048, 2048, 2048, 2049, 2048]",333.0,16_9590
1244,9590,16,9,2024-09-01T13:14:56.660000+00:00,27.542,28.781,28.039,,326.0,False,84.362,"[2049, 2049, 2048, 2048, 2048, 2048]","[2048, 2048, 2048, 2048, 2049, 2049, 2049]","[2048, 2049, 2049, 2048, 2048, 2048, 2048, 2048]",,16_9590
1244,9590,16,10,2024-09-01T13:16:21.155000+00:00,27.515,28.84,28.077,,325.0,False,84.432,"[2048, 2048, 2049, 2048, 2048, 2048]","[2049, 2048, 2048, 2048, 2048, 2048, 2048]","[2049, 2049, 2048, 2049, 2048, 2048, 2048, 2048]",334.0,16_9590
1244,9590,16,11,2024-09-01T13:17:45.559000+00:00,27.633,28.951,28.262,313.0,316.0,False,84.846,"[None, 2048, 2048, 2048, 2048, 2048]","[2049, 2048, 2048, 2048, 2048, 2048, 2048]","[2048, 2048, 2048, 2048, 2048, 2048, 2048, 2048]",323.0,16_9590
1244,9590,16,12,2024-09-01T13:19:10.276000+00:00,27.68,28.971,28.265,312.0,316.0,False,84.916,"[None, 2048, 2048, 2048, 2048, 2048]","[2048, 2048, 2048, 2048, 2048, 2048, 2048]","[2048, 2048, 2048, 2048, 2048, 2048, 2048, 2048]",321.0,16_9590
1244,9590,16,13,2024-09-01T13:20:35.346000+00:00,27.812,29.177,28.54,311.0,315.0,False,85.529,"[None, 2048, 2048, 2048, 2048, 2048]","[2049, 2048, 2048, 2048, 2048, 2048, 2048]","[2048, 2048, 2048, 2048, 2048, 2048, 2048, 2048]",,16_9590
1244,9590,16,14,2024-09-01T13:22:00.856000+00:00,27.839,29.217,28.55,312.0,314.0,False,85.606,"[None, 2048, 2048, 2048, 2048, 2048]","[2048, 2048, 2048, 2048, 2048, 2048, 2048]","[2049, 2048, 2048, 2048, 2048, 2048, 2048, 2048]",320.0,16_9590
1244,9590,16,15,2024-09-01T13:23:26.425000+00:00,28.034,29.361,32.797,,314.0,False,90.192,"[None, 2048, 2048, 2048, 2048, 2048]","[2048, 2048, 2048, 2048, 2048, 2048, 2048]","[2048, 2048, 2048, 2048, 2048, 2048, 2048, 2064]",318.0,16_9590
1244,9590,16,16,2024-09-01T13:24:56.510000+00:00,47.985,28.75,28.153,313.0,314.0,True,104.888,"[2064, 2064, 2048, 2049, 2049, 2048]","[2048, 2049, 2048, 2048, 2049, 2048, 2048]","[2048, 2049, 2049, 2048, 2048, 2048, 2048, 2048]",284.0,16_9590
1244,9590,16,17,2024-09-01T13:26:41.473000+00:00,27.458,28.73,28.082,314.0,318.0,False,84.27,"[2048, 2048, 2049, 2048, 2048, 2049]","[2048, 2048, 2048, 2049, 2048, 2048, 2048]","[2048, 2048, 2049, 2048, 2048, 2049, 2049, 2049]",322.0,16_9590
1244,9590,16,18,2024-09-01T13:28:05.665000+00:00,27.408,28.571,27.896,316.0,327.0,False,83.875,"[None, 2048, 2048, 2048, 2048, 2049]","[2048, 2048, 2048, 2051, 2048, 2049, 2049]","[2048, 2049, 2049, 2048, 2048, 2049, 2049, 2049]",329.0,16_9590
1244,9590,16,19,2024-09-01T13:29:29.577000+00:00,27.354,28.722,28.127,317.0,327.0,False,84.203,"[2049, 2049, 2048, 2048, 2049, 2049]","[2048, 2048, 2048, 2048, 2048, 2051, 2049]","[2048, 2048, 2048, 2048, 2048, 2048, 2048, 2048]",336.0,16_9590
1244,9590,16,20,2024-09-01T13:30:53.769000+00:00,27.483,28.623,27.72,315.0,327.0,False,83.826,"[2048, 2048, 2048, 2048, 2048, 2048]","[2048, 2048, 2048, 2048, 2048, 2048, 2048]","[2048, 2048, 2048, 2048, 2049, 2049, 2049]",325.0,16_9590
1244,9590,16,21,2024-09-01T13:32:17.596000+00:00,27.423,28.725,27.732,,318.0,False,83.88,"[None, 2048, 2048, 2048, 2049, 2048]","[2049, 2048, 2048, 2048, 2048, 2048, 2048]","[2048, 2049, 2048, 2048, 2048, 2048, 2048, 2048]",335.0,16_9590
1244,9590,16,22,2024-09-01T13:33:41.593000+00:00,27.358,28.484,27.926,316.0,328.0,False,83.768,"[None, 2048, 2048, 2049, 2048, 2048]","[2048, 2048, 2048, 2051, 2048, 2048, 2048]","[2051, 2048, 2048, 2048, 2048, 2048, 2048]",327.0,16_9590
1244,9590,16,23,2024-09-01T13:35:05.273000+00:00,27.438,28.501,27.925,318.0,319.0,False,83.864,"[None, 2048, 2048, 2048, 2048, 2048]","[2049, 2049, 2049, 2049, 2048, 2048, 2048]","[2048, 2048, 2048, 2048, 2048, 2048, 2048, 2048]",326.0,16_9590
1244,9590,16,24,2024-09-01T13:36:29.098000+00:00,27.347,28.551,27.742,317.0,319.0,False,83.64,"[None, 2048, 2048, 2048, 2048, 2048]","[2049, 2048, 2048, 2049, 2048, 2048, 2048]","[2048, 2048, 2048, 2048, 2049, 2048, 2048, 2048]",327.0,16_9590
1244,9590,16,25,2024-09-01T13:37:52.818000+00:00,27.38,28.445,27.765,316.0,319.0,False,83.59,"[None, 2048, 2048, 2048, 2048, 2048]","[2048, 2048, 2049, 2048, 2049, 2048, 2048]","[2051, 2048, 2048, 2048, 2049, 2048, 2048, 2048]",326.0,16_9590
1244,9590,16,26,2024-09-01T13:39:16.466000+00:00,27.356,28.307,27.658,,319.0,False,83.321,"[None, 2048, 2048, 2049, 2048, 2048]","[2048, 2049, 2048, 2048, 2049, 2048, 2048]","[2048, 2049, 2048, 2048, 2049, 2048, 2049, 2048]",324.0,16_9590
1244,9590,16,27,2024-09-01T13:40:39.849000+00:00,27.38,28.412,27.742,,319.0,False,83.534,"[None, 2048, 2048, 2048, 2048, 2048]","[2049, 2048, 2048, 2048, 2049, 2048, 2048]","[2048, 2048, 2048, 2048, 2048, 2048, 2049, 2048]",325.0,16_9590
1244,9590,16,28,2024-09-01T13:42:03.253000+00:00,27.337,28.297,27.65,317.0,320.0,False,83.284,"[None, 2048, 2048, 2049, 2049, 2048]","[2048, 2048, 2048, 2049, 2048, 2048, 2048]","[2048, 2049, 2049, 2048, 2048, 2048, 2048, 2048]",326.0,16_9590
1244,9590,16,29,2024-09-01T13:43:26.515000+00:00,27.336,28.301,27.592,,319.0,False,83.229,"[None, 2048, 2048, 2048, 2048, 2048]","[2048, 2048, 2048, 2048, 2049, 2048, 2048]","[2048, 2048, 2049, 2048, 2049, 2048, 2049, 2048]",325.0,16_9590
1244,9590,16,30,2024-09-01T13:44:49.738000+00:00,27.361,28.259,27.739,,320.0,False,83.359,"[None, 2048, 2048, 2048, 2048, 2048]","[2048, 2049, 2049, 2048, 2048, 2048, 2048]","[2048, 2048, 2049, 2048, 2048, 2048, 2048, 2048]",,16_9590
1244,9590,16,31,2024-09-01T13:46:13.093000+00:00,27.312,28.74,27.92,318.0,329.0,False,83.972,"[None, 2048, 2048, 2048, 2048, 2048]","[2048, 2049, 2048, 2048, 2048, 2049, 2049]","[2048, 2048, 2049, 2048, 2048, 2049, 2049, 2049]",326.0,16_9590
1244,9590,16,32,2024-09-01T13:47:37.075000+00:00,27.246,28.382,27.646,319.0,331.0,False,83.274,"[2049, 2049, 2048, 2048, 2049, 2049]","[2048, 2048, 2048, 2048, 2048, 2048, 2049]","[2048, 2048, 2049, 2048, 2048, 2048, 2048, 2048]",338.0,16_9590
1244,9590,16,33,2024-09-01T13:49:00.302000+00:00,27.189,28.364,27.673,315.0,319.0,False,83.226,"[2048, 2048, 2048, 2049, 2048, 2048]","[2049, 2048, 2048, 2048, 2048, 2048, 2048]","[2048, 2048, 2048, 2048, 2048, 2048, 2048, 2048]",333.0,16_9590
1244,9590,16,34,2024-09-01T13:50:23.556000+00:00,27.324,28.408,27.698,316.0,320.0,False,83.43,"[None, 2048, 2048, 2048, 2048, 2048]","[2048, 2048, 2048, 2048, 2048, 2048, 2048]","[2048, 2048, 2048, 2048, 2048, 2048, 2048, 2048]",325.0,16_9590
1244,9590,16,35,2024-09-01T13:51:47.042000+00:00,27.393,28.512,27.776,,319.0,False,83.681,"[None, 2048, 2048, 2048, 2048, 2048]","[2048, 2048, 2048, 2048, 2048, 2048, 2048]","[2048, 2048, 2049, 2048, 2048, 2048, 2048, 2048]",,16_9590
1244,9590,16,36,2024-09-01T13:53:10.810000+00:00,27.31,28.493,27.911,318.0,321.0,False,83.714,"[None, 2048, 2048, 2048, 2048, 2048]","[2048, 2048, 2048, 2048, 2048, 2048, 2048]","[2048, 2048, 2048, 2048, 2048, 2048, 2048, 2048]",,16_9590
1244,9590,16,37,2024-09-01T13:54:34.446000+00:00,27.279,28.457,27.814,316.0,319.0,False,83.55,"[None, 2048, 2048, 2048, 2048, 2048]","[2048, 2048, 2049, 2048, 2048, 2048, 2048]","[2049, 2048, 2048, 2048, 2048, 2048, 2048, 2048]",335.0,16_9590
1244,9590,16,38,2024-09-01T13:55:57.904000+00:00,27.372,28.466,27.786,318.0,320.0,False,83.624,"[None, 2048, 2048, 2048, 2048, 2048]","[2048, 2048, 2048, 2048, 2048, 2048, 2048]","[2048, 2049, 2048, 2048, 2048, 2048, 2048, 2048]",325.0,16_9590
1244,9590,16,39,2024-09-01T13:57:21.606000+00:00,27.448,28.564,27.706,,327.0,False,83.718,"[None, 2048, 2048, 2048, 2048, 2048]","[2048, 2048, 2048, 2048, 2048, 2048, 2048]","[2048, 2049, 2048, 2048, 2048, 2048, 2048, 2048]",,16_9590
1244,9590,16,40,2024-09-01T13:58:45.324000+00:00,27.399,28.465,27.826,315.0,318.0,False,83.69,"[None, 2048, 2048, 2048, 2048, 2048]","[2048, 2048, 2048, 2048, 2048, 2048, 2048]","[2051, 2048, 2048, 2048, 2048, 2048, 2048]",322.0,16_9590
1244,9590,16,41,2024-09-01T14:00:08.946000+00:00,27.372,28.44,27.799,,318.0,False,83.611,"[None, 2048, 2048, 2048, 2048, 2048]","[2048, 2048, 2048, 2048, 2048, 2048, 2048]","[2048, 2048, 2048, 2048, 2048, 2048, 2048, 2048]",,16_9590
1244,9590,16,42,2024-09-01T14:01:32.637000+00:00,27.424,28.458,27.788,316.0,319.0,False,83.67,"[None, 2048, 2048, 2048, 2048, 2048]","[2048, 2048, 2049, 2048, 2048, 2048, 2048]","[2048, 2048, 2049, 2048, 2048, 2048, 2048, 2048]",323.0,16_9590
1244,9590,16,43,2024-09-01T14:02:56.287000+00:00,27.382,28.558,27.927,318.0,321.0,False,83.867,"[None, 2048, 2048, 2048, 2048, 2048]","[2048, 2048, 2048, 2048, 2048, 2048, 2048]","[2048, 2048, 2049, 2048, 2048, 2048, 2048, 2048]",324.0,16_9590
1244,9590,16,44,2024-09-01T14:04:20.156000+00:00,27.386,28.395,27.649,315.0,317.0,False,83.43,"[None, 2048, 2048, 2048, 2048, 2048]","[2048, 2048, 2048, 2048, 2048, 2048, 2048]","[2048, 2049, 2048, 2048, 2048, 2048, 2048, 2048]",323.0,16_9590
1244,9590,16,45,2024-09-01T14:05:43.646000+00:00,27.507,28.427,27.797,313.0,315.0,False,83.731,"[None, 2048, 2048, 2048, 2048, 2048]","[2048, 2048, 2048, 2048, 2048, 2048, 2048]","[2048, 2048, 2048, 2048, 2048, 2048, 2048, 2048]",320.0,16_9590
1244,9590,16,46,2024-09-01T14:07:07.289000+00:00,27.539,28.364,27.694,316.0,319.0,False,83.597,"[None, 2048, 2049, 2048, 2048, 2048]","[2048, 2048, 2049, 2048, 2048, 2048, 2048]","[2048, 2048, 2048, 2048, 2048, 2048, 2048, 2048]",323.0,16_9590
1244,9590,16,47,2024-09-01T14:08:30.866000+00:00,27.509,28.426,27.741,314.0,316.0,False,83.676,"[None, 2048, 2048, 2048, 2048, 2048]","[2048, 2048, 2048, 2048, 2048, 2048, 2048]","[2048, 2048, 2048, 2048, 2048, 2048, 2048, 2048]",321.0,16_9590
1244,9590,16,48,2024-09-01T14:09:54.613000+00:00,27.502,28.365,27.651,,318.0,False,83.518,"[None, 2048, 2048, 2048, 2048, 2048]","[2048, 2048, 2048, 2048, 2048, 2048, 2048]","[2048, 2048, 2048, 2048, 2048, 2049, 2049, 2048]",322.0,16_9590
1244,9590,16,49,2024-09-01T14:11:18.153000+00:00,27.457,28.319,27.691,316.0,317.0,False,83.467,"[None, 2048, 2048, 2048, 2048, 2048]","[2048, 2048, 2048, 2048, 2048, 2048, 2048]","[2048, 2048, 2048, 2048, 2048, 2048, 2049, 2048]",,16_9590
1244,9590,16,50,2024-09-01T14:12:41.531000+00:00,27.425,28.336,27.7,,318.0,False,83.461,"[None, 2048, 2048, 2048, 2048, 2048]","[2048, 2048, 2048, 2048, 2048, 2048, 2048]","[2048, 2048, 2048, 2048, 2048, 2048, 2048, 2048]",,16_9590
1244,9590,16,51,2024-09-01T14:14:05.018000+00:00,27.432,28.386,27.737,318.0,320.0,False,83.555,"[None, 2048, 2048, 2048, 2048, 2048]","[2048, 2048, 2049, 2048, 2048, 2048, 2048]","[2048, 2048, 2049, 2048, 2048, 2048, 2049, 2048]",323.0,16_9590
1244,9590,16,52,2024-09-01T14:15:28.694000+00:00,,28.471,27.847,319.0,321.0,False,83.75,"[None, 2048, 2048, 2048, 2049, 2049]","[2048, 2048, 2049, 2048, 2048, 2048, 2048]","[2048, 2048, 2048, 2048, 2048, 2048, 2048, 2048]",324.0,16_9590
1244,9590,16,53,2024-09-01T14:16:52.392000+00:00,27.285,28.302,27.681,324.0,326.0,False,83.268,"[None, 2048, 2048, 2048, 2049, 2049]","[2048, 2048, 2049, 2048, 2048, 2048, 2048]","[2049, 2048, 2049, 2048, 2048, 2048, 2048]",329.0,16_9590
1244,9590,18,1,2024-09-01T13:03:34.412000+00:00,33.185,32.459,30.584,336.0,316.0,False,96.228,"[2048, 2049, 2049, 2049, 2049, 2049]","[2049, 2049, 2049, 2049, 2049, 2049, 2049]","[2049, 2049, 2051, 2049, 2049, 2049, 2049, 2049]",279.0,18_9590
1244,9590,18,2,2024-09-01T13:05:10.639000+00:00,28.654,30.65,29.038,322.0,340.0,False,88.342,"[2049, 2049, 2049, 2049, 2048, 2048]","[2049, 2049, 2049, 2049, 2049, 2049, 2051]","[2049, 2049, 2048, 2049, 2049, 2049, 2049, 2048]",340.0,18_9590
1244,9590,18,3,2024-09-01T13:06:39.042000+00:00,27.671,30.279,28.784,312.0,340.0,False,86.734,"[None, 2049, 2048, 2049, 2048, 2048]","[2049, 2049, 2049, 2049, 2048, 2048, 2048]","[2049, 2049, 2048, 2048, 2049, 2049, 2049, 2048]",338.0,18_9590
1244,9590,18,4,2024-09-01T13:08:05.802000+00:00,27.514,29.972,28.767,317.0,335.0,False,86.253,"[None, 2049, 2048, 2049, 2048, 2048]","[2049, 2049, 2049, 2048, 2049, 2048, 2048]","[2048, 2049, 2048, 2048, 2049, 2048, 2048, 2048]",344.0,18_9590
1244,9590,18,5,2024-09-01T13:09:32.041000+00:00,27.636,30.549,29.049,,334.0,False,87.234,"[2048, 2048, 2048, 2048, 2048, 2048]","[2048, 2048, 2048, 2049, 2049, 2048, 2048]","[2048, 2048, 2048, 2048, 2048, 2048, 2048, 2048]",335.0,18_9590
1244,9590,18,6,2024-09-01T13:10:59.233000+00:00,27.529,29.431,28.598,,330.0,False,85.558,"[None, 2048, 2049, 2049, 2048, 2048]","[2049, 2049, 2049, 2048, 2049, 2048, 2048]","[2048, 2049, 2048, 2048, 2049, 2049, 2049, 2048]",340.0,18_9590
1244,9590,18,7,2024-09-01T13:12:24.765000+00:00,28.114,29.553,28.541,309.0,315.0,False,86.208,"[2049, 2048, 2049, 2048, 2048, 2048]","[2048, 2049, 2049, 2049, 2049, 2048, 2048]","[2049, 2049, 2048, 2048, 2049, 2049, 2048, 2048]",353.0,18_9590
1244,9590,18,8,2024-09-01T13:13:50.899000+00:00,27.799,29.379,28.621,,316.0,False,85.799,"[2048, 2048, 2048, 2049, 2048, 2048]","[2048, 2049, 2048, 2049, 2048, 2048, 2048]","[2048, 2048, 2048, 2048, 2048, 2048, 2048, 2048]",318.0,18_9590
1244,9590,18,9,2024-09-01T13:15:16.769000+00:00,27.777,29.585,28.662,312.0,317.0,False,86.024,"[None, 2048, 2048, 2048, 2048, 2048]","[2048, 2048, 2048, 2048, 2048, 2048, 2048]","[2048, 2048, 2048, 2048, 2048, 2048, 2048, 2048]",324.0,18_9590
1244,9590,18,10,2024-09-01T13:16:42.750000+00:00,27.822,29.369,28.991,314.0,330.0,False,86.182,"[None, 2048, 2048, 2048, 2048, 2048]","[2048, 2048, 2048, 2049, 2048, 2048, 2048]","[2048, 2048, 2048, 2048, 2048, 2048, 2048]",323.0,18_9590
1244,9590,18,11,2024-09-01T13:18:08.873000+00:00,27.691,29.398,28.586,311.0,315.0,False,85.675,"[None, 2048, 2048, 2048, 2048, 2048]","[2049, 2048, 2048, 2048, 2048, 2048, 2048]","[2048, 2049, 2048, 2048, 2048, 2048, 2048]",329.0,18_9590
1244,9590,18,12,2024-09-01T13:19:34.609000+00:00,27.829,29.342,28.776,,313.0,False,85.947,"[None, 2048, 2048, 2048, 2048, 2048]","[2048, 2048, 2049, 2049, 2049, 2048, 2048]","[2048, 2048, 2048, 2048, 2049, 2049, 2048, 2048]",320.0,18_9590
1244,9590,18,13,2024-09-01T13:21:00.586000+00:00,27.742,29.697,28.704,309.0,313.0,False,86.143,"[None, 2048, 2048, 2048, 2048, 2048]","[2048, 2048, 2048, 2048, 2048, 2048, 2048]","[2048, 2048, 2048, 2048, 2048, 2048, 2048]",327.0,18_9590
1244,9590,18,14,2024-09-01T13:22:26.696000+00:00,27.738,29.465,28.692,314.0,315.0,False,85.895,"[None, 2048, 2048, 2048, 2048, 2048]","[2049, 2048, 2048, 2048, 2048, 2048, 2048]","[2048, 2048, 2048, 2048, 2048, 2048, 2048, 2048]",320.0,18_9590
1244,9590,18,15,2024-09-01T13:23:52.509000+00:00,28.009,29.927,29.05,311.0,313.0,False,86.986,"[None, 2048, 2048, 2048, 2048, 2048]","[2048, 2048, 2048, 2048, 2048, 2048, 2048]","[2048, 2048, 2048, 2048, 2048, 2048, 2048, 2048]",318.0,18_9590
1244,9590,18,16,2024-09-01T13:25:19.685000+00:00,27.925,29.737,28.931,,311.0,False,86.593,"[None, 2048, 2048, 2048, 2048, 2048]","[2048, 2048, 2048, 2048, 2048, 2048, 2048]","[2048, 2048, 2048, 2048, 2048, 2048, 2048, 2048]",320.0,18_9590
1244,9590,18,17,2024-09-01T13:26:46.146000+00:00,27.839,29.852,28.893,,313.0,False,86.584,"[None, 2048, 2048, 2048, 2048, 2048]","[2048, 2048, 2048, 2048, 2048, 2048, 2048]","[2048, 2048, 2048, 2048, 2048, 2048, 2048, 2048]",322.0,18_9590
1244,9590,18,18,2024-09-01T13:28:12.845000+00:00,27.903,30.488,29.133,312.0,326.0,False,87.524,"[None, 2048, 2048, 2048, 2048, 2048]","[2048, 2048, 2048, 2048, 2048, 2048, 2048]","[2048, 2048, 2048, 2048, 2048, 2048, 2048]",325.0,18_9590
1244,9590,18,19,2024-09-01T13:29:40.259000+00:00,27.867,29.83,33.624,314.0,315.0,False,91.321,"[None, 2048, 2048, 2048, 2048, 2048]","[2049, 2048, 2048, 2048, 2048, 2048, 2048]","[2048, 2048, 2048, 2048, 2048, 2048, 2048, 2064]",,18_9590
1244,9590,18,20,2024-09-01T13:31:11.556000+00:00,48.081,29.135,28.449,323.0,314.0,True,105.665,"[2064, 2064, 2048, 2048, 2048, 2048]","[2049, 2048, 2048, 2049, 2049, 2048, 2048]","[2048, 2048, 2048, 2048, 2049, 2049, 2049, 2048]",283.0,18_9590
1244,9590,18,21,2024-09-01T13:32:57.282000+00:00,27.443,29.024,28.254,313.0,316.0,False,84.721,"[2048, 2048, 2048, 2049, 2048, 2048]","[2048, 2048, 2049, 2049, 2049, 2048, 2048]","[2049, 2049, 2048, 2048, 2049, 2048, 2048, 2048]",331.0,18_9590
1244,9590,18,22,2024-09-01T13:34:22.085000+00:00,27.515,29.053,28.153,316.0,317.0,False,84.721,"[None, 2048, 2048, 2048, 2049, 2048]","[2048, 2048, 2048, 2049, 2048, 2048, 2048]","[2049, 2049, 2048, 2049, 2049, 2048, 2049, 2048]",326.0,18_9590
1244,9590,18,23,2024-09-01T13:35:46.819000+00:00,27.408,29.088,28.163,317.0,317.0,False,84.659,"[None, 2048, 2048, 2048, 2049, 2048]","[2048, 2048, 2048, 2048, 2048, 2048, 2048]","[2048, 2049, 2048, 2049, 2048, 2048, 2048, 2048]",328.0,18_9590
1244,9590,18,24,2024-09-01T13:37:11.430000+00:00,27.482,29.036,28.25,316.0,317.0,False,84.768,"[None, 2048, 2048, 2048, 2048, 2048]","[2048, 2048, 2049, 2048, 2048, 2048, 2048]","[2048, 2048, 2048, 2048, 2048, 2048, 2048, 2048]",327.0,18_9590
1244,9590,18,25,2024-09-01T13:38:36.196000+00:00,27.401,29.097,28.245,,318.0,False,84.743,"[None, 2048, 2048, 2048, 2048, 2048]","[2048, 2048, 2048, 2048, 2048, 2048, 2048]","[2048, 2048, 2048, 2049, 2048, 2048, 2049, 2048]",326.0,18_9590
1244,9590,18,26,2024-09-01T13:40:00.937000+00:00,27.491,28.9,28.1,,319.0,False,84.491,"[None, 2048, 2048, 2048, 2048, 2048]","[2049, 2048, 2048, 2048, 2049, 2048, 2048]","[2049, 2048, 2048, 2048, 2049, 2048, 2049, 2048]",324.0,18_9590
1244,9590,18,27,2024-09-01T13:41:25.469000+00:00,27.388,28.802,28.247,319.0,330.0,False,84.437,"[None, 2048, 2048, 2048, 2048, 2048]","[2048, 2048, 2048, 2048, 2048, 2048, 2048]","[2048, 2048, 2048, 2049, 2049, 2048, 2049, 2048]",330.0,18_9590
1244,9590,18,28,2024-09-01T13:42:49.841000+00:00,27.371,28.965,28.282,,331.0,False,84.618,"[None, 2048, 2048, 2048, 2049, 2048]","[2048, 2048, 2049, 2048, 2048, 2048, 2048]","[2048, 2048, 2048, 2049, 2048, 2048, 2049, 2048]",345.0,18_9590
1244,9590,18,29,2024-09-01T13:44:14.531000+00:00,27.362,29.444,28.591,322.0,335.0,False,85.397,"[None, 2048, 2048, 2048, 2049, 2048]","[2048, 2048, 2048, 2048, 2048, 2049, 2048]","[2048, 2048, 2048, 2048, 2048, 2048, 2049, 2049]",339.0,18_9590
1244,9590,18,30,2024-09-01T13:45:39.907000+00:00,27.631,29.905,28.841,331.0,336.0,False,86.377,"[2049, 2049, 2048, 2048, 2049, 2049]","[2048, 2048, 2048, 2048, 2048, 2049, 2048]","[2048, 2048, 2049, 2048, 2048, 2048, 2049]",342.0,18_9590
1244,9590,18,31,2024-09-01T13:47:06.223000+00:00,27.379,29.025,28.345,316.0,336.0,False,84.749,"[2048, 2048, 2048, 2048, 2048, 2048]","[2048, 2048, 2048, 2048, 2048, 2049, 2048]","[2048, 2048, 2048, 2048, 2048, 2048, 2048, 2048]",340.0,18_9590
1244,9590,18,32,2024-09-01T13:48:31.057000+00:00,27.675,29.483,28.418,327.0,331.0,False,85.576,"[None, 2048, 2048, 2048, 2048, 2048]","[2048, 2048, 2049, 2048, 2048, 2048, 2048]","[2048, 2048, 2048, 2048, 2048, 2048, 2048, 2048]",,18_9590
1244,9590,18,33,2024-09-01T13:49:56.555000+00:00,27.546,29.102,28.299,315.0,329.0,False,84.947,"[None, 2048, 2048, 2048, 2048, 2048]","[2048, 2048, 2048, 2048, 2048, 2048, 2048]","[2048, 2048, 2048, 2048, 2048, 2048, 2048, 2048]",332.0,18_9590
1244,9590,18,34,2024-09-01T13:51:21.614000+00:00,27.349,29.1,28.407,321.0,332.0,False,84.856,"[None, 2048, 2048, 2048, 2048, 2048]","[2048, 2048, 2048, 2048, 2048, 2048, 2048]","[2048, 2048, 2048, 2049, 2048, 2048, 2048, 2048]",343.0,18_9590
1244,9590,18,35,2024-09-01T13:52:46.565000+00:00,27.402,29.095,28.366,,331.0,False,84.863,"[None, 2048, 2048, 2048, 2048, 2048]","[2048, 2048, 2049, 2048, 2048, 2048, 2048]","[2048, 2048, 2048, 2048, 2048, 2048, 2048, 2048]",339.0,18_9590
1244,9590,18,36,2024-09-01T13:54:11.274000+00:00,27.44,29.135,32.759,318.0,330.0,False,89.334,"[None, 2048, 2048, 2048, 2048, 2048]","[2048, 2048, 2048, 2048, 2048, 2048, 2048]","[2048, 2048, 2048, 2048, 2048, 2048, 2048, 2064]",337.0,18_9590
1244,9590,18,37,2024-09-01T13:55:40.455000+00:00,46.949,28.823,28.003,328.0,325.0,True,103.775,"[2064, 2064, 2048, 2048, 2048, 2048]","[2048, 2048, 2049, 2048, 2048, 2048, 2048]","[2048, 2049, 2048, 2048, 2049, 2049, 2049, 2048]",283.0,18_9590
1244,9590,18,38,2024-09-01T13:57:24.361000+00:00,26.947,28.796,27.874,313.0,315.0,False,83.617,"[2048, 2048, 2051, 2048, 2048, 2048]","[2048, 2049, 2048, 2048, 2049, 2048, 2048]","[2048, 2049, 2048, 2048, 2049, 2049, 2048]",356.0,18_9590
1244,9590,18,39,2024-09-01T13:58:47.897000+00:00,27.336,28.607,28.487,314.0,330.0,False,84.43,"[None, 2048, 2048, 2049, 2048, 2048]","[2048, 2048, 2048, 2048, 2048, 2048, 2048]","[2048, 2048, 2048, 2048, 2048, 2048, 2048, 2049]",324.0,18_9590
1244,9590,18,40,2024-09-01T14:00:12.478000+00:00,28.301,28.853,28.623,319.0,331.0,False,85.777,"[None, 2048, 2051, 2048, 2048, 2048]","[2048, 2048, 2048, 2048, 2048, 2048, 2048]","[2048, 2048, 2049, 2048, 2048, 2048, 2048, 2049]",356.0,18_9590
1244,9590,18,41,2024-09-01T14:01:38.245000+00:00,26.975,28.741,27.986,311.0,312.0,False,83.702,"[None, 2048, 2048, 2048, 2048, 2048]","[2048, 2048, 2048, 2049, 2049, 2048, 2048]","[2048, 2049, 2048, 2048, 2049, 2048, 2048]",355.0,18_9590
1244,9590,18,42,2024-09-01T14:03:01.766000+00:00,27.461,28.549,27.813,312.0,313.0,False,83.823,"[None, 2048, 2048, 2048, 2048, 2048]","[2048, 2048, 2049, 2049, 2049, 2048, 2048]","[2048, 2049, 2048, 2048, 2049, 2049, 2048, 2048]",319.0,18_9590
1244,9590,18,43,2024-09-01T14:04:25.665000+00:00,27.534,28.496,27.78,,314.0,False,83.81,"[None, 2048, 2048, 2048, 2048, 2048]","[2048, 2048, 2049, 2049, 2048, 2048, 2048]","[2048, 2049, 2048, 2048, 2049, 2048, 2048, 2048]",322.0,18_9590
1244,9590,18,44,2024-09-01T14:05:49.536000+00:00,27.358,28.411,27.885,315.0,316.0,False,83.654,"[None, 2048, 2048, 2048, 2048, 2048]","[2049, 2048, 2049, 2049, 2048, 2048, 2048]","[2048, 2048, 2048, 2048, 2048, 2048, 2049, 2048]",321.0,18_9590
1244,9590,18,45,2024-09-01T14:07:13.193000+00:00,27.348,28.321,27.758,316.0,318.0,False,83.427,"[None, 2048, 2048, 2048, 2048, 2048]","[2048, 2049, 2049, 2048, 2048, 2048, 2048]","[2048, 2049, 2048, 2048, 2048, 2049, 2049, 2048]",322.0,18_9590
1244,9590,18,46,2024-09-01T14:08:36.612000+00:00,27.371,28.627,27.908,,317.0,False,83.906,"[None, 2048, 2048, 2048, 2048, 2048]","[2048, 2048, 2048, 2048, 2048, 2048, 2048]","[2048, 2048, 2048, 2048, 2048, 2048, 2048, 2048]",323.0,18_9590
1244,9590,18,47,2024-09-01T14:10:00.546000+00:00,27.349,28.673,27.992,315.0,317.0,False,84.014,"[None, 2048, 2048, 2048, 2048, 2048]","[2048, 2048, 2048, 2048, 2048, 2048, 2048]","[2048, 2048, 2048, 2048, 2048, 2048, 2048, 2048]",326.0,18_9590
1244,9590,18,48,2024-09-01T14:11:24.524000+00:00,27.419,29.351,29.334,317.0,291.0,False,86.104,"[None, 2048, 2048, 2048, 2048, 2048]","[2048, 2048, 2048, 2048, 2048, 2048, 2048]","[2048, 2048, 2048, 2048, 2048, 2048, 2048, 2048]",,18_9590
1244,9590,18,49,2024-09-01T14:12:50.685000+00:00,27.468,29.129,28.467,314.0,319.0,False,85.064,"[None, 2048, 2048, 2048, 2048, 2048]","[2048, 2048, 2048, 2048, 2048, 2048, 2048]","[2048, 2048, 2048, 2048, 2048, 2048, 2048, 2048]",,18_9590
1244,9590,18,50,2024-09-01T14:14:15.757000+00:00,27.901,29.194,33.091,321.0,318.0,False,90.186,"[None, 2048, 2048, 2048, 2048, 2048]","[2048, 2048, 2048, 2048, 2048, 2048, 2048]","[2048, 2048, 2048, 2048, 2048, 2048, 2048, 2064]",320.0,18_9590
1244,9590,18,51,2024-09-01T14:15:45.956000+00:00,49.959,32.44,28.581,265.0,318.0,True,110.98,"[2064, 2064, 2048, 2048, 2048, 2048]","[2048, 2048, 2048, 2048, 2048, 2048, 2048]","[2048, 2048, 2048, 2048, 2048, 2049, 2049, 2048]",247.0,18_9590
1244,9590,18,52,2024-09-01T14:17:36.874000+00:00,26.932,27.914,27.386,324.0,319.0,False,82.232,"[2048, 2048, 2048, 2049, 2048, 2048]","[2049, 2049, 2049, 2049, 2049, 2049, 2048]","[2049, 2049, 2049, 2048, 2049, 2048, 2049, 2048]",337.0,18_9590
1244,9590,20,1,2024-09-01T13:03:34.412000+00:00,32.074,32.021,30.142,338.0,325.0,False,94.237,"[2048, 2049, 2049, 2049, 2049, 2049]","[2049, 2049, 2049, 2049, 2049, 2051, 2049]","[2049, 2049, 2049, 2049, 2049, 2049, 2049, 2049]",273.0,20_9590
1244,9590,20,2,2024-09-01T13:05:08.648000+00:00,28.017,30.016,29.172,315.0,332.0,False,87.205,"[2049, 2049, 2049, 2049, 2048, 2048]","[2049, 2049, 2048, 2049, 2049, 2048, 2049]","[2049, 2049, 2048, 2049, 2049, 2049, 2049, 2049]",313.0,20_9590
1244,9590,20,3,2024-09-01T13:06:36.009000+00:00,27.857,29.621,29.106,314.0,334.0,False,86.584,"[None, 2049, 2048, 2048, 2048, 2048]","[2048, 2049, 2049, 2049, 2049, 2048, 2049]","[2049, 2048, 2049, 2049, 2048, 2048, 2049, 2048]",332.0,20_9590
1244,9590,20,4,2024-09-01T13:08:02.756000+00:00,27.705,29.742,28.925,316.0,333.0,False,86.372,"[None, 2049, 2049, 2049, 2048, 2048]","[2048, 2048, 2048, 2048, 2048, 2048, 2048]","[2049, 2048, 2048, 2048, 2049, 2048, 2049, 2048]",329.0,20_9590
1244,9590,20,5,2024-09-01T13:09:28.886000+00:00,27.875,29.741,28.526,313.0,322.0,False,86.142,"[2048, 2048, 2048, 2048, 2048, 2048]","[2048, 2048, 2048, 2049, 2049, 2048, 2048]","[2048, 2049, 2049, 2049, 2049, 2049, 2049, 2049]",,20_9590
1244,9590,20,6,2024-09-01T13:10:55.056000+00:00,27.751,29.371,28.78,316.0,331.0,False,85.902,"[2049, 2048, 2048, 2049, 2048, 2048]","[2049, 2049, 2049, 2049, 2048, 2048, 2048]","[2051, 2048, 2049, 2048, 2048, 2048, 2048, 2048]",334.0,20_9590
1244,9590,20,7,2024-09-01T13:12:21.022000+00:00,27.67,29.326,28.829,317.0,336.0,False,85.825,"[None, 2049, 2049, 2048, 2048, 2048]","[2049, 2049, 2048, 2048, 2048, 2048, 2049]","[2051, 2048, 2048, 2048, 2048, 2048, 2048, 2048]",340.0,20_9590
1244,9590,20,8,2024-09-01T13:13:46.805000+00:00,27.831,29.342,28.793,316.0,335.0,False,85.966,"[2048, 2048, 2048, 2048, 2048, 2048]","[2048, 2048, 2048, 2049, 2048, 2048, 2048]","[2048, 2048, 2049, 2048, 2048, 2048, 2048, 2048]",333.0,20_9590
1244,9590,20,9,2024-09-01T13:15:12.817000+00:00,27.712,29.421,28.652,318.0,336.0,False,85.785,"[None, 2049, 2048, 2048, 2048, 2048]","[2049, 2048, 2048, 2048, 2048, 2048, 2048]","[2051, 2048, 2048, 2048, 2048, 2048, 2048, 2048]",340.0,20_9590
1244,9590,20,10,2024-09-01T13:16:38.618000+00:00,27.539,29.45,28.81,,340.0,False,85.799,"[None, 2049, 2049, 2048, 2048, 2048]","[2048, 2048, 2048, 2048, 2048, 2048, 2049]","[2048, 2048, 2049, 2048, 2048, 2048, 2048, 2048]",339.0,20_9590
1244,9590,20,11,2024-09-01T13:18:04.430000+00:00,27.934,29.461,28.645,323.0,319.0,False,86.04,"[2049, 2049, 2049, 2048, 2048, 2048]","[2049, 2048, 2048, 2048, 2049, 2048, 2048]","[2048, 2048, 2048, 2048, 2049, 2048, 2048, 2048]",357.0,20_9590
1244,9590,20,12,2024-09-01T13:19:30.254000+00:00,27.89,29.423,28.832,313.0,317.0,False,86.145,"[2048, 2048, 2048, 2049, 2048, 2048]","[2049, 2048, 2048, 2049, 2049, 2048, 2048]","[2048, 2048, 2048, 2048, 2048, 2048, 2048, 2048]",320.0,20_9590
1244,9590,20,13,2024-09-01T13:20:56.502000+00:00,27.987,29.475,28.824,310.0,316.0,False,86.286,"[None, 2048, 2048, 2048, 2048, 2048]","[2048, 2048, 2048, 2048, 2048, 2048, 2048]","[2048, 2048, 2048, 2048, 2048, 2048, 2048, 2048]",319.0,20_9590
1244,9590,20,14,2024-09-01T13:22:22.808000+00:00,27.85,29.265,32.828,311.0,316.0,False,89.943,"[None, 2048, 2048, 2049, 2048, 2048]","[2048, 2049, 2048, 2049, 2048, 2048, 2048]","[2048, 2048, 2048, 2048, 2049, 2049, 2048, 2064]",318.0,20_9590
1244,9590,20,15,2024-09-01T13:23:52.743000+00:00,49.141,29.298,28.584,316.0,329.0,True,107.023,"[2064, 2064, 2048, 2048, 2048, 2048]","[2048, 2048, 2048, 2048, 2048, 2048, 2048]","[2048, 2048, 2048, 2048, 2048, 2048, 2049, 2049]",271.0,20_9590
1244,9590,20,16,2024-09-01T13:25:39.876000+00:00,27.528,29.615,28.501,317.0,320.0,False,85.644,"[2048, 2048, 2048, 2048, 2048, 2048]","[2048, 2048, 2048, 2049, 2049, 2048, 2048]","[2048, 2048, 2049, 2048, 2048, 2048, 2048, 2048]",329.0,20_9590
1244,9590,20,17,2024-09-01T13:27:05.412000+00:00,27.413,29.013,28.343,318.0,333.0,False,84.769,"[None, 2048, 2048, 2048, 2048, 2048]","[2048, 2048, 2049, 2049, 2049, 2048, 2048]","[2048, 2049, 2049, 2049, 2048, 2049, 2049, 2049]",,20_9590
1244,9590,20,18,2024-09-01T13:28:30.195000+00:00,27.535,30.511,28.487,319.0,333.0,False,86.533,"[2049, 2048, 2048, 2048, 2051, 2048]","[2048, 2048, 2048, 2048, 2048, 2048, 2048]","[2048, 2048, 2048, 2048, 2049, 2048, 2048, 2048]",342.0,20_9590
1244,9590,20,19,2024-09-01T13:29:56.779000+00:00,27.577,29.035,28.497,316.0,335.0,False,85.109,"[2048, 2048, 2048, 2048, 2048, 2048]","[2048, 2049, 2048, 2048, 2048, 2049, 2048]","[2048, 2048, 2048, 2048, 2048, 2048, 2048, 2048]",339.0,20_9590
1244,9590,20,20,2024-09-01T13:31:21.787000+00:00,27.6,29.118,28.436,318.0,335.0,False,85.154,"[2049, 2048, 2048, 2048, 2048, 2048]","[2048, 2048, 2049, 2048, 2048, 2049, 2048]","[2048, 2048, 2048, 2048, 2048, 2048, 2048]",334.0,20_9590
1244,9590,20,21,2024-09-01T13:32:46.920000+00:00,27.395,29.013,28.385,,336.0,False,84.793,"[None, 2048, 2048, 2048, 2048, 2048]","[2048, 2048, 2048, 2048, 2048, 2049, 2048]","[2048, 2049, 2048, 2048, 2048, 2048, 2049, 2048]",342.0,20_9590
1244,9590,20,22,2024-09-01T13:34:11.839000+00:00,27.494,29.358,28.219,,332.0,False,85.071,"[None, 2048, 2048, 2048, 2048, 2048]","[2048, 2048, 2048, 2048, 2048, 2048, 2048]","[2048, 2048, 2048, 2049, 2048, 2049, 2049, 2048]",339.0,20_9590
1244,9590,20,23,2024-09-01T13:35:36.871000+00:00,27.581,29.225,28.251,,330.0,False,85.057,"[None, 2048, 2048, 2048, 2048, 2048]","[2048, 2048, 2049, 2048, 2048, 2048, 2048]","[2048, 2048, 2049, 2049, 2048, 2048, 2048, 2048]",338.0,20_9590
1244,9590,20,24,2024-09-01T13:37:01.966000+00:00,27.619,29.083,28.429,313.0,319.0,False,85.131,"[2048, 2048, 2048, 2048, 2048, 2048]","[2048, 2048, 2048, 2049, 2049, 2048, 2048]","[2048, 2048, 2048, 2048, 2048, 2048, 2048, 2048]",336.0,20_9590
1244,9590,20,25,2024-09-01T13:38:27.049000+00:00,27.792,29.203,28.509,,330.0,False,85.504,"[None, 2048, 2048, 2048, 2048, 2048]","[2048, 2048, 2048, 2048, 2048, 2048, 2048]","[2048, 2048, 2048, 2048, 2048, 2048, 2049, 2049]",324.0,20_9590
1244,9590,20,26,2024-09-01T13:39:52.564000+00:00,27.63,29.318,28.251,314.0,319.0,False,85.199,"[2049, 2048, 2048, 2048, 2048, 2048]","[2048, 2048, 2048, 2048, 2048, 2048, 2048]","[2048, 2049, 2048, 2048, 2049, 2048, 2048]",329.0,20_9590
1244,9590,20,27,2024-09-01T13:41:17.695000+00:00,27.537,28.928,28.175,315.0,320.0,False,84.64,"[2048, 2048, 2048, 2049, 2048, 2048]","[2048, 2049, 2048, 2049, 2049, 2048, 2048]","[2048, 2049, 2048, 2048, 2049, 2048, 2048, 2048]",322.0,20_9590
1244,9590,20,28,2024-09-01T13:42:42.362000+00:00,27.625,28.819,27.971,316.0,320.0,False,84.415,"[None, 2048, 2048, 2048, 2048, 2048]","[2049, 2049, 2049, 2048, 2048, 2048, 2048]","[2048, 2049, 2048, 2048, 2049, 2049, 2049, 2048]",324.0,20_9590
1244,9590,20,29,2024-09-01T13:44:06.962000+00:00,27.746,28.958,28.095,,319.0,False,84.799,"[None, 2048, 2048, 2048, 2048, 2048]","[2048, 2048, 2048, 2048, 2049, 2048, 2048]","[2048, 2048, 2048, 2048, 2048, 2048, 2048, 2048]",321.0,20_9590
1244,9590,20,30,2024-09-01T13:45:31.698000+00:00,27.504,28.735,28.334,,321.0,False,84.573,"[None, 2048, 2048, 2048, 2048, 2048]","[2048, 2048, 2049, 2049, 2049, 2048, 2048]","[2048, 2048, 2048, 2048, 2048, 2048, 2048, 2048]",324.0,20_9590
1244,9590,20,31,2024-09-01T13:46:56.168000+00:00,27.512,28.763,28.183,317.0,326.0,False,84.458,"[None, 2048, 2048, 2048, 2048, 2048]","[2048, 2048, 2049, 2048, 2048, 2048, 2048]","[2048, 2048, 2048, 2048, 2048, 2048, 2048]",325.0,20_9590
1244,9590,20,32,2024-09-01T13:48:20.542000+00:00,27.426,28.922,28.06,318.0,332.0,False,84.408,"[None, 2048, 2048, 2048, 2048, 2048]","[2048, 2048, 2049, 2048, 2048, 2048, 2048]","[2048, 2048, 2048, 2048, 2048, 2048, 2048, 2048]",335.0,20_9590
1244,9590,20,33,2024-09-01T13:49:45.117000+00:00,27.586,29.068,28.199,317.0,315.0,False,84.853,"[None, 2048, 2051, 2048, 2048, 2048]","[2048, 2048, 2048, 2049, 2049, 2048, 2048]","[2048, 2048, 2048, 2048, 2048, 2048, 2048, 2048]",353.0,20_9590
1244,9590,20,34,2024-09-01T13:51:09.959000+00:00,27.738,28.876,28.088,310.0,314.0,False,84.702,"[None, 2048, 2048, 2049, 2048, 2048]","[2048, 2048, 2048, 2048, 2048, 2048, 2048]","[2048, 2048, 2048, 2048, 2048, 2048, 2048, 2048]",317.0,20_9590
1244,9590,20,35,2024-09-01T13:52:34.594000+00:00,27.575,28.669,27.926,312.0,317.0,False,84.17,"[None, 2048, 2048, 2048, 2048, 2048]","[2048, 2049, 2048, 2049, 2049, 2048, 2048]","[2048, 2049, 2048, 2048, 2049, 2048, 2048]",320.0,20_9590
1244,9590,20,36,2024-09-01T13:53:58.689000+00:00,27.682,28.666,27.928,310.0,315.0,False,84.276,"[None, 2048, 2048, 2048, 2048, 2048]","[2048, 2049, 2049, 2048, 2048, 2048, 2048]","[2048, 2048, 2048, 2048, 2049, 2048, 2048, 2048]",317.0,20_9590
1244,9590,20,37,2024-09-01T13:55:23.080000+00:00,27.628,28.563,27.759,313.0,317.0,False,83.95,"[None, 2048, 2048, 2048, 2048, 2048]","[2048, 2048, 2049, 2048, 2049, 2048, 2048]","[2049, 2049, 2048, 2048, 2048, 2049, 2048, 2048]",320.0,20_9590
1244,9590,20,38,2024-09-01T13:56:47.082000+00:00,27.61,29.034,28.159,,316.0,False,84.803,"[None, 2048, 2048, 2048, 2048, 2048]","[2049, 2048, 2048, 2048, 2048, 2048, 2048]","[2048, 2048, 2048, 2048, 2048, 2048, 2048, 2048]",319.0,20_9590
1244,9590,20,39,2024-09-01T13:58:11.794000+00:00,27.613,28.833,28.017,314.0,318.0,False,84.463,"[None, 2048, 2048, 2048, 2048, 2048]","[2048, 2048, 2048, 2048, 2048, 2048, 2048]","[2048, 2048, 2048, 2048, 2048, 2048, 2048, 2048]",320.0,20_9590
1244,9590,20,40,2024-09-01T13:59:36.368000+00:00,27.589,28.725,27.968,312.0,317.0,False,84.282,"[None, 2048, 2048, 2048, 2048, 2048]","[2048, 2048, 2048, 2048, 2048, 2048, 2048]","[2048, 2048, 2048, 2048, 2048, 2048, 2048, 2048]",,20_9590
1244,9590,20,41,2024-09-01T14:01:00.641000+00:00,27.74,28.925,27.96,311.0,317.0,False,84.625,"[None, 2048, 2048, 2048, 2048, 2048]","[2048, 2048, 2048, 2048, 2048, 2048, 2048]","[2048, 2048, 2048, 2048, 2048, 2048, 2048, 2048]",319.0,20_9590
1244,9590,20,42,2024-09-01T14:02:25.242000+00:00,27.873,28.838,27.917,318.0,331.0,False,84.628,"[None, 2048, 2048, 2048, 2048, 2048]","[2048, 2048, 2048, 2048, 2048, 2048, 2048]","[2048, 2048, 2048, 2048, 2048, 2048, 2048, 2048]",322.0,20_9590
1244,9590,20,43,2024-09-01T14:03:49.950000+00:00,27.598,29.017,27.99,315.0,319.0,False,84.605,"[None, 2048, 2048, 2048, 2048, 2048]","[2048, 2048, 2048, 2048, 2048, 2048, 2048]","[2048, 2048, 2048, 2048, 2048, 2048, 2048, 2048]",323.0,20_9590
1244,9590,20,44,2024-09-01T14:05:14.444000+00:00,28.15,29.146,27.909,317.0,331.0,False,85.205,"[None, 2048, 2048, 2048, 2048, 2048]","[2048, 2048, 2048, 2048, 2048, 2048, 2048]","[2048, 2048, 2048, 2048, 2048, 2048, 2049, 2048]",318.0,20_9590
1244,9590,20,45,2024-09-01T14:06:39.618000+00:00,27.631,28.775,27.866,316.0,319.0,False,84.272,"[None, 2048, 2048, 2048, 2048, 2048]","[2048, 2048, 2048, 2048, 2048, 2048, 2048]","[2048, 2048, 2048, 2048, 2048, 2048, 2048, 2048]",322.0,20_9590
1244,9590,20,46,2024-09-01T14:08:03.859000+00:00,27.526,28.825,27.773,,318.0,False,84.124,"[None, 2048, 2048, 2048, 2048, 2048]","[2049, 2048, 2048, 2048, 2048, 2048, 2048]","[2048, 2048, 2048, 2048, 2048, 2048, 2048, 2048]",323.0,20_9590
1244,9590,20,47,2024-09-01T14:09:28.080000+00:00,27.54,28.669,27.762,314.0,318.0,False,83.971,"[None, 2048, 2048, 2048, 2048, 2048]","[2048, 2048, 2048, 2048, 2048, 2048, 2048]","[2049, 2048, 2048, 2048, 2048, 2049, 2048, 2048]",320.0,20_9590
1244,9590,20,48,2024-09-01T14:10:52.022000+00:00,27.532,28.529,27.68,,318.0,False,83.741,"[None, 2048, 2048, 2048, 2048, 2048]","[2048, 2048, 2049, 2048, 2048, 2048, 2048]","[2049, 2048, 2048, 2048, 2049, 2048, 2048, 2048]",323.0,20_9590
1244,9590,20,49,2024-09-01T14:12:15.733000+00:00,27.55,28.553,27.605,316.0,320.0,False,83.708,"[None, 2048, 2048, 2048, 2048, 2048]","[2048, 2048, 2048, 2048, 2048, 2048, 2048]","[2048, 2049, 2048, 2048, 2049, 2049, 2049, 2048]",322.0,20_9590
1244,9590,20,50,2024-09-01T14:13:39.509000+00:00,27.506,28.558,27.539,,320.0,False,83.603,"[None, 2048, 2048, 2048, 2048, 2048]","[2048, 2048, 2048, 2048, 2048, 2048, 2048]","[2049, 2048, 2048, 2048, 2048, 2049, 2049, 2048]",323.0,20_9590
1244,9590,20,51,2024-09-01T14:15:03.130000+00:00,27.501,28.449,27.487,,320.0,False,83.437,"[None, 2048, 2048, 2048, 2048, 2048]","[2048, 2048, 2048, 2049, 2049, 2048, 2048]","[2048, 2048, 2048, 2048, 2049, 2049, 2049, 2049]",,20_9590
1244,9590,20,52,2024-09-01T14:16:26.478000+00:00,27.688,28.525,27.478,,320.0,False,83.691,"[None, 2048, 2048, 2048, 2048, 2048]","[2048, 2048, 2048, 2048, 2048, 2048, 2048]","[2048, 2049, 2048, 2048, 2048, 2048, 2048, 2048]",322.0,20_9590
1244,9590,20,53,2024-09-01T14:17:50.147000+00:00,27.488,28.468,27.759,317.0,328.0,False,83.715,"[None, 2048, 2048, 2048, 2048, 2048]","[2049, 2048, 2048, 2048, 2048, 2048, 2048]","[2048, 2048, 2048, 2048, 2048, 2048, 2048, 2048]",323.0,20_9590
1244,9590,22,1,2024-09-01T13:03:34.412000+00:00,32.943,32.335,30.339,335.0,316.0,False,95.617,"[2048, 2049, 2049, 2049, 2049, 2049]","[2049, 2049, 2049, 2049, 2049, 2049, 2049]","[2049, 2049, 2049, 2049, 2049, 2049, 2049, 2049]",259.0,22_9590
1244,9590,22,2,2024-09-01T13:05:10.028000+00:00,28.414,30.094,29.03,317.0,341.0,False,87.538,"[2049, 2049, 2049, 2048, 2048, 2048]","[2049, 2049, 2049, 2049, 2049, 2049, 2049]","[2049, 2049, 2048, 2048, 2049, 2049, 2049, 2048]",334.0,22_9590
1244,9590,22,3,2024-09-01T13:06:37.680000+00:00,27.756,29.819,29.09,313.0,339.0,False,86.665,"[None, 2049, 2048, 2049, 2048, 2048]","[2048, 2049, 2049, 2049, 2049, 2049, 2048]","[2048, 2048, 2048, 2048, 2049, 2048, 2049, 2048]",349.0,22_9590
1244,9590,22,4,2024-09-01T13:08:04.326000+00:00,27.631,29.689,28.878,329.0,340.0,False,86.198,"[2048, 2048, 2048, 2048, 2048, 2048]","[2049, 2048, 2048, 2048, 2049, 2049, 2049]","[2049, 2049, 2048, 2048, 2049, 2049, 2049, 2048]",353.0,22_9590
1244,9590,22,5,2024-09-01T13:09:30.488000+00:00,28.736,32.722,30.783,293.0,325.0,False,92.241,"[None, 2048, 2048, 2048, 2048, 2048]","[2048, 2048, 2048, 2048, 2048, 2048, 2048]","[2048, 2048, 2048, 2048, 2048, 2048, 2048, 2048]",340.0,22_9590
1244,9590,22,6,2024-09-01T13:11:02.753000+00:00,28.426,30.441,29.606,316.0,325.0,False,88.473,"[None, 2048, 2048, 2048, 2048, 2048]","[2048, 2048, 2048, 2048, 2048, 2048, 2048]","[2048, 2048, 2048, 2049, 2048, 2048, 2048, 2048]",294.0,22_9590
1244,9590,22,7,2024-09-01T13:12:31.185000+00:00,28.469,30.634,41.216,312.0,322.0,False,100.319,"[None, 2048, 2049, 2048, 2048, 2048]","[2048, 2048, 2048, 2048, 2048, 2048, 2048]","[2048, 2048, 2048, 2048, 2048, 2048, 2048, 2064]",324.0,22_9590
1244,9590,22,8,2024-09-01T13:14:11.489000+00:00,,,,,,False,,,,,,22_9590
1244,9590,23,1,2024-09-01T13:03:34.412000+00:00,31.293,32.089,29.091,330.0,315.0,False,92.473,"[2048, 2049, 2049, 2049, 2049, 2051]","[2049, 2049, 2049, 2049, 2049, 2049, 2049]","[2049, 2049, 2049, 2049, 2049, 2049, 2049, 2049]",288.0,23_9590
1244,9590,23,2,2024-09-01T13:05:06.884000+00:00,28.097,29.802,29.112,320.0,339.0,False,87.011,"[2049, 2049, 2049, 2049, 2048, 2048]","[2049, 2049, 2049, 2049, 2049, 2049, 2049]","[2049, 2048, 2048, 2049, 2048, 2048, 2048, 2048]",327.0,23_9590
1244,9590,23,3,2024-09-01T13:06:33.870000+00:00,27.753,29.699,28.83,318.0,324.0,False,86.282,"[2048, 2049, 2049, 2049, 2048, 2048]","[2049, 2049, 2049, 2048, 2049, 2048, 2048]","[2049, 2048, 2048, 2049, 2049, 2049, 2048, 2048]",339.0,23_9590
1244,9590,23,4,2024-09-01T13:08:00.085000+00:00,27.873,29.932,28.722,311.0,313.0,False,86.527,"[None, 2048, 2049, 2049, 2048, 2048]","[2049, 2048, 2048, 2048, 2048, 2048, 2048]","[2048, 2049, 2048, 2048, 2049, 2049, 2048, 2048]",329.0,23_9590
1244,9590,23,5,2024-09-01T13:09:26.682000+00:00,27.704,29.522,28.813,314.0,316.0,False,86.039,"[None, 2048, 2048, 2049, 2048, 2048]","[2049, 2049, 2049, 2049, 2048, 2048, 2048]","[2048, 2048, 2048, 2048, 2048, 2048, 2048, 2048]",330.0,23_9590
1244,9590,23,6,2024-09-01T13:10:52.775000+00:00,27.696,29.633,28.617,,315.0,False,85.946,"[None, 2048, 2049, 2048, 2048, 2048]","[2049, 2048, 2048, 2048, 2048, 2048, 2048]","[2049, 2049, 2048, 2048, 2048, 2048, 2048, 2048]",327.0,23_9590
1244,9590,23,7,2024-09-01T13:12:18.598000+00:00,27.815,29.4,28.775,310.0,314.0,False,85.99,"[None, 2048, 2048, 2048, 2048, 2048]","[2049, 2049, 2048, 2049, 2048, 2048, 2048]","[2048, 2048, 2048, 2048, 2048, 2048, 2048, 2048]",324.0,23_9590
1244,9590,23,8,2024-09-01T13:13:44.696000+00:00,27.8,29.64,28.523,309.0,312.0,False,85.963,"[None, 2048, 2048, 2049, 2048, 2048]","[2048, 2048, 2048, 2048, 2048, 2048, 2048]","[2048, 2049, 2048, 2048, 2049, 2048, 2048, 2048]",,23_9590
1244,9590,23,9,2024-09-01T13:15:10.595000+00:00,27.709,29.21,28.747,312.0,313.0,False,85.666,"[None, 2048, 2048, 2048, 2048, 2048]","[2048, 2049, 2049, 2049, 2049, 2048, 2048]","[2048, 2048, 2048, 2048, 2048, 2048, 2048, 2048]",336.0,23_9590
1244,9590,23,10,2024-09-01T13:16:36.276000+00:00,27.728,29.351,28.632,309.0,314.0,False,85.711,"[None, 2048, 2048, 2048, 2048, 2048]","[2048, 2048, 2048, 2048, 2048, 2048, 2048]","[2049, 2048, 2048, 2048, 2048, 2049, 2048, 2048]",327.0,23_9590
1244,9590,23,11,2024-09-01T13:18:02.029000+00:00,27.781,29.309,28.644,310.0,314.0,False,85.734,"[None, 2048, 2048, 2048, 2048, 2048]","[2048, 2049, 2048, 2048, 2048, 2048, 2048]","[2048, 2048, 2048, 2048, 2048, 2048, 2048, 2048]",325.0,23_9590
1244,9590,23,12,2024-09-01T13:19:27.771000+00:00,27.873,29.147,28.448,,315.0,False,85.468,"[None, 2048, 2048, 2048, 2048, 2048]","[2048, 2048, 2049, 2048, 2049, 2048, 2048]","[2049, 2049, 2048, 2048, 2048, 2048, 2048, 2048]",322.0,23_9590
1244,9590,23,13,2024-09-01T13:20:53.144000+00:00,27.847,29.199,28.487,,315.0,False,85.533,"[None, 2048, 2048, 2048, 2048, 2048]","[2048, 2048, 2049, 2048, 2048, 2048, 2048]","[2048, 2049, 2048, 2048, 2048, 2048, 2048, 2048]",324.0,23_9590
1244,9590,23,14,2024-09-01T13:22:18.636000+00:00,27.867,29.548,28.725,,313.0,False,86.14,"[None, 2048, 2049, 2048, 2048, 2048]","[2048, 2048, 2048, 2048, 2048, 2048, 2048]","[2048, 2048, 2048, 2048, 2048, 2048, 2048, 2048]",322.0,23_9590
1244,9590,23,15,2024-09-01T13:23:44.824000+00:00,27.962,29.723,28.778,311.0,314.0,False,86.463,"[None, 2048, 2048, 2048, 2048, 2048]","[2048, 2048, 2048, 2048, 2048, 2048, 2048]","[2048, 2048, 2048, 2048, 2048, 2048, 2048, 2048]",324.0,23_9590
1244,9590,23,16,2024-09-01T13:25:11.293000+00:00,27.943,29.673,28.838,308.0,308.0,False,86.454,"[None, 2048, 2049, 2048, 2048, 2048]","[2048, 2048, 2048, 2048, 2048, 2048, 2048]","[2048, 2048, 2048, 2048, 2048, 2048, 2048, 2048]",326.0,23_9590
1244,9590,23,17,2024-09-01T13:26:37.611000+00:00,28.179,29.786,33.471,322.0,320.0,False,91.436,"[None, 2048, 2048, 2048, 2048, 2048]","[2048, 2048, 2048, 2048, 2048, 2048, 2048]","[2048, 2048, 2048, 2049, 2048, 2048, 2048, 2064]",322.0,23_9590
1244,9590,23,18,2024-09-01T13:28:09.190000+00:00,48.251,29.26,28.522,313.0,312.0,True,106.033,"[2064, 2064, 2048, 2048, 2048, 2048]","[2049, 2048, 2048, 2048, 2048, 2048, 2048]","[2048, 2048, 2048, 2048, 2049, 2049, 2049, 2048]",283.0,23_9590
1244,9590,23,19,2024-09-01T13:29:55.247000+00:00,27.568,29.119,28.567,311.0,313.0,False,85.254,"[2048, 2048, 2048, 2049, 2048, 2048]","[2048, 2049, 2048, 2048, 2048, 2048, 2048]","[2048, 2048, 2048, 2048, 2048, 2048, 2048, 2048]",322.0,23_9590
1244,9590,23,20,2024-09-01T13:31:20.382000+00:00,27.5,29.177,28.397,313.0,316.0,False,85.074,"[None, 2048, 2048, 2049, 2048, 2048]","[2048, 2048, 2048, 2048, 2048, 2048, 2048]","[2048, 2048, 2048, 2048, 2049, 2048, 2048]",326.0,23_9590
1244,9590,23,21,2024-09-01T13:32:45.832000+00:00,27.522,29.035,28.303,311.0,313.0,False,84.86,"[None, 2048, 2049, 2048, 2048, 2048]","[2048, 2049, 2049, 2048, 2048, 2048, 2048]","[2048, 2048, 2049, 2048, 2049, 2048, 2049, 2048]",329.0,23_9590
1244,9590,23,22,2024-09-01T13:34:10.403000+00:00,27.58,29.14,28.333,315.0,317.0,False,85.053,"[None, 2048, 2048, 2048, 2048, 2048]","[2048, 2048, 2048, 2048, 2048, 2048, 2048]","[2048, 2048, 2048, 2048, 2048, 2048, 2049, 2048]",,23_9590
1244,9590,23,23,2024-09-01T13:35:35.562000+00:00,27.558,29.162,28.412,313.0,314.0,False,85.132,"[None, 2048, 2048, 2048, 2048, 2048]","[2048, 2049, 2048, 2048, 2048, 2048, 2048]","[2048, 2049, 2049, 2048, 2048, 2048, 2048, 2048]",326.0,23_9590
1244,9590,23,24,2024-09-01T13:37:00.665000+00:00,27.686,28.859,28.651,314.0,327.0,False,85.196,"[None, 2048, 2048, 2048, 2048, 2048]","[2048, 2048, 2049, 2049, 2048, 2049, 2048]","[2048, 2048, 2049, 2048, 2048, 2048, 2049, 2048]",,23_9590
1244,9590,23,25,2024-09-01T13:38:25.800000+00:00,27.264,29.156,28.287,311.0,315.0,False,84.707,"[2049, 2049, 2048, 2048, 2048, 2048]","[2048, 2048, 2048, 2048, 2048, 2048, 2048]","[2049, 2049, 2048, 2048, 2048, 2048, 2048]",348.0,23_9590
1244,9590,23,26,2024-09-01T13:39:50.452000+00:00,27.546,29.142,28.377,314.0,317.0,False,85.065,"[2048, 2048, 2048, 2048, 2048, 2048]","[2048, 2049, 2048, 2048, 2048, 2048, 2048]","[2048, 2048, 2048, 2048, 2048, 2048, 2048, 2048]",327.0,23_9590
1244,9590,23,27,2024-09-01T13:41:15.532000+00:00,27.505,28.968,28.476,312.0,317.0,False,84.949,"[None, 2048, 2048, 2048, 2048, 2048]","[2048, 2049, 2048, 2048, 2049, 2048, 2048]","[2048, 2048, 2048, 2048, 2048, 2048, 2048, 2048]",330.0,23_9590
1244,9590,23,28,2024-09-01T13:42:40.504000+00:00,27.521,28.972,28.3,314.0,316.0,False,84.793,"[None, 2048, 2048, 2048, 2048, 2048]","[2048, 2048, 2048, 2048, 2049, 2048, 2048]","[2048, 2049, 2048, 2048, 2048, 2048, 2048, 2048]",,23_9590
1244,9590,23,29,2024-09-01T13:44:05.370000+00:00,27.545,29.147,28.179,,316.0,False,84.871,"[None, 2048, 2048, 2048, 2048, 2048]","[2048, 2048, 2048, 2048, 2048, 2048, 2048]","[2048, 2049, 2048, 2048, 2049, 2048, 2048, 2048]",,23_9590
1244,9590,23,30,2024-09-01T13:45:30.205000+00:00,27.544,28.966,28.244,315.0,317.0,False,84.754,"[None, 2048, 2048, 2048, 2048, 2048]","[2048, 2048, 2049, 2048, 2048, 2048, 2048]","[2048, 2048, 2048, 2048, 2048, 2048, 2049, 2048]",327.0,23_9590
1244,9590,23,31,2024-09-01T13:46:54.888000+00:00,27.602,28.955,28.672,,329.0,False,85.229,"[None, 2048, 2048, 2048, 2048, 2048]","[2048, 2048, 2048, 2049, 2048, 2049, 2048]","[2048, 2048, 2048, 2048, 2048, 2048, 2048]",330.0,23_9590
1244,9590,23,32,2024-09-01T13:48:20.117000+00:00,27.323,28.978,28.111,312.0,315.0,False,84.412,"[None, 2048, 2049, 2048, 2048, 2048]","[2049, 2048, 2048, 2049, 2048, 2048, 2048]","[2049, 2048, 2048, 2048, 2049, 2049, 2048, 2048]",343.0,23_9590
1244,9590,23,33,2024-09-01T13:49:44.560000+00:00,28.247,29.671,28.364,320.0,330.0,False,86.282,"[None, 2048, 2048, 2048, 2048, 2048]","[2048, 2048, 2048, 2048, 2048, 2048, 2048]","[2048, 2048, 2048, 2049, 2048, 2048, 2048, 2048]",324.0,23_9590
1244,9590,23,34,2024-09-01T13:51:10.875000+00:00,27.601,29.476,28.493,317.0,319.0,False,85.57,"[None, 2048, 2048, 2048, 2048, 2048]","[2048, 2048, 2048, 2048, 2048, 2048, 2048]","[2048, 2048, 2048, 2048, 2048, 2048, 2048, 2048]",337.0,23_9590
1244,9590,23,35,2024-09-01T13:52:36.392000+00:00,27.546,29.139,28.309,315.0,318.0,False,84.994,"[None, 2048, 2048, 2048, 2048, 2048]","[2048, 2048, 2048, 2048, 2048, 2048, 2048]","[2048, 2049, 2048, 2048, 2048, 2048, 2048, 2048]",331.0,23_9590
1244,9590,23,36,2024-09-01T13:54:01.406000+00:00,27.631,29.016,28.101,316.0,317.0,False,84.748,"[None, 2048, 2048, 2048, 2048, 2048]","[2048, 2048, 2048, 2048, 2048, 2048, 2048]","[2048, 2049, 2048, 2048, 2048, 2048, 2048, 2048]",327.0,23_9590
1244,9590,23,37,2024-09-01T13:55:26.073000+00:00,28.366,29.494,28.022,322.0,332.0,False,85.882,"[None, 2048, 2048, 2048, 2048, 2048]","[2048, 2048, 2048, 2048, 2048, 2048, 2048]","[2048, 2048, 2049, 2049, 2048, 2048, 2049, 2048]",329.0,23_9590
1244,9590,23,38,2024-09-01T13:56:52.061000+00:00,27.548,29.198,28.468,318.0,333.0,False,85.214,"[None, 2048, 2048, 2048, 2048, 2048]","[2048, 2048, 2048, 2048, 2048, 2049, 2048]","[2048, 2048, 2048, 2048, 2048, 2048, 2048, 2048]",,23_9590
1244,9590,23,39,2024-09-01T13:58:17.405000+00:00,27.542,29.037,28.392,316.0,320.0,False,84.971,"[None, 2048, 2048, 2048, 2048, 2048]","[2048, 2048, 2048, 2048, 2048, 2048, 2048]","[2048, 2048, 2048, 2048, 2048, 2048, 2048, 2048]",336.0,23_9590
1244,9590,23,40,2024-09-01T13:59:42.248000+00:00,27.456,28.868,28.228,,318.0,False,84.552,"[None, 2048, 2048, 2048, 2048, 2048]","[2049, 2048, 2049, 2048, 2048, 2048, 2048]","[2048, 2048, 2048, 2048, 2048, 2048, 2048, 2048]",333.0,23_9590
1244,9590,23,41,2024-09-01T14:01:06.880000+00:00,27.453,28.878,28.041,315.0,318.0,False,84.372,"[None, 2048, 2048, 2048, 2048, 2048]","[2048, 2048, 2048, 2048, 2049, 2048, 2048]","[2049, 2049, 2048, 2048, 2048, 2048, 2048, 2048]",331.0,23_9590
1244,9590,23,42,2024-09-01T14:02:31.223000+00:00,27.618,29.086,28.17,311.0,316.0,False,84.874,"[None, 2048, 2048, 2048, 2048, 2048]","[2048, 2048, 2048, 2048, 2048, 2048, 2048]","[2048, 2048, 2048, 2048, 2048, 2048, 2048, 2048]",328.0,23_9590
1244,9590,23,43,2024-09-01T14:03:56.028000+00:00,27.532,29.062,28.075,312.0,316.0,False,84.669,"[None, 2048, 2048, 2048, 2048, 2048]","[2048, 2048, 2048, 2048, 2048, 2048, 2048]","[2048, 2049, 2048, 2048, 2048, 2048, 2048, 2048]",327.0,23_9590
1244,9590,23,44,2024-09-01T14:05:20.662000+00:00,27.53,28.987,28.161,314.0,317.0,False,84.678,"[None, 2048, 2048, 2048, 2048, 2048]","[2048, 2048, 2048, 2048, 2048, 2048, 2048]","[2049, 2048, 2048, 2048, 2048, 2048, 2048, 2048]",326.0,23_9590
1244,9590,23,45,2024-09-01T14:06:45.322000+00:00,27.484,29.006,28.079,,315.0,False,84.569,"[None, 2048, 2048, 2048, 2048, 2048]","[2048, 2048, 2048, 2048, 2048, 2048, 2048]","[2048, 2048, 2048, 2048, 2048, 2048, 2049, 2048]",329.0,23_9590
1244,9590,23,46,2024-09-01T14:08:09.896000+00:00,27.559,28.951,28.044,313.0,315.0,False,84.554,"[None, 2048, 2048, 2048, 2048, 2048]","[2048, 2048, 2049, 2048, 2048, 2048, 2048]","[2048, 2049, 2048, 2048, 2048, 2048, 2048, 2048]",325.0,23_9590
1244,9590,23,47,2024-09-01T14:09:34.551000+00:00,27.573,28.781,28.029,312.0,315.0,False,84.383,"[None, 2048, 2048, 2048, 2048, 2048]","[2048, 2049, 2048, 2048, 2048, 2048, 2048]","[2048, 2048, 2048, 2048, 2048, 2048, 2048, 2048]",324.0,23_9590
1244,9590,23,48,2024-09-01T14:10:58.905000+00:00,27.501,28.775,27.873,314.0,315.0,False,84.149,"[None, 2048, 2048, 2048, 2048, 2048]","[2048, 2048, 2049, 2049, 2048, 2048, 2048]","[2049, 2049, 2048, 2048, 2048, 2048, 2048, 2048]",325.0,23_9590
1244,9590,23,49,2024-09-01T14:12:23.044000+00:00,27.63,28.688,27.944,,314.0,False,84.262,"[None, 2048, 2048, 2048, 2048, 2048]","[2048, 2048, 2049, 2049, 2048, 2048, 2048]","[2049, 2048, 2048, 2048, 2049, 2048, 2049, 2048]",324.0,23_9590
1244,9590,23,50,2024-09-01T14:13:47.342000+00:00,27.419,28.689,27.848,,315.0,False,83.956,"[None, 2048, 2049, 2048, 2048, 2048]","[2048, 2048, 2048, 2048, 2049, 2048, 2048]","[2048, 2048, 2048, 2048, 2049, 2048, 2049, 2048]",327.0,23_9590
1244,9590,23,51,2024-09-01T14:15:11.249000+00:00,27.464,28.577,27.88,316.0,316.0,False,83.921,"[None, 2048, 2048, 2048, 2048, 2048]","[2049, 2048, 2048, 2049, 2049, 2048, 2048]","[2048, 2049, 2049, 2048, 2048, 2048, 2048, 2048]",323.0,23_9590
1244,9590,23,52,2024-09-01T14:16:35.227000+00:00,27.519,28.614,27.822,,317.0,False,83.955,"[None, 2048, 2048, 2048, 2048, 2048]","[2048, 2048, 2048, 2048, 2049, 2048, 2048]","[2048, 2049, 2049, 2048, 2049, 2048, 2048, 2048]",322.0,23_9590
1244,9590,23,53,2024-09-01T14:17:59.091000+00:00,27.501,28.675,27.742,318.0,326.0,False,83.918,"[None, 2048, 2048, 2048, 2048, 2048]","[2048, 2048, 2049, 2048, 2048, 2048, 2048]","[2049, 2048, 2048, 2049, 2048, 2048, 2049, 2048]",336.0,23_9590
1244,9590,24,1,2024-09-01T13:03:34.412000+00:00,33.885,32.786,30.474,334.0,318.0,False,97.145,"[2048, 2049, 2049, 2049, 2049, 2049]","[2049, 2049, 2049, 2049, 2049, 2049, 2049]","[2049, 2049, 2049, 2049, 2049, 2049, 2049, 2049]",261.0,24_9590
1244,9590,24,2,2024-09-01T13:05:11.556000+00:00,28.437,30.907,29.377,320.0,339.0,False,88.721,"[2049, 2049, 2049, 2049, 2048, 2048]","[2049, 2049, 2049, 2049, 2049, 2049, 2049]","[2049, 2049, 2048, 2049, 2049, 2049, 2048, 2048]",301.0,24_9590
1244,9590,24,3,2024-09-01T13:06:40.324000+00:00,27.856,30.169,28.972,315.0,337.0,False,86.997,"[None, 2049, 2049, 2049, 2048, 2048]","[2049, 2049, 2048, 2049, 2049, 2048, 2048]","[2049, 2049, 2048, 2048, 2049, 2049, 2049, 2048]",326.0,24_9590
1244,9590,24,4,2024-09-01T13:08:07.281000+00:00,27.734,29.687,28.805,316.0,335.0,False,86.226,"[None, 2048, 2049, 2048, 2048, 2048]","[2049, 2049, 2049, 2049, 2049, 2048, 2048]","[2049, 2049, 2049, 2049, 2049, 2048, 2048, 2048]",328.0,24_9590
1244,9590,24,5,2024-09-01T13:09:33.500000+00:00,27.948,30.958,30.35,315.0,334.0,False,89.256,"[2048, 2048, 2048, 2049, 2048, 2048]","[2048, 2048, 2048, 2048, 2048, 2048, 2048]","[2048, 2048, 2048, 2048, 2048, 2048, 2048, 2048]",327.0,24_9590
1244,9590,24,6,2024-09-01T13:11:03.033000+00:00,27.648,29.667,28.627,,321.0,False,85.942,"[None, 2048, 2049, 2048, 2048, 2048]","[2049, 2048, 2049, 2049, 2049, 2048, 2048]","[2049, 2049, 2049, 2048, 2049, 2048, 2048]",352.0,24_9590
1244,9590,24,7,2024-09-01T13:12:28.693000+00:00,27.955,29.622,28.804,,320.0,False,86.381,"[None, 2048, 2048, 2049, 2048, 2048]","[2049, 2049, 2049, 2048, 2049, 2048, 2048]","[2048, 2048, 2048, 2048, 2048, 2048, 2048, 2048]",317.0,24_9590
1244,9590,24,8,2024-09-01T13:13:55.109000+00:00,27.845,29.699,28.867,314.0,318.0,False,86.411,"[None, 2048, 2048, 2048, 2048, 2048]","[2048, 2048, 2048, 2048, 2048, 2048, 2048]","[2048, 2048, 2048, 2048, 2048, 2048, 2048, 2048]",324.0,24_9590
1244,9590,24,9,2024-09-01T13:15:21.538000+00:00,27.98,29.607,28.728,,319.0,False,86.315,"[None, 2048, 2048, 2048, 2048, 2048]","[2049, 2048, 2048, 2048, 2049, 2048, 2048]","[2048, 2048, 2048, 2048, 2049, 2048, 2048, 2048]",,24_9590
1244,9590,24,10,2024-09-01T13:16:47.849000+00:00,27.822,29.566,28.74,,319.0,False,86.128,"[None, 2048, 2048, 2048, 2048, 2048]","[2049, 2048, 2049, 2049, 2048, 2048, 2048]","[2049, 2048, 2048, 2048, 2048, 2048, 2048, 2048]",322.0,24_9590
1244,9590,24,11,2024-09-01T13:18:14.010000+00:00,28.011,29.651,28.826,313.0,318.0,False,86.488,"[None, 2048, 2048, 2048, 2048, 2048]","[2049, 2048, 2048, 2049, 2048, 2048, 2048]","[2048, 2048, 2048, 2048, 2048, 2048, 2048, 2048]",321.0,24_9590
1244,9590,24,12,2024-09-01T13:19:40.426000+00:00,27.957,29.526,28.865,,318.0,False,86.348,"[None, 2048, 2048, 2048, 2048, 2048]","[2048, 2048, 2048, 2049, 2048, 2048, 2048]","[2048, 2048, 2048, 2048, 2048, 2048, 2048]",323.0,24_9590
1244,9590,24,13,2024-09-01T13:21:06.659000+00:00,27.971,29.784,29.047,312.0,317.0,False,86.802,"[None, 2048, 2048, 2048, 2048, 2048]","[2048, 2048, 2048, 2048, 2048, 2048, 2048]","[2048, 2048, 2048, 2048, 2048, 2048, 2048, 2048]",322.0,24_9590
1244,9590,24,14,2024-09-01T13:22:33.535000+00:00,28.089,29.923,29.08,,314.0,False,87.092,"[None, 2048, 2048, 2048, 2048, 2048]","[2048, 2048, 2048, 2048, 2048, 2048, 2048]","[2048, 2048, 2048, 2048, 2048, 2048, 2048, 2048]",320.0,24_9590
1244,9590,24,15,2024-09-01T13:24:00.621000+00:00,28.121,30.159,33.768,311.0,314.0,False,92.048,"[None, 2048, 2048, 2048, 2048, 2048]","[2048, 2048, 2048, 2048, 2048, 2048, 2048]","[2048, 2048, 2048, 2048, 2048, 2048, 2048, 2064]",321.0,24_9590
1244,9590,24,16,2024-09-01T13:25:32.661000+00:00,51.275,29.328,28.525,308.0,312.0,True,109.128,"[2064, 2064, 2048, 2048, 2048, 2048]","[2048, 2049, 2048, 2049, 2049, 2048, 2048]","[2048, 2049, 2048, 2048, 2049, 2049, 2048, 2048]",276.0,24_9590
1244,9590,24,17,2024-09-01T13:27:21.954000+00:00,27.696,29.104,28.292,310.0,314.0,False,85.092,"[2048, 2048, 2048, 2049, 2048, 2048]","[2049, 2049, 2048, 2049, 2049, 2048, 2048]","[2049, 2049, 2048, 2048, 2049, 2049, 2049, 2048]",315.0,24_9590
1244,9590,24,18,2024-09-01T13:28:46.942000+00:00,27.567,29.322,28.356,,314.0,False,85.245,"[None, 2048, 2049, 2048, 2048, 2048]","[2048, 2049, 2048, 2048, 2048, 2048, 2048]","[2048, 2049, 2049, 2048, 2048, 2048, 2048, 2048]",319.0,24_9590
1244,9590,24,19,2024-09-01T13:30:12.221000+00:00,27.812,29.365,28.6,309.0,313.0,False,85.777,"[None, 2048, 2048, 2048, 2048, 2048]","[2048, 2048, 2048, 2048, 2048, 2048, 2048]","[2048, 2048, 2048, 2048, 2048, 2048, 2048, 2048]",317.0,24_9590
1244,9590,24,20,2024-09-01T13:31:37.925000+00:00,27.673,29.408,28.507,310.0,314.0,False,85.588,"[None, 2048, 2048, 2048, 2048, 2048]","[2048, 2048, 2048, 2048, 2048, 2048, 2048]","[2048, 2048, 2048, 2048, 2048, 2048, 2048, 2048]",319.0,24_9590
1244,9590,24,21,2024-09-01T13:33:03.534000+00:00,27.658,29.532,28.553,311.0,314.0,False,85.743,"[None, 2048, 2048, 2048, 2048, 2048]","[2048, 2048, 2048, 2048, 2048, 2048, 2048]","[2048, 2048, 2048, 2048, 2048, 2048, 2048, 2048]",316.0,24_9590
1244,9590,24,22,2024-09-01T13:34:29.337000+00:00,27.859,29.584,28.433,312.0,314.0,False,85.876,"[None, 2048, 2048, 2048, 2048, 2048]","[2048, 2048, 2048, 2048, 2048, 2048, 2048]","[2048, 2048, 2048, 2048, 2048, 2048, 2048, 2048]",,24_9590
1244,9590,24,23,2024-09-01T13:35:55.154000+00:00,27.791,29.681,28.589,311.0,313.0,False,86.061,"[None, 2048, 2048, 2048, 2048, 2048]","[2048, 2048, 2048, 2048, 2048, 2048, 2048]","[2048, 2048, 2048, 2048, 2048, 2048, 2048, 2048]",319.0,24_9590
1244,9590,24,24,2024-09-01T13:37:21.249000+00:00,28.004,29.474,28.563,310.0,314.0,False,86.041,"[None, 2048, 2049, 2048, 2048, 2048]","[2048, 2048, 2048, 2048, 2048, 2048, 2048]","[2048, 2048, 2048, 2048, 2048, 2048, 2048, 2048]",317.0,24_9590
1244,9590,24,25,2024-09-01T13:38:47.358000+00:00,27.703,29.387,28.493,,314.0,False,85.583,"[None, 2048, 2048, 2048, 2048, 2048]","[2048, 2048, 2048, 2048, 2048, 2048, 2048]","[2048, 2048, 2048, 2048, 2048, 2048, 2048, 2048]",320.0,24_9590
1244,9590,24,26,2024-09-01T13:40:12.847000+00:00,27.868,29.236,28.445,,315.0,False,85.549,"[None, 2048, 2048, 2048, 2048, 2048]","[2048, 2048, 2049, 2048, 2048, 2048, 2048]","[2048, 2048, 2048, 2048, 2048, 2048, 2048, 2048]",,24_9590
1244,9590,24,27,2024-09-01T13:41:38.441000+00:00,27.803,29.335,28.465,,314.0,False,85.603,"[None, 2048, 2048, 2048, 2048, 2048]","[2048, 2048, 2048, 2048, 2048, 2048, 2048]","[2048, 2048, 2048, 2048, 2048, 2048, 2048, 2048]",319.0,24_9590
1244,9590,24,28,2024-09-01T13:43:04.150000+00:00,27.843,29.385,28.471,311.0,315.0,False,85.699,"[None, 2048, 2048, 2048, 2048, 2048]","[2048, 2048, 2048, 2048, 2048, 2048, 2048]","[2049, 2048, 2048, 2048, 2048, 2048, 2048, 2048]",321.0,24_9590
1244,9590,24,29,2024-09-01T13:44:29.809000+00:00,27.798,29.355,28.362,,314.0,False,85.515,"[None, 2048, 2048, 2048, 2048, 2048]","[2048, 2048, 2048, 2048, 2048, 2048, 2048]","[2048, 2049, 2049, 2048, 2048, 2048, 2048, 2048]",319.0,24_9590
1244,9590,24,30,2024-09-01T13:45:55.259000+00:00,27.793,29.374,28.324,310.0,314.0,False,85.491,"[None, 2048, 2048, 2048, 2048, 2048]","[2048, 2048, 2048, 2048, 2048, 2048, 2048]","[2048, 2048, 2048, 2048, 2049, 2048, 2048, 2048]",,24_9590
1244,9590,24,31,2024-09-01T13:47:20.684000+00:00,27.73,29.327,28.421,311.0,315.0,False,85.478,"[None, 2048, 2048, 2048, 2048, 2048]","[2048, 2048, 2049, 2048, 2048, 2048, 2048]","[2048, 2048, 2048, 2048, 2048, 2048, 2048, 2048]",,24_9590
1244,9590,24,32,2024-09-01T13:48:46.135000+00:00,27.789,29.265,28.302,313.0,317.0,False,85.356,"[None, 2048, 2048, 2048, 2048, 2048]","[2048, 2048, 2048, 2048, 2048, 2048, 2048]","[2048, 2048, 2049, 2048, 2048, 2048, 2049, 2048]",,24_9590
1244,9590,24,33,2024-09-01T13:50:11.617000+00:00,27.762,29.332,28.357,312.0,315.0,False,85.451,"[None, 2048, 2048, 2048, 2048, 2048]","[2048, 2048, 2048, 2048, 2048, 2048, 2048]","[2049, 2048, 2048, 2048, 2048, 2048, 2048]",321.0,24_9590
1244,9590,24,34,2024-09-01T13:51:36.877000+00:00,27.676,29.261,28.55,,315.0,False,85.487,"[None, 2048, 2048, 2048, 2048, 2048]","[2048, 2048, 2048, 2048, 2048, 2048, 2048]","[2048, 2048, 2048, 2048, 2048, 2048, 2048, 2048]",,24_9590
1244,9590,24,35,2024-09-01T13:53:02.403000+00:00,27.707,29.299,28.514,,315.0,False,85.52,"[None, 2048, 2048, 2048, 2048, 2048]","[2048, 2048, 2048, 2048, 2048, 2048, 2048]","[2048, 2048, 2048, 2048, 2048, 2048, 2048, 2048]",319.0,24_9590
1244,9590,24,36,2024-09-01T13:54:28.060000+00:00,28.604,29.492,28.51,316.0,317.0,False,86.606,"[None, 2048, 2048, 2048, 2048, 2048]","[2048, 2048, 2048, 2048, 2048, 2048, 2048]","[2048, 2048, 2048, 2048, 2048, 2048, 2049, 2048]",307.0,24_9590
1244,9590,24,37,2024-09-01T13:55:54.678000+00:00,27.585,29.165,28.455,318.0,320.0,False,85.205,"[None, 2048, 2048, 2048, 2048, 2048]","[2048, 2048, 2049, 2048, 2048, 2048, 2048]","[2048, 2048, 2048, 2049, 2048, 2048, 2048, 2048]",325.0,24_9590
1244,9590,24,38,2024-09-01T13:57:19.807000+00:00,27.851,29.989,28.812,311.0,296.0,False,86.652,"[None, 2048, 2048, 2048, 2048, 2048]","[2048, 2048, 2048, 2048, 2048, 2048, 2048]","[2048, 2048, 2049, 2048, 2048, 2048, 2048, 2048]",318.0,24_9590
1244,9590,24,39,2024-09-01T13:58:46.469000+00:00,27.686,29.407,28.491,315.0,318.0,False,85.584,"[None, 2048, 2048, 2048, 2048, 2048]","[2048, 2048, 2048, 2048, 2048, 2048, 2048]","[2048, 2048, 2048, 2048, 2048, 2048, 2048, 2048]",324.0,24_9590
1244,9590,24,40,2024-09-01T14:00:12.181000+00:00,27.848,29.35,28.622,312.0,315.0,False,85.82,"[None, 2048, 2048, 2048, 2048, 2048]","[2048, 2048, 2048, 2048, 2048, 2048, 2048]","[2048, 2048, 2048, 2048, 2048, 2048, 2049, 2048]",335.0,24_9590
1244,9590,24,41,2024-09-01T14:01:37.965000+00:00,28.066,29.641,28.73,,315.0,False,86.437,"[None, 2048, 2048, 2048, 2048, 2048]","[2048, 2048, 2048, 2048, 2048, 2048, 2048]","[2048, 2048, 2048, 2048, 2048, 2048, 2048]",320.0,24_9590
1244,9590,24,42,2024-09-01T14:03:04.375000+00:00,28.194,29.965,29.481,317.0,254.0,False,87.64,"[None, 2048, 2048, 2048, 2048, 2048]","[2048, 2048, 2048, 2048, 2048, 2048, 2048]","[2048, 2048, 2048, 2048, 2048, 2048, 2048, 2048]",319.0,24_9590
1244,9590,24,43,2024-09-01T14:04:32.035000+00:00,28.549,29.732,28.635,314.0,314.0,False,86.916,"[None, 2048, 2048, 2048, 2048, 2048]","[2048, 2048, 2048, 2048, 2048, 2048, 2048]","[2048, 2048, 2048, 2048, 2048, 2048, 2048, 2048]",295.0,24_9590
1244,9590,24,44,2024-09-01T14:05:58.961000+00:00,28.627,29.773,28.518,295.0,317.0,False,86.918,"[None, 2048, 2048, 2048, 2048, 2048]","[2048, 2048, 2048, 2048, 2048, 2048, 2048]","[2048, 2048, 2048, 2048, 2048, 2048, 2048, 2048]",322.0,24_9590
1244,9590,24,45,2024-09-01T14:07:25.823000+00:00,27.696,29.417,28.519,313.0,316.0,False,85.632,"[None, 2048, 2048, 2048, 2048, 2048]","[2048, 2048, 2048, 2048, 2048, 2048, 2048]","[2048, 2048, 2048, 2048, 2048, 2048, 2048, 2048]",,24_9590
1244,9590,24,46,2024-09-01T14:08:51.504000+00:00,27.802,29.456,28.599,311.0,314.0,False,85.857,"[None, 2048, 2048, 2048, 2048, 2048]","[2048, 2048, 2048, 2048, 2048, 2048, 2048]","[2048, 2048, 2048, 2048, 2048, 2048, 2048, 2048]",320.0,24_9590
1244,9590,24,47,2024-09-01T14:10:17.334000+00:00,27.812,30.016,29.614,306.0,322.0,False,87.442,"[None, 2048, 2049, 2048, 2048, 2048]","[2048, 2048, 2048, 2048, 2048, 2049, 2048]","[2048, 2048, 2048, 2048, 2048, 2048, 2049, 2048]",338.0,24_9590
1244,9590,24,48,2024-09-01T14:11:44.680000+00:00,27.662,29.428,28.75,314.0,328.0,False,85.84,"[None, 2048, 2048, 2048, 2048, 2048]","[2048, 2048, 2048, 2048, 2048, 2048, 2048]","[2048, 2048, 2048, 2048, 2048, 2048, 2048, 2048]",331.0,24_9590
1244,9590,24,49,2024-09-01T14:13:10.589000+00:00,28.173,29.563,28.562,313.0,316.0,False,86.298,"[None, 2048, 2048, 2048, 2048, 2048]","[2048, 2048, 2048, 2048, 2048, 2048, 2048]","[2048, 2048, 2049, 2048, 2048, 2048, 2049, 2048]",318.0,24_9590
1244,9590,24,50,2024-09-01T14:14:36.892000+00:00,27.803,29.412,28.324,311.0,316.0,False,85.539,"[None, 2048, 2048, 2048, 2048, 2048]","[2048, 2048, 2048, 2048, 2048, 2048, 2048]","[2049, 2048, 2049, 2049, 2048, 2048, 2048, 2048]",321.0,24_9590
1244,9590,24,51,2024-09-01T14:16:02.364000+00:00,27.857,29.469,28.62,310.0,314.0,False,85.946,"[None, 2048, 2048, 2048, 2048, 2048]","[2048, 2048, 2048, 2048, 2048, 2048, 2048]","[2048, 2048, 2048, 2048, 2048, 2048, 2048, 2048]",323.0,24_9590
1244,9590,24,52,2024-09-01T14:17:28.328000+00:00,27.669,29.864,29.747,311.0,304.0,False,87.28,"[None, 2048, 2048, 2048, 2048, 2048]","[2048, 2048, 2048, 2048, 2048, 2048, 2048]","[2048, 2048, 2049, 2049, 2048, 2048, 2048, 2048]",320.0,24_9590
1244,9590,27,1,2024-09-01T13:03:34.412000+00:00,31.94,32.105,31.886,324.0,340.0,False,95.931,"[2048, 2049, 2049, 2049, 2051, 2049]","[2049, 2049, 2051, 2049, 2049, 2049, 2051]","[2049, 2049, 2049, 2049, 2049, 2049, 2049, 2049]",272.0,27_9590
1244,9590,27,2,2024-09-01T13:05:10.342000+00:00,28.557,30.071,28.884,320.0,341.0,False,87.512,"[2051, 2049, 2049, 2048, 2048, 2048]","[2049, 2049, 2048, 2049, 2049, 2051, 2049]","[2049, 2049, 2049, 2049, 2049, 2049, 2051, 2049]",313.0,27_9590
1244,9590,27,3,2024-09-01T13:06:37.868000+00:00,27.75,30.166,28.518,,338.0,False,86.434,"[None, 2051, 2048, 2049, 2048, 2048]","[2048, 2049, 2048, 2049, 2048, 2048, 2048]","[2049, 2049, 2049, 2049, 2049, 2049, 2051, 2049]",309.0,27_9590
1244,9590,27,4,2024-09-01T13:08:04.433000+00:00,27.663,30.138,28.74,335.0,337.0,False,86.541,"[2048, 2048, 2049, 2048, 2051, 2049]","[2049, 2049, 2048, 2048, 2048, 2048, 2048]","[2048, 2049, 2048, 2048, 2048, 2048, 2048, 2048]",355.0,27_9590
1244,9590,27,5,2024-09-01T13:09:30.902000+00:00,28.098,30.266,33.365,315.0,320.0,False,91.729,"[None, 2048, 2049, 2048, 2048, 2048]","[2049, 2049, 2048, 2048, 2048, 2048, 2048]","[2048, 2048, 2048, 2048, 2049, 2048, 2048, 2064]",340.0,27_9590
1244,9590,27,6,2024-09-01T13:11:02.495000+00:00,61.963,29.356,28.859,313.0,312.0,True,120.178,"[2064, 2064, 2048, 2049, 2048, 2048]","[2049, 2049, 2048, 2049, 2049, 2048, 2048]","[2048, 2048, 2048, 2048, 2049, 2048, 2048, 2048]",284.0,27_9590
1244,9590,27,7,2024-09-01T13:13:02.814000+00:00,27.741,29.461,28.68,309.0,315.0,False,85.882,"[2048, 2048, 2048, 2048, 2048, 2048]","[2048, 2048, 2048, 2048, 2049, 2048, 2048]","[2049, 2048, 2048, 2048, 2049, 2048, 2048, 2048]",316.0,27_9590
1244,9590,27,8,2024-09-01T13:14:28.626000+00:00,27.613,29.199,28.539,310.0,315.0,False,85.351,"[None, 2048, 2049, 2048, 2048, 2048]","[2049, 2049, 2048, 2048, 2049, 2048, 2048]","[2048, 2049, 2048, 2048, 2048, 2048, 2048, 2048]",318.0,27_9590
1244,9590,27,9,2024-09-01T13:15:53.949000+00:00,27.635,29.008,28.548,,315.0,False,85.191,"[None, 2048, 2048, 2049, 2048, 2048]","[2049, 2049, 2048, 2049, 2049, 2048, 2048]","[2048, 2048, 2048, 2048, 2049, 2048, 2048, 2048]",319.0,27_9590
1244,9590,27,10,2024-09-01T13:17:19.215000+00:00,27.683,29.155,28.356,,315.0,False,85.194,"[None, 2048, 2048, 2048, 2048, 2048]","[2048, 2048, 2048, 2048, 2049, 2048, 2048]","[2049, 2049, 2048, 2048, 2049, 2049, 2048, 2048]",,27_9590
1244,9590,27,11,2024-09-01T13:18:44.407000+00:00,27.695,29.264,28.363,,315.0,False,85.322,"[None, 2048, 2048, 2048, 2048, 2048]","[2049, 2048, 2048, 2048, 2048, 2048, 2048]","[2049, 2049, 2048, 2048, 2048, 2048, 2048, 2048]",318.0,27_9590
1244,9590,27,12,2024-09-01T13:20:09.768000+00:00,27.705,29.112,28.349,311.0,316.0,False,85.166,"[None, 2048, 2048, 2048, 2048, 2048]","[2048, 2048, 2048, 2049, 2049, 2048, 2048]","[2049, 2048, 2048, 2048, 2048, 2048, 2048, 2048]",319.0,27_9590
1244,9590,27,13,2024-09-01T13:21:34.850000+00:00,27.709,28.99,28.284,312.0,317.0,False,84.983,"[None, 2048, 2048, 2048, 2048, 2048]","[2049, 2048, 2048, 2049, 2048, 2048, 2048]","[2049, 2048, 2048, 2048, 2048, 2048, 2048, 2048]",320.0,27_9590
1244,9590,27,14,2024-09-01T13:22:59.825000+00:00,27.67,29.059,28.285,313.0,317.0,False,85.014,"[None, 2048, 2048, 2048, 2048, 2048]","[2048, 2048, 2048, 2048, 2048, 2048, 2048]","[2048, 2049, 2048, 2048, 2048, 2048, 2048, 2048]",,27_9590
1244,9590,27,15,2024-09-01T13:24:24.879000+00:00,27.814,29.602,28.446,312.0,316.0,False,85.862,"[None, 2048, 2048, 2048, 2048, 2048]","[2049, 2048, 2048, 2048, 2048, 2048, 2048]","[2048, 2048, 2048, 2048, 2049, 2048, 2048, 2048]",319.0,27_9590
1244,9590,27,16,2024-09-01T13:25:50.764000+00:00,27.621,29.153,28.243,317.0,321.0,False,85.017,"[None, 2048, 2048, 2048, 2048, 2048]","[2048, 2048, 2048, 2048, 2048, 2048, 2048]","[2048, 2049, 2048, 2049, 2048, 2048, 2048]",324.0,27_9590
1244,9590,27,17,2024-09-01T13:27:15.625000+00:00,28.068,29.532,28.519,312.0,330.0,False,86.119,"[None, 2048, 2048, 2048, 2048, 2048]","[2048, 2048, 2048, 2048, 2048, 2048, 2048]","[2048, 2048, 2049, 2048, 2048, 2048, 2048, 2048]",340.0,27_9590
1244,9590,27,18,2024-09-01T13:28:41.899000+00:00,27.745,29.402,28.318,316.0,320.0,False,85.465,"[None, 2048, 2048, 2048, 2048, 2048]","[2048, 2048, 2048, 2048, 2048, 2048, 2048]","[2048, 2049, 2048, 2048, 2048, 2048, 2048, 2048]",336.0,27_9590
1244,9590,27,19,2024-09-01T13:30:07.310000+00:00,27.643,29.281,28.402,314.0,319.0,False,85.326,"[None, 2048, 2048, 2048, 2048, 2048]","[2048, 2048, 2048, 2048, 2048, 2048, 2048]","[2048, 2048, 2048, 2048, 2048, 2048, 2048, 2048]",323.0,27_9590
1244,9590,27,20,2024-09-01T13:31:32.760000+00:00,28.033,29.416,28.664,317.0,320.0,False,86.113,"[None, 2048, 2048, 2048, 2048, 2048]","[2048, 2048, 2048, 2048, 2048, 2048, 2048]","[2048, 2048, 2048, 2048, 2048, 2048, 2048, 2048]",310.0,27_9590
1244,9590,27,21,2024-09-01T13:32:58.817000+00:00,27.727,29.626,28.382,315.0,318.0,False,85.735,"[None, 2048, 2048, 2048, 2048, 2048]","[2048, 2048, 2048, 2048, 2048, 2048, 2048]","[2048, 2049, 2048, 2048, 2048, 2048, 2048, 2048]",323.0,27_9590
1244,9590,27,22,2024-09-01T13:34:24.536000+00:00,27.699,29.412,28.454,,318.0,False,85.565,"[None, 2048, 2048, 2048, 2048, 2048]","[2048, 2048, 2048, 2048, 2048, 2048, 2048]","[2048, 2048, 2048, 2048, 2048, 2048, 2048, 2048]",,27_9590
1244,9590,27,23,2024-09-01T13:35:50.131000+00:00,27.753,29.402,28.477,314.0,318.0,False,85.632,"[None, 2048, 2048, 2048, 2048, 2048]","[2048, 2048, 2048, 2048, 2048, 2048, 2048]","[2049, 2048, 2048, 2048, 2048, 2048, 2048, 2048]",322.0,27_9590
1244,9590,27,24,2024-09-01T13:37:15.780000+00:00,27.815,29.378,28.415,313.0,317.0,False,85.608,"[None, 2048, 2048, 2048, 2048, 2048]","[2048, 2048, 2049, 2048, 2048, 2048, 2048]","[2048, 2048, 2048, 2048, 2048, 2048, 2048, 2048]",,27_9590
1244,9590,27,25,2024-09-01T13:38:41.284000+00:00,27.703,29.635,28.378,314.0,318.0,False,85.716,"[None, 2048, 2048, 2048, 2048, 2048]","[2048, 2048, 2048, 2048, 2048, 2048, 2048]","[2048, 2049, 2048, 2048, 2048, 2048, 2048, 2048]",,27_9590
1244,9590,27,26,2024-09-01T13:40:07.098000+00:00,27.639,29.426,28.441,,319.0,False,85.506,"[None, 2048, 2048, 2048, 2048, 2048]","[2048, 2048, 2049, 2048, 2048, 2048, 2048]","[2048, 2048, 2048, 2048, 2048, 2048, 2048, 2048]",323.0,27_9590
1244,9590,27,27,2024-09-01T13:41:32.516000+00:00,27.804,29.477,28.393,312.0,317.0,False,85.674,"[None, 2048, 2048, 2048, 2048, 2048]","[2048, 2048, 2048, 2048, 2048, 2048, 2048]","[2048, 2048, 2048, 2048, 2048, 2048, 2048, 2048]",321.0,27_9590
1244,9590,27,28,2024-09-01T13:42:58.191000+00:00,27.724,29.358,28.348,314.0,319.0,False,85.43,"[None, 2048, 2048, 2048, 2048, 2048]","[2048, 2048, 2048, 2048, 2048, 2048, 2048]","[2048, 2048, 2048, 2048, 2048, 2048, 2048, 2048]",323.0,27_9590
1244,9590,27,29,2024-09-01T13:44:23.687000+00:00,27.783,29.394,28.393,,318.0,False,85.57,"[None, 2048, 2048, 2048, 2048, 2048]","[2048, 2048, 2048, 2048, 2048, 2048, 2048]","[2048, 2049, 2048, 2048, 2048, 2048, 2048, 2048]",,27_9590
1244,9590,27,30,2024-09-01T13:45:49.235000+00:00,27.747,29.399,28.482,312.0,316.0,False,85.628,"[None, 2048, 2048, 2048, 2048, 2048]","[2048, 2048, 2048, 2048, 2048, 2048, 2048]","[2048, 2048, 2048, 2048, 2048, 2048, 2048, 2048]",320.0,27_9590
1244,9590,27,31,2024-09-01T13:47:14.907000+00:00,27.617,29.306,28.219,315.0,320.0,False,85.142,"[None, 2048, 2048, 2048, 2048, 2048]","[2048, 2048, 2049, 2048, 2048, 2048, 2048]","[2048, 2049, 2048, 2048, 2048, 2048, 2048, 2048]",323.0,27_9590
1244,9590,27,32,2024-09-01T13:48:39.917000+00:00,27.722,29.548,32.633,313.0,317.0,False,89.903,"[None, 2048, 2048, 2048, 2048, 2048]","[2048, 2048, 2048, 2048, 2048, 2048, 2048]","[2049, 2048, 2048, 2048, 2048, 2048, 2048, 2064]",320.0,27_9590
1244,9590,27,33,2024-09-01T13:50:09.850000+00:00,59.655,28.981,27.918,312.0,316.0,True,116.554,"[2064, 2064, 2048, 2048, 2048, 2048]","[2048, 2048, 2049, 2049, 2048, 2048, 2048]","[2048, 2049, 2048, 2048, 2048, 2049, 2048, 2048]",288.0,27_9590
1244,9590,27,34,2024-09-01T13:52:06.464000+00:00,27.184,28.603,27.8,314.0,317.0,False,83.587,"[2048, 2048, 2049, 2049, 2048, 2048]","[2048, 2048, 2049, 2049, 2048, 2048, 2048]","[2049, 2049, 2048, 2048, 2048, 2048, 2048, 2048]",321.0,27_9590
1244,9590,27,35,2024-09-01T13:53:30.052000+00:00,27.358,28.568,27.835,313.0,316.0,False,83.761,"[None, 2048, 2048, 2048, 2048, 2048]","[2049, 2048, 2048, 2048, 2049, 2048, 2048]","[2049, 2049, 2048, 2048, 2048, 2048, 2048, 2048]",319.0,27_9590
1244,9590,27,36,2024-09-01T13:54:53.767000+00:00,27.531,28.515,27.726,,317.0,False,83.772,"[None, 2048, 2049, 2048, 2048, 2048]","[2048, 2048, 2048, 2048, 2049, 2048, 2048]","[2048, 2049, 2049, 2048, 2049, 2049, 2048, 2048]",321.0,27_9590
1244,9590,27,37,2024-09-01T13:56:17.552000+00:00,28.75,30.963,28.096,225.0,319.0,False,87.809,"[None, 2048, 2048, 2048, 2048, 2048]","[2048, 2048, 2048, 2048, 2048, 2048, 2048]","[2048, 2048, 2049, 2048, 2048, 2048, 2048, 2048]",,27_9590
1244,9590,27,38,2024-09-01T13:57:45.362000+00:00,27.224,28.782,27.874,322.0,326.0,False,83.88,"[None, 2048, 2048, 2048, 2048, 2048]","[2048, 2048, 2048, 2048, 2048, 2049, 2048]","[2048, 2048, 2048, 2049, 2048, 2048, 2048, 2048]",330.0,27_9590
1244,9590,27,39,2024-09-01T13:59:09.192000+00:00,27.474,28.71,27.835,316.0,321.0,False,84.019,"[None, 2048, 2048, 2048, 2048, 2048]","[2048, 2048, 2048, 2048, 2048, 2049, 2048]","[2048, 2048, 2049, 2048, 2048, 2048, 2048, 2048]",323.0,27_9590
1244,9590,27,40,2024-09-01T14:00:33.327000+00:00,27.388,28.548,27.685,,322.0,False,83.621,"[None, 2048, 2048, 2048, 2048, 2048]","[2048, 2048, 2048, 2049, 2048, 2048, 2048]","[2048, 2048, 2049, 2048, 2048, 2048, 2048, 2048]",325.0,27_9590
1244,9590,27,41,2024-09-01T14:01:56.956000+00:00,27.305,28.476,27.668,314.0,319.0,False,83.449,"[None, 2048, 2048, 2048, 2048, 2048]","[2048, 2048, 2048, 2049, 2048, 2048, 2048]","[2048, 2049, 2048, 2048, 2049, 2048, 2048, 2048]",322.0,27_9590
1244,9590,27,42,2024-09-01T14:03:20.393000+00:00,27.402,28.603,27.619,,319.0,False,83.624,"[None, 2048, 2048, 2048, 2048, 2048]","[2048, 2048, 2048, 2048, 2048, 2048, 2048]","[2048, 2049, 2048, 2048, 2048, 2048, 2048, 2048]",321.0,27_9590
1244,9590,27,43,2024-09-01T14:04:44.087000+00:00,27.345,28.631,27.615,,318.0,False,83.591,"[None, 2048, 2048, 2048, 2048, 2048]","[2048, 2048, 2048, 2048, 2048, 2048, 2048]","[2048, 2048, 2048, 2048, 2049, 2048, 2048, 2048]",322.0,27_9590
1244,9590,27,44,2024-09-01T14:06:07.533000+00:00,27.215,28.512,27.548,318.0,322.0,False,83.275,"[None, 2048, 2048, 2048, 2048, 2048]","[2048, 2048, 2049, 2048, 2048, 2049, 2048]","[2048, 2048, 2049, 2048, 2048, 2048, 2048, 2048]",325.0,27_9590
1244,9590,27,45,2024-09-01T14:07:30.845000+00:00,27.441,28.593,27.773,317.0,321.0,False,83.807,"[None, 2048, 2048, 2048, 2048, 2048]","[2048, 2048, 2048, 2048, 2048, 2049, 2048]","[2048, 2048, 2048, 2048, 2048, 2048, 2048, 2048]",324.0,27_9590
1244,9590,27,46,2024-09-01T14:08:54.670000+00:00,27.342,29.061,27.704,319.0,323.0,False,84.107,"[None, 2048, 2048, 2048, 2048, 2048]","[2049, 2048, 2048, 2048, 2048, 2048, 2048]","[2048, 2048, 2049, 2048, 2048, 2048, 2048, 2048]",326.0,27_9590
1244,9590,27,47,2024-09-01T14:10:18.807000+00:00,27.137,30.443,29.411,321.0,213.0,False,86.991,"[None, 2048, 2048, 2048, 2049, 2048]","[2048, 2048, 2048, 2048, 2048, 2049, 2048]","[2048, 2048, 2048, 2048, 2048, 2048, 2048, 2048]",341.0,27_9590
1244,9590,27,48,2024-09-01T14:11:45.737000+00:00,27.355,28.862,28.908,319.0,334.0,False,85.125,"[None, 2048, 2048, 2048, 2048, 2048]","[2048, 2048, 2048, 2048, 2048, 2048, 2048]","[2048, 2048, 2048, 2048, 2048, 2048, 2048, 2048]",340.0,27_9590
1244,9590,27,49,2024-09-01T14:13:10.851000+00:00,27.026,28.648,27.73,315.0,319.0,False,83.404,"[None, 2048, 2048, 2048, 2048, 2048]","[2048, 2048, 2048, 2048, 2048, 2048, 2048]","[2048, 2048, 2048, 2048, 2048, 2048, 2048, 2048]",354.0,27_9590
1244,9590,27,50,2024-09-01T14:14:34.131000+00:00,27.374,28.833,27.81,316.0,319.0,False,84.017,"[None, 2048, 2048, 2048, 2048, 2048]","[2048, 2048, 2048, 2048, 2048, 2048, 2048]","[2048, 2048, 2048, 2048, 2048, 2048, 2048, 2048]",322.0,27_9590
1244,9590,27,51,2024-09-01T14:15:58.365000+00:00,27.537,28.807,27.867,314.0,319.0,False,84.211,"[None, 2048, 2048, 2048, 2048, 2048]","[2048, 2048, 2048, 2048, 2048, 2048, 2048]","[2048, 2048, 2048, 2048, 2048, 2048, 2048, 2048]",321.0,27_9590
1244,9590,27,52,2024-09-01T14:17:22.406000+00:00,27.415,28.802,27.749,,319.0,False,83.966,"[None, 2048, 2048, 2048, 2048, 2048]","[2048, 2048, 2048, 2048, 2048, 2048, 2048]","[2048, 2048, 2048, 2048, 2048, 2048, 2048, 2048]",,27_9590
1244,9590,31,1,2024-09-01T13:03:34.412000+00:00,32.684,32.145,30.978,334.0,335.0,False,95.807,"[2048, 2049, 2049, 2049, 2049, 2049]","[2049, 2049, 2049, 2049, 2049, 2049, 2049]","[2049, 2049, 2049, 2049, 2049, 2049, 2049, 0]",257.0,31_9590
1244,9590,31,2,2024-09-01T13:05:10.218000+00:00,27.923,29.711,29.203,317.0,332.0,False,86.837,"[2049, 2051, 2049, 2049, 2048, 2048]","[2049, 2049, 2049, 2049, 2049, 2049, 2049]","[2049, 2049, 2049, 2049, 2049, 2049, 2048, 2048]",351.0,31_9590
1244,9590,31,3,2024-09-01T13:06:37.104000+00:00,27.636,29.875,28.955,315.0,332.0,False,86.466,"[2048, 2048, 2048, 2049, 2049, 2048]","[2048, 2048, 2048, 2048, 2048, 2048, 2049]","[2049, 2049, 2049, 2049, 2049, 2049, 2048, 2048]",335.0,31_9590
1244,9590,31,4,2024-09-01T13:08:03.598000+00:00,27.645,29.744,28.908,,331.0,False,86.297,"[None, 2048, 2048, 2049, 2049, 2048]","[2048, 2048, 2048, 2049, 2049, 2051, 2049]","[2049, 2048, 2049, 2048, 2049, 2049, 2049, 2048]",327.0,31_9590
1244,9590,31,5,2024-09-01T13:09:29.853000+00:00,27.648,29.977,28.943,314.0,329.0,False,86.568,"[None, 2048, 2048, 2048, 2049, 2048]","[2048, 2048, 2048, 2048, 2048, 2048, 2048]","[2048, 2048, 2049, 2048, 2049, 2049, 2049, 2048]",329.0,31_9590
1244,9590,31,6,2024-09-01T13:10:56.467000+00:00,27.537,29.537,28.61,315.0,331.0,False,85.684,"[None, 2048, 2048, 2049, 2048, 2048]","[2049, 2048, 2048, 2049, 2049, 2048, 2049]","[2049, 2049, 2049, 2049, 2049, 2049, 2049, 2048]",334.0,31_9590
1244,9590,31,7,2024-09-01T13:12:22.121000+00:00,27.682,29.533,28.791,,331.0,False,86.006,"[2049, 2049, 2048, 2048, 2048, 2048]","[2049, 2049, 2048, 2048, 2049, 2049, 2049]","[2049, 2048, 2049, 2048, 2048, 2048, 2048, 2048]",344.0,31_9590
1244,9590,31,8,2024-09-01T13:13:48.177000+00:00,27.615,29.699,28.739,317.0,330.0,False,86.053,"[2048, 2048, 2048, 2048, 2048, 2048]","[2048, 2048, 2048, 2048, 2049, 2049, 2048]","[2048, 2048, 2049, 2048, 2048, 2049, 2049, 2049]",333.0,31_9590
1244,9590,31,9,2024-09-01T13:15:14.221000+00:00,27.493,29.157,28.719,312.0,329.0,False,85.369,"[2049, 2048, 2049, 2048, 2048, 2048]","[2049, 2049, 2049, 2049, 2049, 2048, 2048]","[2049, 2049, 2048, 2048, 2048, 2048, 2048, 2048]",334.0,31_9590
1244,9590,31,10,2024-09-01T13:16:39.482000+00:00,27.667,29.597,28.771,,327.0,False,86.035,"[2048, 2048, 2049, 2048, 2048, 2048]","[2049, 2048, 2048, 2048, 2048, 2048, 2048]","[2048, 2048, 2048, 2048, 2048, 2048, 2048, 2048]",335.0,31_9590
1244,9590,31,11,2024-09-01T13:18:05.615000+00:00,27.858,29.585,28.906,313.0,328.0,False,86.349,"[None, 2048, 2048, 2048, 2048, 2048]","[2048, 2048, 2048, 2048, 2048, 2048, 2048]","[2048, 2048, 2048, 2048, 2048, 2048, 2048]",324.0,31_9590
1244,9590,31,12,2024-09-01T13:19:31.867000+00:00,27.772,29.531,28.651,312.0,314.0,False,85.954,"[None, 2048, 2048, 2048, 2048, 2048]","[2049, 2048, 2048, 2048, 2048, 2048, 2048]","[2048, 2048, 2048, 2048, 2049, 2048, 2048]",330.0,31_9590
1244,9590,31,13,2024-09-01T13:20:57.782000+00:00,27.841,29.602,28.616,,315.0,False,86.059,"[None, 2048, 2048, 2048, 2048, 2048]","[2049, 2048, 2048, 2048, 2048, 2048, 2048]","[2048, 2049, 2048, 2048, 2048, 2048, 2048, 2048]",323.0,31_9590
1244,9590,31,14,2024-09-01T13:22:23.987000+00:00,27.993,29.539,28.775,311.0,314.0,False,86.307,"[None, 2048, 2048, 2048, 2048, 2048]","[2048, 2048, 2048, 2048, 2048, 2048, 2048]","[2048, 2048, 2048, 2048, 2048, 2048, 2048, 2048]",321.0,31_9590
1244,9590,31,15,2024-09-01T13:23:50.215000+00:00,28.07,29.784,28.823,296.0,323.0,False,86.677,"[None, 2048, 2048, 2048, 2048, 2048]","[2048, 2048, 2048, 2048, 2048, 2048, 2048]","[2048, 2048, 2048, 2048, 2048, 2048, 2048, 2048]",318.0,31_9590
1244,9590,31,16,2024-09-01T13:25:16.968000+00:00,28.372,29.599,28.723,313.0,313.0,False,86.694,"[None, 2048, 2048, 2048, 2048, 2048]","[2048, 2048, 2048, 2048, 2048, 2048, 2048]","[2048, 2048, 2048, 2048, 2048, 2048, 2048, 2048]",319.0,31_9590
1244,9590,31,17,2024-09-01T13:26:43.659000+00:00,27.879,29.478,28.645,311.0,313.0,False,86.002,"[None, 2048, 2048, 2048, 2048, 2048]","[2048, 2048, 2049, 2048, 2049, 2048, 2048]","[2049, 2048, 2048, 2048, 2048, 2048, 2048, 2048]",321.0,31_9590
1244,9590,31,18,2024-09-01T13:28:09.603000+00:00,27.871,29.579,28.784,,312.0,False,86.234,"[None, 2048, 2048, 2048, 2048, 2048]","[2049, 2048, 2048, 2048, 2048, 2048, 2048]","[2049, 2048, 2048, 2048, 2048, 2048, 2048, 2048]",,31_9590
1244,9590,31,19,2024-09-01T13:29:35.871000+00:00,27.853,29.575,28.746,,313.0,False,86.174,"[None, 2048, 2048, 2048, 2048, 2048]","[2048, 2048, 2048, 2048, 2048, 2048, 2048]","[2048, 2048, 2048, 2048, 2048, 2048, 2048, 2048]",319.0,31_9590
1244,9590,31,20,2024-09-01T13:31:02.063000+00:00,28.562,30.084,28.68,292.0,326.0,False,87.326,"[None, 2048, 2048, 2048, 2048, 2048]","[2048, 2048, 2048, 2048, 2048, 2048, 2048]","[2048, 2048, 2048, 2048, 2048, 2048, 2048, 2048]",310.0,31_9590
1244,9590,31,21,2024-09-01T13:32:29.399000+00:00,27.882,29.769,28.799,310.0,311.0,False,86.45,"[None, 2048, 2048, 2048, 2048, 2048]","[2048, 2048, 2048, 2048, 2048, 2048, 2048]","[2048, 2048, 2048, 2048, 2048, 2048, 2048, 2048]",322.0,31_9590
1244,9590,31,22,2024-09-01T13:33:55.903000+00:00,27.907,29.593,28.827,,312.0,False,86.327,"[None, 2048, 2048, 2048, 2048, 2048]","[2048, 2048, 2048, 2048, 2048, 2048, 2048]","[2048, 2048, 2048, 2048, 2048, 2048, 2048, 2048]",320.0,31_9590
1244,9590,31,23,2024-09-01T13:35:22.092000+00:00,27.915,29.547,28.739,311.0,312.0,False,86.201,"[None, 2048, 2048, 2048, 2048, 2048]","[2048, 2048, 2048, 2048, 2048, 2048, 2048]","[2049, 2048, 2048, 2048, 2048, 2048, 2048]",319.0,31_9590
1244,9590,31,24,2024-09-01T13:36:48.264000+00:00,28.016,30.077,28.677,284.0,314.0,False,86.77,"[None, 2048, 2048, 2048, 2048, 2048]","[2048, 2048, 2048, 2048, 2048, 2048, 2048]","[2048, 2048, 2048, 2048, 2048, 2048, 2048]",,31_9590
1244,9590,31,25,2024-09-01T13:38:15.091000+00:00,28.287,29.931,29.301,313.0,311.0,False,87.519,"[None, 2048, 2048, 2048, 2048, 2048]","[2048, 2048, 2048, 2048, 2048, 2048, 2048]","[2048, 2048, 2048, 2048, 2048, 2048, 2048, 2048]",305.0,31_9590
1244,9590,31,26,2024-09-01T13:39:42.661000+00:00,27.964,29.697,28.722,310.0,311.0,False,86.383,"[None, 2048, 2048, 2048, 2048, 2048]","[2048, 2048, 2048, 2048, 2048, 2048, 2048]","[2048, 2048, 2048, 2048, 2048, 2048, 2048, 2048]",321.0,31_9590
1244,9590,31,27,2024-09-01T13:41:09.007000+00:00,28.38,29.619,28.726,314.0,324.0,False,86.725,"[None, 2048, 2048, 2048, 2048, 2048]","[2048, 2048, 2048, 2048, 2048, 2048, 2048]","[2048, 2048, 2048, 2048, 2048, 2048, 2048, 2048]",319.0,31_9590
1244,9590,31,28,2024-09-01T13:42:35.679000+00:00,27.915,29.455,28.643,311.0,313.0,False,86.013,"[None, 2048, 2048, 2048, 2048, 2048]","[2048, 2048, 2048, 2048, 2048, 2048, 2048]","[2048, 2048, 2048, 2048, 2048, 2048, 2048, 2048]",320.0,31_9590
1244,9590,31,29,2024-09-01T13:44:01.838000+00:00,27.936,29.459,28.704,309.0,312.0,False,86.099,"[None, 2048, 2048, 2048, 2048, 2048]","[2048, 2048, 2048, 2048, 2048, 2048, 2048]","[2048, 2048, 2048, 2048, 2048, 2048, 2048, 2048]",319.0,31_9590
1244,9590,31,30,2024-09-01T13:45:27.880000+00:00,27.867,29.462,28.696,310.0,313.0,False,86.025,"[None, 2048, 2048, 2048, 2048, 2048]","[2048, 2048, 2048, 2048, 2048, 2048, 2048]","[2048, 2048, 2048, 2048, 2048, 2048, 2048, 2048]",,31_9590
1244,9590,31,31,2024-09-01T13:46:53.950000+00:00,27.869,29.413,33.475,309.0,312.0,False,90.757,"[None, 2048, 2048, 2048, 2048, 2048]","[2048, 2048, 2048, 2049, 2048, 2048, 2048]","[2048, 2049, 2048, 2048, 2048, 2048, 2048, 2064]",318.0,31_9590
1244,9590,31,32,2024-09-01T13:48:24.605000+00:00,47.349,29.092,28.269,312.0,316.0,True,104.71,"[2064, 2064, 2048, 2049, 2049, 2048]","[2048, 2048, 2049, 2049, 2049, 2048, 2048]","[2049, 2048, 2048, 2048, 2049, 2049, 2049, 2048]",285.0,31_9590
1244,9590,31,33,2024-09-01T13:50:09.423000+00:00,27.535,28.96,28.157,309.0,312.0,False,84.652,"[2048, 2048, 2049, 2048, 2048, 2048]","[2049, 2048, 2048, 2049, 2049, 2048, 2048]","[2049, 2049, 2048, 2048, 2049, 2049, 2049, 2048]",318.0,31_9590
1244,9590,31,34,2024-09-01T13:51:33.944000+00:00,27.49,29.083,28.392,,312.0,False,84.965,"[None, 2048, 2049, 2048, 2048, 2048]","[2048, 2048, 2048, 2048, 2048, 2048, 2048]","[2049, 2048, 2048, 2048, 2048, 2048, 2048, 2048]",319.0,31_9590
1244,9590,31,35,2024-09-01T13:52:58.873000+00:00,27.652,29.052,28.315,,312.0,False,85.019,"[None, 2048, 2049, 2048, 2048, 2048]","[2048, 2048, 2048, 2048, 2049, 2048, 2048]","[2048, 2048, 2048, 2048, 2048, 2048, 2048, 2048]",318.0,31_9590
1244,9590,31,36,2024-09-01T13:54:24.069000+00:00,27.68,29.05,28.212,310.0,313.0,False,84.942,"[None, 2048, 2048, 2048, 2048, 2048]","[2048, 2048, 2049, 2048, 2049, 2048, 2048]","[2048, 2048, 2048, 2048, 2048, 2048, 2048, 2048]",,31_9590
1244,9590,31,37,2024-09-01T13:55:48.926000+00:00,27.619,28.939,28.055,,312.0,False,84.613,"[None, 2048, 2048, 2048, 2048, 2048]","[2048, 2048, 2048, 2049, 2049, 2048, 2048]","[2048, 2049, 2049, 2048, 2049, 2048, 2048]",319.0,31_9590
1244,9590,31,38,2024-09-01T13:57:13.406000+00:00,27.649,29.024,28.172,,313.0,False,84.845,"[None, 2048, 2048, 2048, 2048, 2048]","[2048, 2048, 2048, 2048, 2048, 2048, 2048]","[2049, 2048, 2048, 2048, 2048, 2048, 2048, 2048]",318.0,31_9590
1244,9590,31,39,2024-09-01T13:58:38.418000+00:00,27.695,29.022,28.55,309.0,313.0,False,85.267,"[None, 2048, 2048, 2048, 2048, 2048]","[2048, 2048, 2048, 2049, 2048, 2048, 2048]","[2048, 2048, 2048, 2048, 2048, 2048, 2048, 2048]",,31_9590
1244,9590,31,40,2024-09-01T14:00:03.596000+00:00,27.772,29.136,28.303,,313.0,False,85.211,"[None, 2048, 2048, 2048, 2048, 2048]","[2048, 2048, 2048, 2048, 2048, 2048, 2048]","[2048, 2048, 2048, 2048, 2048, 2048, 2048, 2048]",,31_9590
1244,9590,31,41,2024-09-01T14:01:28.932000+00:00,27.689,29.106,28.265,,313.0,False,85.06,"[None, 2048, 2048, 2048, 2048, 2048]","[2048, 2048, 2048, 2048, 2049, 2048, 2048]","[2048, 2048, 2048, 2048, 2048, 2048, 2048, 2048]",319.0,31_9590
1244,9590,31,42,2024-09-01T14:02:53.946000+00:00,27.666,29.163,28.29,,312.0,False,85.119,"[None, 2048, 2048, 2048, 2048, 2048]","[2048, 2048, 2048, 2048, 2048, 2048, 2048]","[2048, 2048, 2048, 2048, 2048, 2048, 2048, 2048]",318.0,31_9590
1244,9590,31,43,2024-09-01T14:04:19.024000+00:00,29.201,28.893,28.017,313.0,320.0,False,86.111,"[None, 2048, 2048, 2048, 2049, 2048]","[2048, 2048, 2049, 2049, 2049, 2048, 2048]","[2048, 2048, 2049, 2049, 2048, 2049, 2049, 2048]",279.0,31_9590
1244,9590,31,44,2024-09-01T14:05:45.198000+00:00,27.569,28.972,28.128,,315.0,False,84.669,"[None, 2048, 2048, 2048, 2049, 2048]","[2048, 2048, 2048, 2048, 2049, 2048, 2048]","[2048, 2048, 2048, 2048, 2048, 2048, 2048, 2048]",322.0,31_9590
1244,9590,31,45,2024-09-01T14:07:09.834000+00:00,27.573,29.006,28.008,312.0,314.0,False,84.587,"[None, 2048, 2048, 2048, 2048, 2048]","[2048, 2048, 2049, 2048, 2048, 2048, 2048]","[2048, 2049, 2049, 2048, 2048, 2048, 2048, 2048]",320.0,31_9590
1244,9590,31,46,2024-09-01T14:08:34.409000+00:00,27.583,28.831,28.035,310.0,314.0,False,84.449,"[None, 2048, 2048, 2048, 2048, 2048]","[2048, 2049, 2049, 2048, 2049, 2048, 2048]","[2048, 2048, 2048, 2048, 2048, 2048, 2048, 2048]",,31_9590
1244,9590,31,47,2024-09-01T14:09:58.901000+00:00,27.586,28.836,28.084,,313.0,False,84.506,"[None, 2048, 2048, 2048, 2049, 2048]","[2048, 2048, 2048, 2049, 2049, 2048, 2048]","[2048, 2048, 2048, 2048, 2048, 2049, 2048, 2048]",,31_9590
1244,9590,31,48,2024-09-01T14:11:23.444000+00:00,27.685,28.733,28.04,309.0,312.0,False,84.458,"[None, 2048, 2048, 2048, 2048, 2048]","[2048, 2048, 2048, 2049, 2049, 2048, 2048]","[2048, 2048, 2048, 2048, 2048, 2049, 2048, 2048]",319.0,31_9590
1244,9590,31,49,2024-09-01T14:12:47.864000+00:00,27.668,30.068,28.054,,324.0,False,85.79,"[None, 2048, 2048, 2048, 2048, 2048]","[2048, 2048, 2048, 2048, 2048, 2049, 2048]","[2048, 2048, 2049, 2049, 2048, 2048, 2048, 2048]",318.0,31_9590
1244,9590,31,50,2024-09-01T14:14:13.699000+00:00,27.765,29.646,28.277,310.0,267.0,False,85.688,"[None, 2048, 2048, 2048, 2049, 2048]","[2048, 2048, 2048, 2048, 2048, 2048, 2048]","[2048, 2048, 2049, 2049, 2048, 2048, 2048, 2048]",320.0,31_9590
1244,9590,31,51,2024-09-01T14:15:39.333000+00:00,27.617,28.876,28.097,315.0,316.0,False,84.59,"[None, 2048, 2048, 2048, 2049, 2048]","[2048, 2048, 2049, 2048, 2048, 2048, 2048]","[2048, 2048, 2048, 2048, 2048, 2048, 2048, 2048]",322.0,31_9590
1244,9590,31,52,2024-09-01T14:17:03.986000+00:00,27.604,28.777,27.962,311.0,314.0,False,84.343,"[None, 2048, 2048, 2048, 2048, 2048]","[2048, 2048, 2048, 2048, 2048, 2048, 2048]","[2048, 2048, 2048, 2048, 2048, 2048, 2049, 2048]",321.0,31_9590
1244,9590,43,1,2024-09-01T13:03:34.412000+00:00,33.305,32.713,30.295,327.0,319.0,False,96.313,"[2048, 2049, 2049, 2049, 2049, 2049]","[2049, 2049, 2049, 2049, 2049, 2049, 2049]","[2049, 2049, 2049, 2049, 2049, 2049, 2051, 2051]",263.0,43_9590
1244,9590,43,2,2024-09-01T13:05:10.724000+00:00,28.352,30.598,28.895,325.0,340.0,False,87.845,"[2049, 2049, 2049, 2049, 2048, 2048]","[2049, 2049, 2049, 2049, 2049, 2049, 2049]","[2049, 2049, 2048, 2049, 2049, 2048, 2048, 2048]",332.0,43_9590
1244,9590,43,3,2024-09-01T13:06:38.604000+00:00,27.636,30.238,28.704,320.0,338.0,False,86.578,"[2048, 2049, 2049, 2049, 2048, 2048]","[2049, 2049, 2049, 2048, 2049, 2049, 2048]","[2049, 2049, 2048, 2048, 2049, 2049, 2048, 2048]",334.0,43_9590
1244,9590,43,4,2024-09-01T13:08:05.198000+00:00,27.686,29.802,28.762,316.0,334.0,False,86.25,"[2049, 2048, 2049, 2048, 2048, 2048]","[2049, 2049, 2048, 2048, 2049, 2048, 2048]","[2048, 2048, 2048, 2048, 2049, 2048, 2048, 2048]",344.0,43_9590
1244,9590,43,5,2024-09-01T13:09:31.455000+00:00,27.685,30.569,28.897,320.0,332.0,False,87.151,"[2048, 2049, 2048, 2048, 2048, 2048]","[2048, 2048, 2048, 2048, 2048, 2048, 2048]","[2048, 2048, 2048, 2049, 2048, 2048, 2048]",,43_9590
1244,9590,43,6,2024-09-01T13:10:58.509000+00:00,27.633,29.362,29.062,315.0,320.0,False,86.057,"[None, 2048, 2049, 2048, 2048, 2048]","[2049, 2049, 2049, 2049, 2049, 2048, 2048]","[2049, 2049, 2048, 2049, 2048, 2048, 2048, 2048]",342.0,43_9590
1244,9590,43,7,2024-09-01T13:12:24.706000+00:00,28.513,29.885,28.806,318.0,332.0,False,87.204,"[None, 2048, 2048, 2048, 2048, 2048]","[2048, 2048, 2048, 2048, 2048, 2048, 2048]","[2049, 2048, 2048, 2048, 2048, 2048, 2048, 2048]",317.0,43_9590
1244,9590,43,8,2024-09-01T13:13:51.912000+00:00,27.774,29.618,28.993,315.0,320.0,False,86.385,"[None, 2048, 2048, 2048, 2048, 2048]","[2048, 2048, 2049, 2048, 2048, 2048, 2048]","[2048, 2049, 2048, 2048, 2048, 2048, 2048, 2048]",337.0,43_9590
1244,9590,43,9,2024-09-01T13:15:18.213000+00:00,27.779,29.555,28.888,316.0,321.0,False,86.222,"[None, 2048, 2048, 2048, 2048, 2048]","[2049, 2048, 2049, 2048, 2048, 2048, 2048]","[2048, 2048, 2048, 2048, 2048, 2048, 2048, 2048]",331.0,43_9590
1244,9590,43,10,2024-09-01T13:16:44.500000+00:00,27.76,29.706,28.823,317.0,322.0,False,86.289,"[None, 2048, 2048, 2049, 2048, 2048]","[2048, 2048, 2049, 2048, 2048, 2048, 2048]","[2048, 2048, 2048, 2048, 2048, 2048, 2048, 2048]",,43_9590
1244,9590,43,11,2024-09-01T13:18:10.698000+00:00,27.883,29.614,29.11,,318.0,False,86.607,"[None, 2048, 2048, 2048, 2048, 2048]","[2049, 2048, 2048, 2048, 2048, 2048, 2048]","[2048, 2048, 2048, 2048, 2048, 2048, 2048, 2048]",,43_9590
1244,9590,43,12,2024-09-01T13:19:37.366000+00:00,27.91,29.617,28.973,316.0,317.0,False,86.5,"[None, 2048, 2048, 2048, 2048, 2048]","[2049, 2048, 2048, 2048, 2048, 2048, 2048]","[2048, 2048, 2048, 2048, 2048, 2048, 2048]",325.0,43_9590
1244,9590,43,13,2024-09-01T13:21:03.843000+00:00,27.9,29.546,28.964,313.0,315.0,False,86.41,"[None, 2048, 2048, 2048, 2048, 2048]","[2048, 2049, 2048, 2048, 2048, 2048, 2048]","[2048, 2048, 2048, 2048, 2048, 2048, 2048, 2048]",326.0,43_9590
1244,9590,43,14,2024-09-01T13:22:30.250000+00:00,27.986,29.857,29.087,314.0,314.0,False,86.93,"[None, 2048, 2048, 2048, 2048, 2048]","[2048, 2048, 2048, 2048, 2048, 2048, 2048]","[2048, 2048, 2048, 2048, 2048, 2048, 2048, 2048]",327.0,43_9590
1244,9590,43,15,2024-09-01T13:23:57.136000+00:00,27.89,29.739,29.043,315.0,316.0,False,86.672,"[None, 2048, 2049, 2048, 2048, 2048]","[2048, 2048, 2048, 2048, 2048, 2048, 2048]","[2048, 2048, 2048, 2048, 2048, 2048, 2048]",326.0,43_9590
1244,9590,43,16,2024-09-01T13:25:23.780000+00:00,28.117,29.78,33.296,318.0,318.0,False,91.193,"[None, 2048, 2048, 2048, 2048, 2048]","[2048, 2048, 2048, 2048, 2048, 2048, 2048]","[2048, 2048, 2048, 2048, 2048, 2048, 2048, 2064]",320.0,43_9590
1244,9590,43,17,2024-09-01T13:26:55.102000+00:00,48.514,29.392,28.443,322.0,313.0,True,106.349,"[2064, 2064, 2048, 2048, 2048, 2048]","[2049, 2049, 2049, 2048, 2048, 2048, 2048]","[2048, 2049, 2048, 2048, 2049, 2049, 2048, 2048]",283.0,43_9590
1244,9590,43,18,2024-09-01T13:28:41.349000+00:00,27.472,28.844,28.169,315.0,318.0,False,84.485,"[2048, 2048, 2048, 2049, 2048, 2048]","[2049, 2049, 2049, 2049, 2049, 2048, 2048]","[2048, 2049, 2048, 2049, 2049, 2048, 2048, 2048]",328.0,43_9590
1244,9590,43,19,2024-09-01T13:30:05.954000+00:00,27.518,29.134,28.276,314.0,315.0,False,84.928,"[None, 2048, 2049, 2048, 2048, 2048]","[2048, 2048, 2048, 2048, 2048, 2048, 2048]","[2048, 2049, 2048, 2048, 2048, 2048, 2048, 2048]",325.0,43_9590
1244,9590,43,20,2024-09-01T13:31:30.754000+00:00,27.749,29.188,28.211,,316.0,False,85.148,"[None, 2048, 2048, 2048, 2048, 2048]","[2048, 2048, 2048, 2048, 2048, 2048, 2048]","[2048, 2048, 2048, 2048, 2048, 2049, 2048]",326.0,43_9590
1244,9590,43,21,2024-09-01T13:32:55.889000+00:00,27.737,28.962,28.085,312.0,316.0,False,84.784,"[None, 2048, 2048, 2048, 2048, 2048]","[2048, 2048, 2048, 2049, 2049, 2048, 2048]","[2049, 2049, 2048, 2048, 2049, 2048, 2048, 2048]",325.0,43_9590
1244,9590,43,22,2024-09-01T13:34:20.734000+00:00,27.692,29.017,28.143,315.0,317.0,False,84.852,"[None, 2048, 2048, 2048, 2048, 2048]","[2048, 2048, 2048, 2048, 2048, 2048, 2048]","[2048, 2048, 2048, 2048, 2048, 2048, 2048, 2048]",,43_9590
1244,9590,43,23,2024-09-01T13:35:45.578000+00:00,27.6,28.921,28.128,,316.0,False,84.649,"[None, 2048, 2048, 2048, 2048, 2048]","[2048, 2048, 2048, 2048, 2048, 2048, 2048]","[2048, 2048, 2048, 2048, 2048, 2048, 2048, 2048]",,43_9590
1244,9590,43,24,2024-09-01T13:37:10.189000+00:00,27.614,28.932,28.089,314.0,316.0,False,84.635,"[None, 2048, 2048, 2048, 2048, 2048]","[2048, 2048, 2048, 2048, 2048, 2048, 2048]","[2048, 2049, 2048, 2048, 2048, 2048, 2048, 2048]",328.0,43_9590
1244,9590,43,25,2024-09-01T13:38:34.840000+00:00,27.635,29.099,28.182,,315.0,False,84.916,"[None, 2048, 2048, 2048, 2048, 2048]","[2048, 2048, 2048, 2048, 2048, 2048, 2048]","[2048, 2048, 2048, 2048, 2048, 2048, 2048, 2048]",326.0,43_9590
1244,9590,43,26,2024-09-01T13:39:59.830000+00:00,27.668,28.821,28.15,316.0,318.0,False,84.639,"[None, 2048, 2048, 2048, 2048, 2048]","[2048, 2048, 2048, 2049, 2049, 2048, 2048]","[2048, 2048, 2048, 2049, 2048, 2048, 2048, 2048]",,43_9590
1244,9590,43,27,2024-09-01T13:41:24.513000+00:00,27.601,28.848,28.048,318.0,319.0,False,84.497,"[None, 2048, 2048, 2048, 2048, 2048]","[2049, 2048, 2048, 2048, 2049, 2048, 2048]","[2048, 2048, 2049, 2049, 2049, 2049, 2048, 2048]",328.0,43_9590
1244,9590,43,28,2024-09-01T13:42:48.887000+00:00,27.778,29.06,28.167,315.0,318.0,False,85.005,"[None, 2048, 2048, 2048, 2048, 2048]","[2048, 2048, 2048, 2048, 2048, 2049, 2048]","[2048, 2048, 2048, 2049, 2048, 2048, 2049, 2048]",327.0,43_9590
1244,9590,43,29,2024-09-01T13:44:13.897000+00:00,27.595,29.349,28.69,323.0,329.0,False,85.634,"[None, 2048, 2048, 2048, 2048, 2048]","[2048, 2048, 2048, 2048, 2048, 2049, 2048]","[2048, 2048, 2049, 2048, 2048, 2048, 2048, 2048]",340.0,43_9590
1244,9590,43,30,2024-09-01T13:45:39.639000+00:00,27.627,29.374,28.411,315.0,319.0,False,85.412,"[None, 2048, 2049, 2048, 2048, 2048]","[2048, 2048, 2048, 2048, 2048, 2048, 2048]","[2048, 2048, 2048, 2048, 2048, 2048, 2048, 2048]",342.0,43_9590
1244,9590,43,31,2024-09-01T13:47:04.969000+00:00,27.848,29.279,28.459,,328.0,False,85.586,"[None, 2048, 2048, 2048, 2048, 2048]","[2048, 2048, 2048, 2048, 2048, 2048, 2048]","[2048, 2048, 2048, 2048, 2048, 2048, 2048, 2048]",333.0,43_9590
1244,9590,43,32,2024-09-01T13:48:30.574000+00:00,27.856,29.424,28.153,311.0,317.0,False,85.433,"[None, 2048, 2049, 2048, 2048, 2048]","[2048, 2048, 2048, 2048, 2048, 2048, 2048]","[2049, 2048, 2048, 2048, 2048, 2048, 2048, 2048]",356.0,43_9590
1244,9590,43,33,2024-09-01T13:49:55.981000+00:00,27.777,29.002,28.089,313.0,316.0,False,84.868,"[None, 2048, 2048, 2048, 2048, 2048]","[2048, 2048, 2049, 2048, 2048, 2048, 2048]","[2048, 2048, 2048, 2048, 2048, 2049, 2048, 2048]",324.0,43_9590
1244,9590,43,34,2024-09-01T13:51:20.941000+00:00,27.66,29.203,28.058,316.0,315.0,False,84.921,"[None, 2048, 2048, 2048, 2048, 2048]","[2048, 2048, 2048, 2048, 2048, 2048, 2048]","[2048, 2048, 2048, 2048, 2049, 2048, 2048, 2048]",326.0,43_9590
1244,9590,43,35,2024-09-01T13:52:45.799000+00:00,27.657,29.022,28.119,,315.0,False,84.798,"[None, 2048, 2048, 2048, 2048, 2048]","[2048, 2048, 2048, 2048, 2048, 2048, 2048]","[2048, 2048, 2048, 2048, 2048, 2048, 2048, 2048]",325.0,43_9590
1244,9590,43,36,2024-09-01T13:54:10.531000+00:00,27.749,28.911,28.18,,316.0,False,84.84,"[None, 2048, 2048, 2048, 2048, 2048]","[2048, 2048, 2048, 2048, 2049, 2048, 2048]","[2048, 2048, 2048, 2049, 2048, 2048, 2048]",323.0,43_9590
1244,9590,43,37,2024-09-01T13:55:35.347000+00:00,27.708,29.316,28.321,,315.0,False,85.345,"[None, 2048, 2048, 2048, 2048, 2048]","[2048, 2048, 2048, 2048, 2048, 2048, 2048]","[2048, 2048, 2048, 2048, 2048, 2048, 2048, 2048]",325.0,43_9590
1244,9590,43,38,2024-09-01T13:57:00.753000+00:00,27.77,29.172,28.252,317.0,316.0,False,85.194,"[None, 2048, 2048, 2048, 2048, 2048]","[2048, 2048, 2048, 2048, 2048, 2048, 2048]","[2048, 2048, 2048, 2048, 2048, 2048, 2048, 2048]",326.0,43_9590
1244,9590,43,39,2024-09-01T13:58:25.899000+00:00,27.686,29.125,28.317,,316.0,False,85.128,"[None, 2048, 2048, 2048, 2048, 2048]","[2048, 2048, 2048, 2048, 2048, 2048, 2048]","[2048, 2048, 2048, 2048, 2048, 2048, 2048, 2048]",324.0,43_9590
1244,9590,43,40,2024-09-01T13:59:51.057000+00:00,27.866,29.027,28.254,316.0,315.0,False,85.147,"[None, 2048, 2048, 2048, 2048, 2048]","[2048, 2048, 2048, 2048, 2048, 2048, 2048]","[2048, 2048, 2048, 2048, 2048, 2048, 2048, 2048]",323.0,43_9590
1244,9590,43,41,2024-09-01T14:01:16.175000+00:00,27.723,28.907,28.171,317.0,316.0,False,84.801,"[None, 2048, 2048, 2048, 2048, 2048]","[2048, 2048, 2049, 2048, 2048, 2048, 2048]","[2048, 2048, 2048, 2048, 2048, 2048, 2048, 2048]",325.0,43_9590
1244,9590,43,42,2024-09-01T14:02:41.105000+00:00,27.713,28.906,28.001,316.0,315.0,False,84.62,"[None, 2048, 2048, 2048, 2048, 2048]","[2048, 2048, 2048, 2048, 2048, 2048, 2048]","[2049, 2049, 2048, 2049, 2048, 2048, 2048, 2048]",324.0,43_9590
1244,9590,43,43,2024-09-01T14:04:05.658000+00:00,28.24,29.502,28.237,317.0,317.0,False,85.979,"[None, 2048, 2048, 2048, 2048, 2048]","[2048, 2048, 2048, 2048, 2048, 2048, 2048]","[2048, 2048, 2048, 2048, 2048, 2048, 2048, 2048]",336.0,43_9590
1244,9590,43,44,2024-09-01T14:05:31.702000+00:00,27.716,29.211,28.234,315.0,314.0,False,85.161,"[None, 2048, 2048, 2048, 2048, 2048]","[2048, 2048, 2048, 2048, 2048, 2048, 2048]","[2048, 2048, 2048, 2048, 2048, 2048, 2048, 2048]",327.0,43_9590
1244,9590,43,45,2024-09-01T14:06:56.802000+00:00,27.681,28.987,28.144,314.0,316.0,False,84.812,"[None, 2048, 2048, 2048, 2048, 2048]","[2048, 2048, 2049, 2048, 2048, 2048, 2048]","[2048, 2048, 2048, 2048, 2048, 2048, 2048, 2048]",324.0,43_9590
1244,9590,43,46,2024-09-01T14:08:21.587000+00:00,27.778,29.039,28.122,312.0,313.0,False,84.939,"[None, 2048, 2048, 2048, 2048, 2048]","[2048, 2048, 2048, 2048, 2048, 2048, 2048]","[2048, 2049, 2048, 2048, 2048, 2048, 2048, 2048]",340.0,43_9590
1244,9590,43,47,2024-09-01T14:09:46.553000+00:00,27.747,28.906,28.044,313.0,315.0,False,84.697,"[None, 2048, 2048, 2048, 2048, 2048]","[2048, 2049, 2049, 2048, 2048, 2048, 2048]","[2048, 2048, 2048, 2048, 2048, 2048, 2048, 2048]",324.0,43_9590
1244,9590,43,48,2024-09-01T14:11:11.182000+00:00,27.746,28.832,27.96,314.0,315.0,False,84.538,"[None, 2048, 2048, 2048, 2048, 2048]","[2048, 2048, 2048, 2048, 2048, 2048, 2048]","[2048, 2049, 2048, 2048, 2048, 2048, 2048, 2048]",325.0,43_9590
1244,9590,43,49,2024-09-01T14:12:35.784000+00:00,27.716,28.817,27.941,317.0,317.0,False,84.474,"[None, 2048, 2048, 2048, 2049, 2048]","[2048, 2048, 2049, 2049, 2048, 2048, 2048]","[2048, 2048, 2048, 2049, 2048, 2048, 2048, 2048]",,43_9590
1244,9590,43,50,2024-09-01T14:14:00.278000+00:00,27.683,28.778,27.839,316.0,316.0,False,84.3,"[None, 2048, 2048, 2048, 2049, 2048]","[2048, 2048, 2048, 2049, 2048, 2048, 2048]","[2049, 2049, 2048, 2048, 2048, 2048, 2048, 2048]",,43_9590
1244,9590,43,51,2024-09-01T14:15:24.548000+00:00,27.623,28.661,27.902,,316.0,False,84.186,"[None, 2048, 2048, 2048, 2049, 2048]","[2048, 2048, 2048, 2049, 2048, 2048, 2048]","[2048, 2048, 2048, 2049, 2048, 2048, 2048, 2048]",324.0,43_9590
1244,9590,43,52,2024-09-01T14:16:48.787000+00:00,27.719,28.664,28.046,,316.0,False,84.429,"[None, 2048, 2048, 2048, 2048, 2048]","[2048, 2048, 2048, 2048, 2049, 2048, 2048]","[2048, 2048, 2048, 2049, 2048, 2048, 2049, 2048]",,43_9590
1244,9590,43,53,2024-09-01T14:18:13.171000+00:00,27.47,28.56,27.698,317.0,329.0,False,83.728,"[None, 2048, 2048, 2048, 2048, 2048]","[2048, 2048, 2048, 2048, 2049, 2048, 2048]","[2049, 2048, 2048, 2048, 2049, 2048, 2049, 2048]",338.0,43_9590
1244,9590,44,1,2024-09-01T13:03:34.412000+00:00,30.783,30.629,28.773,327.0,319.0,False,90.185,"[2048, 2049, 2049, 2049, 2049, 2049]","[2049, 2049, 2049, 2049, 2049, 2049, 2049]","[2049, 2049, 2049, 2051, 2049, 2049, 2049, 2049]",290.0,44_9590
1244,9590,44,2,2024-09-01T13:05:04.596000+00:00,27.701,29.754,28.588,319.0,337.0,False,86.043,"[2049, 2049, 2049, 2051, 2049, 2048]","[2049, 2049, 2049, 2048, 2049, 2049, 2049]","[2049, 2049, 2049, 2048, 2048, 2049, 2049, 2048]",331.0,44_9590
1244,9590,44,3,2024-09-01T13:06:30.630000+00:00,27.495,29.688,28.447,317.0,327.0,False,85.63,"[None, 2048, 2049, 2049, 2049, 2048]","[2049, 2049, 2049, 2048, 2049, 2048, 2048]","[2049, 2049, 2048, 2048, 2049, 2049, 2048, 2048]",323.0,44_9590
1244,9590,44,4,2024-09-01T13:07:56.235000+00:00,27.65,29.626,28.446,308.0,311.0,False,85.722,"[2048, 2049, 2049, 2048, 2048, 2048]","[2049, 2049, 2048, 2049, 2049, 2048, 2048]","[2051, 2049, 2048, 2048, 2049, 2048, 2048, 2048]",334.0,44_9590
1244,9590,44,5,2024-09-01T13:09:21.870000+00:00,27.451,29.134,28.186,312.0,315.0,False,84.771,"[None, 2048, 2049, 2048, 2048, 2048]","[2049, 2049, 2049, 2049, 2049, 2048, 2048]","[2051, 2049, 2048, 2048, 2048, 2048, 2048, 2048]",329.0,44_9590
1244,9590,44,6,2024-09-01T13:10:46.743000+00:00,27.565,29.213,28.141,315.0,317.0,False,84.919,"[None, 2048, 2048, 2048, 2048, 2048]","[2049, 2048, 2048, 2049, 2049, 2048, 2048]","[2048, 2049, 2048, 2048, 2049, 2048, 2048, 2048]",325.0,44_9590
1244,9590,44,7,2024-09-01T13:12:11.642000+00:00,27.635,29.267,28.303,316.0,318.0,False,85.205,"[None, 2048, 2049, 2048, 2048, 2048]","[2048, 2048, 2048, 2048, 2048, 2048, 2048]","[2048, 2048, 2048, 2048, 2048, 2048, 2048, 2048]",326.0,44_9590
1244,9590,44,8,2024-09-01T13:13:36.796000+00:00,27.605,28.975,28.291,315.0,318.0,False,84.871,"[None, 2048, 2048, 2048, 2048, 2048]","[2048, 2049, 2048, 2049, 2049, 2048, 2048]","[2048, 2048, 2048, 2048, 2048, 2048, 2048, 2048]",323.0,44_9590
1244,9590,44,9,2024-09-01T13:15:01.714000+00:00,27.79,29.067,28.178,313.0,316.0,False,85.035,"[None, 2048, 2048, 2048, 2048, 2048]","[2048, 2048, 2048, 2048, 2049, 2048, 2048]","[2049, 2048, 2048, 2049, 2048, 2048, 2048, 2048]",322.0,44_9590
1244,9590,44,10,2024-09-01T13:16:26.672000+00:00,27.537,29.196,28.176,,316.0,False,84.909,"[None, 2048, 2048, 2048, 2048, 2048]","[2048, 2048, 2048, 2048, 2048, 2048, 2048]","[2049, 2048, 2048, 2048, 2048, 2048, 2048, 2048]",324.0,44_9590
1244,9590,44,11,2024-09-01T13:17:51.651000+00:00,27.64,29.078,28.22,,316.0,False,84.938,"[None, 2048, 2048, 2048, 2048, 2048]","[2049, 2048, 2048, 2049, 2048, 2048, 2048]","[2048, 2048, 2048, 2048, 2048, 2048, 2048, 2048]",323.0,44_9590
1244,9590,44,12,2024-09-01T13:19:16.514000+00:00,27.672,28.987,28.273,312.0,316.0,False,84.932,"[None, 2048, 2048, 2048, 2048, 2048]","[2048, 2048, 2048, 2049, 2048, 2048, 2048]","[2048, 2048, 2048, 2048, 2048, 2048, 2048, 2048]",324.0,44_9590
1244,9590,44,13,2024-09-01T13:20:41.562000+00:00,27.618,29.205,28.506,315.0,317.0,False,85.329,"[None, 2048, 2048, 2048, 2048, 2048]","[2048, 2048, 2048, 2048, 2048, 2048, 2048]","[2048, 2048, 2049, 2048, 2048, 2048, 2048, 2048]",329.0,44_9590
1244,9590,44,14,2024-09-01T13:22:06.796000+00:00,27.774,29.496,28.547,314.0,316.0,False,85.817,"[None, 2048, 2048, 2048, 2048, 2048]","[2048, 2048, 2048, 2048, 2048, 2048, 2048]","[2048, 2048, 2048, 2048, 2048, 2048, 2048, 2048]",327.0,44_9590
1244,9590,44,15,2024-09-01T13:23:32.589000+00:00,27.855,29.557,32.953,319.0,316.0,False,90.365,"[None, 2048, 2048, 2048, 2048, 2048]","[2048, 2048, 2048, 2048, 2048, 2048, 2048]","[2048, 2048, 2048, 2048, 2048, 2048, 2048, 2064]",337.0,44_9590
1244,9590,44,16,2024-09-01T13:25:03.080000+00:00,47.705,29.604,28.355,322.0,311.0,True,105.664,"[2064, 2064, 2048, 2048, 2048, 2048]","[2048, 2048, 2048, 2048, 2048, 2048, 2048]","[2048, 2049, 2049, 2048, 2048, 2048, 2048, 2048]",282.0,44_9590
1244,9590,44,17,2024-09-01T13:26:48.685000+00:00,27.547,29.109,28.187,313.0,317.0,False,84.843,"[2048, 2048, 2048, 2048, 2048, 2048]","[2048, 2049, 2048, 2048, 2048, 2048, 2048]","[2048, 2048, 2049, 2048, 2048, 2049, 2049, 2048]",320.0,44_9590
1244,9590,44,18,2024-09-01T13:28:13.781000+00:00,27.403,29.345,28.083,332.0,314.0,False,84.831,"[None, 2048, 2048, 2049, 2049, 2049]","[2049, 2048, 2048, 2048, 2048, 2048, 2048]","[2048, 2049, 2048, 2048, 2048, 2049, 2049, 2048]",324.0,44_9590
1244,9590,44,19,2024-09-01T13:29:38.256000+00:00,27.623,29.0,28.026,311.0,315.0,False,84.649,"[None, 2048, 2048, 2048, 2048, 2048]","[2048, 2048, 2048, 2048, 2049, 2048, 2048]","[2048, 2048, 2048, 2048, 2049, 2048, 2049, 2048]",320.0,44_9590
1244,9590,44,20,2024-09-01T13:31:02.935000+00:00,27.535,29.101,28.004,330.0,327.0,False,84.64,"[None, 2049, 2048, 2048, 2049, 2049]","[2048, 2048, 2048, 2048, 2048, 2049, 2048]","[2048, 2048, 2048, 2048, 2048, 2049, 2048, 2048]",337.0,44_9590
1244,9590,44,21,2024-09-01T13:32:27.571000+00:00,27.503,29.277,28.135,315.0,317.0,False,84.915,"[None, 2049, 2048, 2048, 2048, 2048]","[2048, 2048, 2048, 2048, 2049, 2048, 2048]","[2048, 2048, 2048, 2048, 2048, 2048, 2048, 2048]",340.0,44_9590
1244,9590,44,22,2024-09-01T13:33:52.576000+00:00,27.506,29.05,28.057,314.0,314.0,False,84.613,"[None, 2048, 2048, 2048, 2048, 2048]","[2048, 2048, 2048, 2049, 2048, 2048, 2048]","[2048, 2049, 2048, 2048, 2048, 2048, 2048, 2048]",326.0,44_9590
1244,9590,44,23,2024-09-01T13:35:17.145000+00:00,27.498,28.807,27.827,316.0,317.0,False,84.132,"[None, 2048, 2048, 2048, 2048, 2048]","[2048, 2049, 2049, 2049, 2048, 2048, 2048]","[2048, 2048, 2051, 2048, 2048, 2049, 2048, 2048]",324.0,44_9590
1244,9590,44,24,2024-09-01T13:36:41.274000+00:00,27.401,28.687,27.73,318.0,319.0,False,83.818,"[None, 2048, 2048, 2048, 2048, 2048]","[2048, 2048, 2049, 2049, 2049, 2048, 2048]","[2049, 2049, 2048, 2049, 2049, 2048, 2049, 2048]",328.0,44_9590
1244,9590,44,25,2024-09-01T13:38:05.063000+00:00,27.382,28.683,27.739,317.0,318.0,False,83.804,"[None, 2048, 2048, 2048, 2048, 2048]","[2048, 2048, 2048, 2049, 2048, 2048, 2048]","[2049, 2048, 2048, 2048, 2048, 2049, 2049, 2048]",326.0,44_9590
1244,9590,44,26,2024-09-01T13:39:28.937000+00:00,27.426,28.517,27.73,,318.0,False,83.673,"[None, 2048, 2048, 2048, 2048, 2048]","[2048, 2048, 2049, 2049, 2048, 2048, 2048]","[2048, 2049, 2048, 2048, 2049, 2048, 2048, 2048]",,44_9590
1244,9590,44,27,2024-09-01T13:40:52.595000+00:00,27.368,28.429,27.698,,319.0,False,83.495,"[None, 2048, 2049, 2048, 2048, 2048]","[2048, 2049, 2049, 2049, 2049, 2049, 2048]","[2048, 2048, 2048, 2049, 2049, 2048, 2049, 2048]",327.0,44_9590
1244,9590,44,28,2024-09-01T13:42:16.116000+00:00,27.387,28.677,27.576,319.0,319.0,False,83.64,"[None, 2048, 2048, 2048, 2048, 2048]","[2048, 2048, 2048, 2048, 2048, 2048, 2048]","[2049, 2048, 2049, 2049, 2049, 2049, 2049, 2048]",331.0,44_9590
1244,9590,44,29,2024-09-01T13:43:39.780000+00:00,27.354,28.585,27.568,318.0,319.0,False,83.507,"[None, 2048, 2048, 2048, 2048, 2048]","[2048, 2048, 2048, 2048, 2048, 2048, 2048]","[2048, 2049, 2049, 2048, 2049, 2049, 2049, 2049]",328.0,44_9590
1244,9590,44,30,2024-09-01T13:45:03.239000+00:00,27.347,28.553,27.545,319.0,323.0,False,83.445,"[None, 2048, 2048, 2048, 2048, 2048]","[2048, 2048, 2048, 2048, 2048, 2048, 2048]","[2048, 2048, 2049, 2049, 2048, 2048, 2048, 2048]",327.0,44_9590
1244,9590,44,31,2024-09-01T13:46:26.667000+00:00,27.406,28.477,27.477,,320.0,False,83.36,"[None, 2048, 2048, 2048, 2048, 2048]","[2048, 2048, 2048, 2048, 2048, 2048, 2048]","[2048, 2049, 2049, 2049, 2049, 2048, 2048, 2048]",328.0,44_9590
1244,9590,44,32,2024-09-01T13:47:50.077000+00:00,27.289,28.539,27.5,,320.0,False,83.328,"[None, 2048, 2048, 2048, 2048, 2048]","[2048, 2048, 2048, 2048, 2048, 2048, 2048]","[2049, 2048, 2048, 2049, 2048, 2048, 2048, 2048]",330.0,44_9590
1244,9590,44,33,2024-09-01T13:49:13.403000+00:00,27.3,28.473,27.624,,320.0,False,83.397,"[None, 2048, 2049, 2048, 2048, 2048]","[2048, 2048, 2048, 2049, 2048, 2049, 2048]","[2048, 2048, 2048, 2048, 2048, 2048, 2048, 2048]",328.0,44_9590
1244,9590,44,34,2024-09-01T13:50:36.663000+00:00,27.419,28.494,27.618,,320.0,False,83.531,"[None, 2048, 2048, 2048, 2048, 2048]","[2048, 2048, 2048, 2048, 2048, 2048, 2048]","[2048, 2048, 2048, 2048, 2048, 2048, 2048, 2048]",,44_9590
1244,9590,44,35,2024-09-01T13:52:00.343000+00:00,27.375,28.4,27.603,,320.0,False,83.378,"[None, 2048, 2048, 2048, 2048, 2048]","[2048, 2049, 2049, 2048, 2048, 2048, 2048]","[2048, 2048, 2049, 2048, 2048, 2048, 2048, 2048]",,44_9590
1244,9590,44,36,2024-09-01T13:53:23.663000+00:00,27.404,28.475,27.722,,320.0,False,83.601,"[None, 2048, 2048, 2048, 2048, 2048]","[2048, 2048, 2048, 2048, 2048, 2048, 2048]","[2048, 2048, 2048, 2048, 2048, 2048, 2048, 2048]",327.0,44_9590
1244,9590,44,37,2024-09-01T13:54:47.285000+00:00,27.414,28.692,32.243,,319.0,False,88.349,"[None, 2048, 2048, 2048, 2048, 2048]","[2048, 2048, 2048, 2048, 2048, 2048, 2048]","[2048, 2048, 2048, 2048, 2048, 2048, 2048, 2064]",328.0,44_9590
1244,9590,44,38,2024-09-01T13:56:15.609000+00:00,46.782,28.18,27.464,323.0,312.0,True,102.426,"[2064, 2064, 2048, 2049, 2048, 2048]","[2049, 2051, 2048, 2049, 2049, 2049, 2048]","[2048, 2049, 2048, 2048, 2048, 2049, 2048, 2048]",285.0,44_9590
1244,9590,44,39,2024-09-01T13:57:57.985000+00:00,27.319,28.185,27.464,312.0,315.0,False,82.968,"[2048, 2048, 2049, 2048, 2048, 2048]","[2048, 2051, 2051, 2048, 2048, 2049, 2048]","[2051, 2048, 2048, 2048, 2048, 2049, 2049, 2048]",320.0,44_9590
1244,9590,44,40,2024-09-01T13:59:21.152000+00:00,27.251,28.312,27.449,311.0,316.0,False,83.012,"[None, 2048, 2048, 2049, 2048, 2048]","[2048, 2048, 2048, 2048, 2048, 2048, 2048]","[2048, 2048, 2048, 2048, 2048, 2048, 2048, 2048]",321.0,44_9590
1244,9590,44,41,2024-09-01T14:00:44.051000+00:00,27.27,28.351,27.306,312.0,316.0,False,82.927,"[None, 2048, 2048, 2049, 2048, 2048]","[2048, 2048, 2048, 2048, 2048, 2048, 2048]","[2048, 2049, 2048, 2048, 2049, 2048, 2049, 2048]",323.0,44_9590
1244,9590,44,42,2024-09-01T14:02:06.986000+00:00,27.153,28.04,27.327,314.0,317.0,False,82.52,"[None, 2048, 2048, 2049, 2048, 2048]","[2048, 2048, 2048, 2048, 2049, 2049, 2048]","[2048, 2048, 2048, 2048, 2049, 2049, 2049, 2048]",326.0,44_9590
1244,9590,44,43,2024-09-01T14:03:29.422000+00:00,27.199,27.994,27.203,316.0,320.0,False,82.396,"[None, 2048, 2048, 2048, 2048, 2048]","[2048, 2048, 2049, 2049, 2048, 2049, 2048]","[2049, 2048, 2048, 2048, 2048, 2048, 2049, 2048]",324.0,44_9590
1244,9590,44,44,2024-09-01T14:04:51.935000+00:00,27.07,27.861,27.205,,318.0,False,82.136,"[None, 2048, 2048, 2048, 2048, 2048]","[2048, 2048, 2049, 2049, 2049, 2049, 2048]","[2048, 2048, 2048, 2048, 2051, 2049, 2049, 2049]",326.0,44_9590
1244,9590,44,45,2024-09-01T14:06:13.946000+00:00,27.054,27.86,27.262,317.0,319.0,False,82.176,"[None, 2048, 2048, 2048, 2048, 2048]","[2048, 2048, 2048, 2049, 2049, 2049, 2048]","[2048, 2048, 2048, 2048, 2048, 2048, 2048, 2049]",327.0,44_9590
1244,9590,44,46,2024-09-01T14:07:36.248000+00:00,27.202,27.858,27.247,,319.0,False,82.307,"[None, 2048, 2048, 2048, 2048, 2048]","[2048, 2048, 2048, 2048, 2048, 2049, 2048]","[2048, 2048, 2049, 2048, 2048, 2048, 2048, 2048]",,44_9590
1244,9590,44,47,2024-09-01T14:08:58.547000+00:00,27.347,27.921,27.203,318.0,321.0,False,82.471,"[None, 2048, 2049, 2048, 2048, 2048]","[2048, 2048, 2048, 2048, 2048, 2048, 2048]","[2048, 2048, 2049, 2049, 2048, 2048, 2049, 2048]",329.0,44_9590
1244,9590,44,48,2024-09-01T14:10:20.917000+00:00,27.345,28.08,27.369,319.0,324.0,False,82.794,"[None, 2048, 2048, 2048, 2048, 2048]","[2048, 2048, 2048, 2048, 2048, 2049, 2048]","[2048, 2048, 2051, 2049, 2048, 2048, 2049, 2049]",333.0,44_9590
1244,9590,44,49,2024-09-01T14:11:43.792000+00:00,27.239,28.038,27.169,,322.0,False,82.446,"[None, 2048, 2048, 2048, 2048, 2048]","[2048, 2048, 2048, 2048, 2048, 2048, 2048]","[2048, 2048, 2051, 2049, 2048, 2049, 2049, 2048]",328.0,44_9590
1244,9590,44,50,2024-09-01T14:13:06.227000+00:00,27.129,27.892,27.222,318.0,320.0,False,82.243,"[None, 2048, 2048, 2048, 2048, 2048]","[2048, 2048, 2049, 2049, 2048, 2048, 2048]","[2048, 2048, 2048, 2048, 2048, 2048, 2049, 2048]",326.0,44_9590
1244,9590,44,51,2024-09-01T14:14:28.459000+00:00,,28.19,27.418,317.0,319.0,False,82.737,"[None, 2048, 2048, 2048, 2048, 2048]","[2048, 2048, 2048, 2048, 2048, 2048, 2048]","[2048, 2048, 2048, 2048, 2048, 2048, 2048, 2048]",328.0,44_9590
1244,9590,44,52,2024-09-01T14:15:51.157000+00:00,27.261,29.697,28.745,315.0,309.0,False,85.703,"[None, 2048, 2048, 2048, 2048, 2048]","[2048, 2048, 2048, 2048, 2048, 2048, 2048]","[2048, 2048, 2048, 2048, 2048, 2049, 2049, 2048]",327.0,44_9590
1244,9590,44,53,2024-09-01T14:17:16.860000+00:00,27.069,27.439,27.004,325.0,330.0,False,81.512,"[None, 2048, 2048, 2048, 2048, 2048]","[2051, 2048, 2051, 2049, 2049, 2048, 2048]","[2051, 2048, 2048, 2049, 2048, 2048, 2048, 2048]",338.0,44_9590
1244,9590,55,1,2024-09-01T13:03:34.412000+00:00,30.492,30.635,28.727,322.0,316.0,False,89.854,"[2048, 2049, 2049, 2049, 2049, 2049]","[2049, 2049, 2049, 2049, 2049, 2049, 2049]","[2049, 2049, 2049, 2049, 2049, 2049, 2049, 2051]",299.0,55_9590
1244,9590,55,2,2024-09-01T13:05:04.265000+00:00,27.553,29.775,28.403,318.0,333.0,False,85.731,"[2049, 2049, 2049, 2049, 2049, 2048]","[2049, 2049, 2049, 2049, 2049, 2049, 2049]","[2049, 2048, 2048, 2051, 2049, 2049, 2049, 2048]",331.0,55_9590
1244,9590,55,3,2024-09-01T13:06:30.013000+00:00,27.447,29.503,28.408,317.0,328.0,False,85.358,"[None, 2049, 2048, 2049, 2048, 2048]","[2049, 2049, 2049, 2049, 2049, 2048, 2048]","[2049, 2048, 2048, 2048, 2049, 2048, 2048, 2048]",337.0,55_9590
1244,9590,55,4,2024-09-01T13:07:55.323000+00:00,27.435,29.253,28.398,316.0,329.0,False,85.086,"[2048, 2048, 2049, 2048, 2048, 2048]","[2049, 2049, 2049, 2049, 2049, 2048, 2048]","[2049, 2048, 2048, 2049, 2048, 2048, 2048, 2048]",339.0,55_9590
1244,9590,55,5,2024-09-01T13:09:20.391000+00:00,27.585,29.072,28.349,325.0,325.0,False,85.006,"[None, 2048, 2048, 2048, 2048, 2048]","[2049, 2049, 2049, 2049, 2049, 2048, 2048]","[2049, 2048, 2048, 2048, 2049, 2049, 2048, 2048]",333.0,55_9590
1244,9590,55,6,2024-09-01T13:10:45.398000+00:00,27.639,28.71,28.293,313.0,328.0,False,84.642,"[None, 2048, 2048, 2049, 2048, 2048]","[2049, 2049, 2049, 2051, 2049, 2048, 2048]","[2048, 2048, 2048, 2048, 2048, 2048, 2049, 2048]",324.0,55_9590
1244,9590,55,7,2024-09-01T13:12:10.077000+00:00,27.527,28.975,28.213,,326.0,False,84.715,"[None, 2048, 2049, 2048, 2048, 2048]","[2049, 2048, 2048, 2048, 2048, 2048, 2048]","[2049, 2048, 2048, 2048, 2049, 2049, 2049, 2048]",333.0,55_9590
1244,9590,55,8,2024-09-01T13:13:34.681000+00:00,27.744,29.012,28.114,,318.0,False,84.87,"[None, 2048, 2048, 2048, 2048, 2048]","[2049, 2048, 2048, 2048, 2048, 2048, 2048]","[2049, 2049, 2048, 2048, 2049, 2048, 2048, 2048]",325.0,55_9590
1244,9590,55,9,2024-09-01T13:14:59.588000+00:00,27.599,29.015,28.16,315.0,319.0,False,84.774,"[None, 2048, 2048, 2048, 2048, 2048]","[2049, 2048, 2048, 2048, 2049, 2048, 2048]","[2048, 2048, 2048, 2048, 2049, 2049, 2048, 2048]",324.0,55_9590
1244,9590,55,10,2024-09-01T13:16:24.422000+00:00,27.579,28.921,28.184,,319.0,False,84.684,"[None, 2048, 2048, 2048, 2048, 2048]","[2049, 2048, 2048, 2048, 2048, 2048, 2048]","[2048, 2048, 2048, 2048, 2048, 2048, 2048, 2048]",,55_9590
1244,9590,55,11,2024-09-01T13:17:49.020000+00:00,27.742,29.103,28.221,314.0,317.0,False,85.066,"[None, 2048, 2048, 2048, 2048, 2048]","[2048, 2048, 2048, 2048, 2048, 2048, 2048]","[2048, 2048, 2048, 2048, 2048, 2048, 2048, 2048]",323.0,55_9590
1244,9590,55,12,2024-09-01T13:19:14.198000+00:00,27.71,29.12,28.446,,317.0,False,85.276,"[None, 2048, 2048, 2048, 2048, 2048]","[2048, 2048, 2048, 2048, 2048, 2048, 2048]","[2048, 2048, 2048, 2048, 2048, 2048, 2048, 2048]",322.0,55_9590
1244,9590,55,13,2024-09-01T13:20:39.447000+00:00,27.761,29.316,28.346,311.0,317.0,False,85.423,"[None, 2048, 2051, 2048, 2048, 2048]","[2048, 2048, 2048, 2048, 2048, 2048, 2048]","[2048, 2048, 2048, 2048, 2048, 2048, 2048, 2048]",320.0,55_9590
1244,9590,55,14,2024-09-01T13:22:04.772000+00:00,27.701,29.287,28.246,313.0,318.0,False,85.234,"[None, 2048, 2048, 2048, 2048, 2048]","[2048, 2048, 2048, 2048, 2048, 2048, 2048]","[2048, 2048, 2048, 2048, 2048, 2048, 2048, 2048]",322.0,55_9590
1244,9590,55,15,2024-09-01T13:23:29.967000+00:00,27.687,29.253,28.243,,316.0,False,85.183,"[None, 2048, 2048, 2048, 2048, 2048]","[2048, 2048, 2048, 2048, 2048, 2048, 2048]","[2048, 2048, 2048, 2048, 2048, 2048, 2048, 2048]",320.0,55_9590
1244,9590,55,16,2024-09-01T13:24:55.196000+00:00,27.795,29.207,28.339,,315.0,False,85.341,"[None, 2048, 2048, 2048, 2048, 2048]","[2048, 2048, 2048, 2048, 2048, 2048, 2048]","[2048, 2048, 2048, 2048, 2048, 2048, 2048, 2048]",319.0,55_9590
1244,9590,55,17,2024-09-01T13:26:20.543000+00:00,27.875,29.18,28.352,311.0,314.0,False,85.407,"[None, 2048, 2048, 2048, 2048, 2048]","[2048, 2048, 2049, 2048, 2048, 2048, 2048]","[2048, 2049, 2048, 2048, 2048, 2048, 2048, 2048]",317.0,55_9590
1244,9590,55,18,2024-09-01T13:27:45.879000+00:00,27.905,29.429,28.344,,314.0,False,85.678,"[None, 2048, 2048, 2048, 2048, 2048]","[2048, 2048, 2048, 2048, 2048, 2048, 2048]","[2048, 2048, 2048, 2048, 2048, 2048, 2048, 2048]",,55_9590
1244,9590,55,19,2024-09-01T13:29:11.738000+00:00,27.86,29.474,33.054,,314.0,False,90.388,"[None, 2048, 2048, 2048, 2048, 2048]","[2048, 2048, 2048, 2048, 2048, 2048, 2048]","[2048, 2048, 2048, 2048, 2048, 2048, 2048, 2064]",,55_9590
1244,9590,55,20,2024-09-01T13:30:42.070000+00:00,47.849,28.944,28.018,309.0,313.0,True,104.811,"[2064, 2064, 2048, 2048, 2048, 2048]","[2048, 2048, 2048, 2048, 2049, 2048, 2048]","[2048, 2049, 2048, 2048, 2049, 2049, 2049, 2048]",281.0,55_9590
1244,9590,55,21,2024-09-01T13:32:26.874000+00:00,27.591,28.881,28.027,311.0,313.0,False,84.499,"[2048, 2048, 2048, 2049, 2048, 2048]","[2048, 2048, 2048, 2048, 2048, 2048, 2048]","[2049, 2048, 2048, 2048, 2049, 2048, 2048, 2048]",318.0,55_9590
1244,9590,55,22,2024-09-01T13:33:51.375000+00:00,27.522,28.707,27.997,312.0,314.0,False,84.226,"[None, 2048, 2048, 2049, 2048, 2048]","[2049, 2049, 2049, 2049, 2048, 2048, 2048]","[2048, 2049, 2048, 2048, 2049, 2048, 2049, 2048]",319.0,55_9590
1244,9590,55,23,2024-09-01T13:35:15.560000+00:00,27.698,28.832,28.027,313.0,314.0,False,84.557,"[None, 2048, 2048, 2048, 2048, 2048]","[2049, 2048, 2048, 2048, 2048, 2048, 2048]","[2049, 2049, 2048, 2048, 2048, 2048, 2048, 2048]",,55_9590
1244,9590,55,24,2024-09-01T13:36:40.180000+00:00,27.446,28.511,27.725,311.0,314.0,False,83.682,"[None, 2048, 2048, 2048, 2049, 2048]","[2048, 2049, 2049, 2049, 2049, 2048, 2048]","[2048, 2049, 2048, 2048, 2051, 2049, 2049]",,55_9590
1244,9590,55,25,2024-09-01T13:38:03.737000+00:00,27.456,28.496,27.735,,315.0,False,83.687,"[None, 2048, 2048, 2049, 2048, 2048]","[2048, 2048, 2048, 2048, 2049, 2048, 2048]","[2048, 2049, 2048, 2048, 2048, 2049, 2048, 2048]",320.0,55_9590
1244,9590,55,26,2024-09-01T13:39:27.576000+00:00,27.444,28.413,27.646,312.0,315.0,False,83.503,"[None, 2048, 2048, 2048, 2048, 2048]","[2048, 2049, 2049, 2049, 2048, 2048, 2048]","[2049, 2048, 2048, 2048, 2049, 2048, 2049, 2048]",,55_9590
1244,9590,55,27,2024-09-01T13:40:51.018000+00:00,27.38,28.369,27.754,314.0,318.0,False,83.503,"[None, 2048, 2048, 2048, 2048, 2048]","[2048, 2048, 2048, 2048, 2049, 2048, 2048]","[2048, 2048, 2048, 2048, 2048, 2048, 2048, 2048]",321.0,55_9590
1244,9590,55,28,2024-09-01T13:42:14.502000+00:00,27.703,28.359,27.689,313.0,316.0,False,83.751,"[None, 2048, 2048, 2048, 2048, 2048]","[2048, 2049, 2049, 2048, 2048, 2048, 2048]","[2048, 2048, 2048, 2048, 2049, 2048, 2048, 2048]",,55_9590
1244,9590,55,29,2024-09-01T13:43:38.315000+00:00,27.461,28.403,27.609,,317.0,False,83.473,"[None, 2048, 2051, 2048, 2048, 2048]","[2048, 2048, 2048, 2049, 2048, 2048, 2048]","[2048, 2049, 2049, 2048, 2048, 2049, 2048, 2048]",320.0,55_9590
1244,9590,55,30,2024-09-01T13:45:01.719000+00:00,27.531,28.429,27.624,312.0,315.0,False,83.584,"[None, 2048, 2048, 2048, 2048, 2048]","[2048, 2048, 2048, 2048, 2048, 2049, 2048]","[2048, 2048, 2048, 2048, 2049, 2049, 2048, 2048]",318.0,55_9590
1244,9590,55,31,2024-09-01T13:46:25.369000+00:00,27.467,28.318,27.545,313.0,317.0,False,83.33,"[None, 2048, 2048, 2048, 2049, 2048]","[2048, 2048, 2049, 2049, 2048, 2048, 2048]","[2051, 2048, 2049, 2048, 2048, 2048, 2049, 2048]",320.0,55_9590
1244,9590,55,32,2024-09-01T13:47:48.705000+00:00,27.424,28.294,27.636,,317.0,False,83.354,"[None, 2048, 2048, 2049, 2049, 2048]","[2049, 2048, 2048, 2048, 2048, 2048, 2048]","[2048, 2049, 2049, 2048, 2048, 2048, 2048, 2048]",,55_9590
1244,9590,55,33,2024-09-01T13:49:12.057000+00:00,27.456,28.435,27.521,,316.0,False,83.412,"[None, 2048, 2048, 2048, 2048, 2048]","[2048, 2048, 2048, 2048, 2048, 2048, 2048]","[2048, 2049, 2048, 2048, 2048, 2049, 2049, 2049]",,55_9590
1244,9590,55,34,2024-09-01T13:50:35.448000+00:00,27.366,28.416,27.503,,317.0,False,83.285,"[None, 2048, 2048, 2049, 2048, 2048]","[2048, 2048, 2048, 2048, 2048, 2048, 2048]","[2048, 2048, 2049, 2048, 2049, 2048, 2048, 2048]",,55_9590
1244,9590,55,35,2024-09-01T13:51:58.678000+00:00,27.454,28.336,27.544,312.0,316.0,False,83.334,"[None, 2048, 2048, 2048, 2049, 2048]","[2048, 2048, 2048, 2048, 2048, 2048, 2048]","[2048, 2048, 2049, 2048, 2048, 2048, 2048, 2048]",,55_9590
1244,9590,55,36,2024-09-01T13:53:22.136000+00:00,27.389,28.356,27.525,314.0,317.0,False,83.27,"[None, 2048, 2048, 2049, 2048, 2048]","[2048, 2048, 2048, 2048, 2048, 2048, 2048]","[2048, 2049, 2048, 2048, 2048, 2048, 2048, 2048]",,55_9590
1244,9590,55,37,2024-09-01T13:54:45.355000+00:00,27.33,28.356,27.604,,318.0,False,83.29,"[None, 2048, 2048, 2049, 2049, 2048]","[2048, 2048, 2048, 2048, 2048, 2048, 2048]","[2048, 2048, 2049, 2048, 2048, 2048, 2048, 2048]",322.0,55_9590
1244,9590,55,38,2024-09-01T13:56:08.615000+00:00,27.486,28.387,27.678,315.0,318.0,False,83.551,"[None, 2048, 2048, 2048, 2048, 2048]","[2048, 2048, 2048, 2048, 2048, 2048, 2048]","[2048, 2048, 2049, 2048, 2048, 2048, 2048, 2048]",,55_9590
1244,9590,55,39,2024-09-01T13:57:32.148000+00:00,27.364,28.721,27.724,318.0,322.0,False,83.809,"[None, 2048, 2048, 2048, 2049, 2048]","[2048, 2048, 2048, 2048, 2048, 2049, 2048]","[2048, 2048, 2049, 2048, 2048, 2048, 2048, 2048]",325.0,55_9590
1244,9590,55,40,2024-09-01T13:58:55.953000+00:00,27.515,28.698,27.59,312.0,316.0,False,83.803,"[None, 2048, 2048, 2048, 2048, 2048]","[2048, 2048, 2048, 2048, 2048, 2048, 2048]","[2048, 2048, 2048, 2048, 2048, 2048, 2048, 2049]",319.0,55_9590
1244,9590,55,41,2024-09-01T14:00:19.788000+00:00,27.296,28.516,27.525,315.0,320.0,False,83.337,"[None, 2048, 2048, 2048, 2048, 2048]","[2048, 2048, 2049, 2048, 2048, 2049, 2048]","[2048, 2048, 2048, 2048, 2048, 2048, 2049, 2049]",323.0,55_9590
1244,9590,55,42,2024-09-01T14:01:43.194000+00:00,27.422,28.658,27.758,314.0,318.0,False,83.838,"[None, 2048, 2048, 2048, 2048, 2048]","[2048, 2048, 2048, 2048, 2048, 2049, 2048]","[2048, 2048, 2048, 2048, 2048, 2048, 2048]",,55_9590
1244,9590,55,43,2024-09-01T14:03:07.010000+00:00,27.466,28.479,27.848,316.0,330.0,False,83.793,"[None, 2048, 2048, 2048, 2049, 2048]","[2048, 2048, 2049, 2048, 2048, 2049, 2048]","[2048, 2048, 2048, 2049, 2048, 2048, 2048, 2048]",324.0,55_9590
1244,9590,55,44,2024-09-01T14:04:30.786000+00:00,27.399,28.778,27.754,315.0,331.0,False,83.931,"[None, 2048, 2048, 2048, 2049, 2048]","[2048, 2048, 2048, 2048, 2048, 2048, 2048]","[2048, 2048, 2048, 2048, 2048, 2048, 2049, 2048]",323.0,55_9590
1244,9590,55,45,2024-09-01T14:05:54.767000+00:00,27.551,28.996,28.566,325.0,319.0,False,85.113,"[2049, 2048, 2048, 2048, 2048, 2049]","[2048, 2048, 2048, 2048, 2048, 2048, 2048]","[2048, 2048, 2048, 2048, 2048, 2048, 2048, 2049]",330.0,55_9590
1244,9590,55,46,2024-09-01T14:07:19.854000+00:00,27.461,28.804,27.736,314.0,316.0,False,84.001,"[2048, 2048, 2048, 2048, 2049, 2048]","[2048, 2048, 2048, 2048, 2048, 2048, 2048]","[2048, 2048, 2048, 2048, 2048, 2048, 2048, 2048]",332.0,55_9590
1244,9590,55,47,2024-09-01T14:08:43.976000+00:00,27.456,28.735,27.899,312.0,327.0,False,84.09,"[None, 2048, 2048, 2048, 2048, 2048]","[2048, 2048, 2048, 2048, 2048, 2048, 2048]","[2048, 2048, 2048, 2048, 2048, 2048, 2048, 2048]",340.0,55_9590
1244,9590,55,48,2024-09-01T14:10:07.885000+00:00,27.972,28.998,27.969,314.0,316.0,False,84.939,"[None, 2048, 2048, 2048, 2049, 2048]","[2048, 2048, 2048, 2048, 2048, 2048, 2048]","[2048, 2048, 2048, 2048, 2048, 2048, 2048, 2048]",316.0,55_9590
1244,9590,55,49,2024-09-01T14:11:32.823000+00:00,27.499,28.614,27.808,312.0,316.0,False,83.921,"[None, 2048, 2048, 2048, 2048, 2048]","[2048, 2048, 2048, 2048, 2048, 2048, 2048]","[2048, 2048, 2048, 2048, 2048, 2048, 2048, 2048]",319.0,55_9590
1244,9590,55,50,2024-09-01T14:12:56.740000+00:00,27.459,28.604,27.706,314.0,317.0,False,83.769,"[None, 2048, 2048, 2048, 2048, 2048]","[2048, 2048, 2048, 2048, 2048, 2048, 2048]","[2048, 2048, 2048, 2048, 2048, 2048, 2048, 2048]",320.0,55_9590
1244,9590,55,51,2024-09-01T14:14:20.504000+00:00,27.502,28.499,27.753,315.0,317.0,False,83.754,"[None, 2048, 2048, 2048, 2048, 2048]","[2048, 2048, 2048, 2048, 2048, 2048, 2048]","[2048, 2049, 2048, 2048, 2048, 2048, 2048, 2048]",322.0,55_9590
1244,9590,55,52,2024-09-01T14:15:44.264000+00:00,27.565,28.536,27.621,314.0,317.0,False,83.722,"[None, 2048, 2048, 2048, 2048, 2048]","[2048, 2048, 2048, 2048, 2048, 2048, 2048]","[2048, 2048, 2048, 2048, 2048, 2048, 2048, 2048]",318.0,55_9590
1244,9590,55,53,2024-09-01T14:17:08.035000+00:00,27.463,28.237,27.519,,331.0,False,83.219,"[None, 2048, 2048, 2048, 2048, 2048]","[2048, 2048, 2048, 2048, 2049, 2048, 2048]","[2049, 2048, 2048, 2049, 2048, 2048, 2048, 2048]",321.0,55_9590
1244,9590,63,1,2024-09-01T13:03:34.412000+00:00,30.89,31.627,29.493,323.0,322.0,False,92.01,"[2048, 2049, 2049, 2049, 2049, 2049]","[2049, 2049, 2049, 2049, 2049, 2049, 2049]","[2049, 2049, 2049, 2049, 2049, 2049, 2049, 2049]",287.0,63_9590
1244,9590,63,2,2024-09-01T13:05:06.421000+00:00,27.76,29.574,28.721,,336.0,False,86.055,"[2049, 2049, 2048, 2049, 2049, 2049]","[2049, 2049, 2049, 2049, 2048, 2049, 2049]","[2049, 2048, 2048, 2049, 2049, 2049, 2049, 2049]",335.0,63_9590
1244,9590,63,3,2024-09-01T13:06:32.449000+00:00,27.459,29.557,28.717,320.0,334.0,False,85.733,"[None, 2049, 2048, 2051, 2049, 2048]","[2049, 2049, 2048, 2048, 2049, 2049, 2048]","[2048, 2049, 2048, 2048, 2049, 2049, 2049, 2049]",339.0,63_9590
1244,9590,63,4,2024-09-01T13:07:58.099000+00:00,27.611,29.727,28.424,315.0,319.0,False,85.762,"[None, 2048, 2048, 2048, 2049, 2048]","[2048, 2048, 2048, 2048, 2049, 2048, 2048]","[2049, 2049, 2048, 2049, 2049, 2048, 2048, 2048]",,63_9590
1244,9590,63,5,2024-09-01T13:09:23.927000+00:00,27.579,29.38,28.535,318.0,320.0,False,85.494,"[2048, 2048, 2048, 2048, 2048, 2048]","[2049, 2049, 2049, 2049, 2049, 2048, 2048]","[2048, 2049, 2048, 2048, 2049, 2048, 2048, 2048]",326.0,63_9590
1244,9590,63,6,2024-09-01T13:10:49.428000+00:00,27.434,29.34,28.327,320.0,322.0,False,85.101,"[None, 2048, 2048, 2048, 2049, 2049]","[2049, 2048, 2049, 2049, 2049, 2048, 2048]","[2049, 2048, 2048, 2048, 2049, 2048, 2048, 2048]",328.0,63_9590
1244,9590,63,7,2024-09-01T13:12:14.498000+00:00,27.433,29.295,28.318,,321.0,False,85.046,"[None, 2048, 2048, 2048, 2048, 2048]","[2049, 2048, 2048, 2049, 2049, 2048, 2048]","[2048, 2049, 2049, 2048, 2049, 2048, 2048, 2048]",,63_9590
1244,9590,63,8,2024-09-01T13:13:39.543000+00:00,27.494,29.293,28.429,319.0,320.0,False,85.216,"[None, 2048, 2048, 2048, 2048, 2048]","[2048, 2048, 2048, 2048, 2049, 2048, 2048]","[2048, 2049, 2048, 2048, 2048, 2048, 2048, 2048]",329.0,63_9590
1244,9590,63,9,2024-09-01T13:15:04.689000+00:00,27.487,29.253,28.375,320.0,321.0,False,85.115,"[None, 2048, 2048, 2048, 2048, 2048]","[2049, 2049, 2049, 2048, 2048, 2048, 2048]","[2048, 2048, 2049, 2048, 2048, 2048, 2049, 2048]",328.0,63_9590
1244,9590,63,10,2024-09-01T13:16:29.846000+00:00,27.438,29.406,28.624,319.0,320.0,False,85.468,"[None, 2048, 2049, 2048, 2048, 2048]","[2049, 2048, 2049, 2048, 2048, 2048, 2048]","[2048, 2048, 2048, 2048, 2048, 2048, 2048, 2048]",,63_9590
1244,9590,63,11,2024-09-01T13:17:55.407000+00:00,28.145,29.923,33.107,314.0,321.0,False,91.175,"[None, 2048, 2048, 2048, 2049, 2048]","[2048, 2048, 2048, 2048, 2048, 2048, 2048]","[2048, 2048, 2048, 2048, 2048, 2048, 2048, 2064]",323.0,63_9590
1244,9590,63,12,2024-09-01T13:19:26.487000+00:00,56.118,29.072,28.222,320.0,311.0,True,113.412,"[2064, 2064, 2048, 2048, 2048, 2048]","[2048, 2049, 2049, 2048, 2049, 2048, 2048]","[2049, 2049, 2048, 2048, 2049, 2049, 2049, 2048]",283.0,63_9590
1244,9590,63,13,2024-09-01T13:21:20.010000+00:00,27.53,28.977,28.039,314.0,318.0,False,84.546,"[2048, 2048, 2048, 2051, 2048, 2048]","[2048, 2048, 2049, 2049, 2049, 2048, 2048]","[2048, 2049, 2049, 2048, 2048, 2049, 2049, 2049]",320.0,63_9590
1244,9590,63,14,2024-09-01T13:22:44.523000+00:00,27.378,29.009,28.161,311.0,313.0,False,84.548,"[2049, 2049, 2048, 2048, 2048, 2048]","[2048, 2048, 2048, 2049, 2048, 2048, 2048]","[2049, 2048, 2048, 2048, 2049, 2048, 2048]",348.0,63_9590
1244,9590,63,15,2024-09-01T13:24:08.887000+00:00,27.568,28.915,28.077,315.0,316.0,False,84.56,"[2048, 2048, 2049, 2048, 2048, 2048]","[2048, 2048, 2048, 2049, 2048, 2048, 2048]","[2049, 2048, 2048, 2048, 2048, 2048, 2048, 2048]",324.0,63_9590
1244,9590,63,16,2024-09-01T13:25:33.567000+00:00,27.635,28.894,28.163,,317.0,False,84.692,"[None, 2048, 2048, 2048, 2048, 2048]","[2049, 2048, 2048, 2049, 2048, 2048, 2048]","[2049, 2048, 2048, 2048, 2048, 2048, 2048, 2048]",,63_9590
1244,9590,63,17,2024-09-01T13:26:58.224000+00:00,27.493,28.953,28.1,316.0,317.0,False,84.546,"[None, 2048, 2048, 2048, 2048, 2048]","[2048, 2048, 2048, 2049, 2048, 2048, 2048]","[2048, 2048, 2048, 2048, 2048, 2048, 2048, 2048]",325.0,63_9590
1244,9590,63,18,2024-09-01T13:28:22.906000+00:00,27.433,28.899,28.189,317.0,319.0,False,84.521,"[None, 2048, 2048, 2048, 2049, 2048]","[2048, 2048, 2048, 2048, 2048, 2048, 2048]","[2048, 2048, 2048, 2048, 2048, 2048, 2048]",327.0,63_9590
1244,9590,63,19,2024-09-01T13:29:47.267000+00:00,27.54,28.883,28.283,,319.0,False,84.706,"[None, 2048, 2048, 2048, 2048, 2048]","[2048, 2048, 2048, 2049, 2048, 2048, 2048]","[2048, 2048, 2048, 2048, 2048, 2048, 2048, 2048]",,63_9590
1244,9590,63,20,2024-09-01T13:31:12.019000+00:00,27.574,29.193,28.737,321.0,327.0,False,85.504,"[None, 2048, 2048, 2048, 2048, 2048]","[2048, 2048, 2048, 2048, 2048, 2049, 2048]","[2048, 2048, 2048, 2048, 2048, 2048, 2048, 2049]",330.0,63_9590
1244,9590,63,21,2024-09-01T13:32:37.510000+00:00,27.469,29.062,28.095,317.0,317.0,False,84.626,"[2049, 2048, 2048, 2048, 2048, 2048]","[2048, 2048, 2048, 2049, 2049, 2048, 2048]","[2049, 2048, 2048, 2048, 2048, 2048, 2048, 2048]",,63_9590
1244,9590,63,22,2024-09-01T13:34:02.176000+00:00,27.511,29.038,28.162,316.0,316.0,False,84.711,"[2048, 2048, 2048, 2048, 2048, 2048]","[2048, 2048, 2048, 2048, 2049, 2048, 2048]","[2048, 2048, 2048, 2048, 2049, 2049, 2048, 2048]",327.0,63_9590
1244,9590,63,23,2024-09-01T13:35:26.939000+00:00,27.513,28.933,28.178,319.0,319.0,False,84.624,"[None, 2048, 2048, 2048, 2049, 2048]","[2048, 2048, 2048, 2048, 2049, 2048, 2048]","[2048, 2048, 2048, 2048, 2048, 2048, 2048, 2048]",324.0,63_9590
1244,9590,63,24,2024-09-01T13:36:51.525000+00:00,27.518,29.016,28.087,325.0,330.0,False,84.621,"[None, 2048, 2048, 2048, 2049, 2049]","[2048, 2048, 2048, 2048, 2048, 2048, 2048]","[2048, 2048, 2049, 2049, 2048, 2048, 2049, 2049]",329.0,63_9590
1244,9590,63,25,2024-09-01T13:38:16.105000+00:00,27.476,29.621,28.077,331.0,328.0,False,85.174,"[None, 2049, 2048, 2048, 2049, 2049]","[2048, 2048, 2048, 2048, 2048, 2051, 2048]","[2048, 2048, 2048, 2048, 2049, 2048, 2048]",343.0,63_9590
1244,9590,63,26,2024-09-01T13:39:41.272000+00:00,27.402,28.5,27.673,319.0,322.0,False,83.575,"[None, 2048, 2048, 2048, 2048, 2048]","[2048, 2048, 2049, 2049, 2049, 2048, 2048]","[2049, 2049, 2048, 2048, 2049, 2049, 2049, 2048]",329.0,63_9590
1244,9590,63,27,2024-09-01T13:41:04.886000+00:00,27.426,28.601,27.705,315.0,318.0,False,83.732,"[None, 2048, 2048, 2048, 2048, 2048]","[2048, 2048, 2048, 2049, 2049, 2048, 2048]","[2049, 2049, 2051, 2048, 2048, 2048, 2048, 2048]",330.0,63_9590
1244,9590,63,28,2024-09-01T13:42:28.675000+00:00,27.343,28.441,27.599,320.0,322.0,False,83.383,"[None, 2048, 2048, 2048, 2048, 2048]","[2049, 2048, 2048, 2049, 2049, 2048, 2048]","[2049, 2048, 2051, 2049, 2049, 2049, 2049, 2048]",332.0,63_9590
1244,9590,63,29,2024-09-01T13:43:52.085000+00:00,27.399,28.533,27.584,319.0,322.0,False,83.516,"[None, 2048, 2048, 2048, 2048, 2048]","[2048, 2048, 2049, 2048, 2048, 2048, 2048]","[2048, 2049, 2051, 2048, 2048, 2048, 2048, 2048]",331.0,63_9590
1244,9590,63,30,2024-09-01T13:45:15.562000+00:00,27.313,28.447,27.417,320.0,340.0,False,83.177,"[None, 2048, 2048, 2048, 2048, 2048]","[2048, 2048, 2048, 2048, 2048, 2048, 2049]","[2049, 2048, 2051, 2051, 2048, 2049, 2051, 2049]",339.0,63_9590
1244,9590,63,31,2024-09-01T13:46:38.711000+00:00,27.824,29.75,27.757,309.0,328.0,False,85.331,"[None, 2048, 2049, 2048, 2048, 2048]","[2048, 2048, 2048, 2048, 2048, 2048, 2048]","[2048, 2048, 2048, 2048, 2048, 2048, 2048, 2048]",342.0,63_9590
1244,9590,63,32,2024-09-01T13:48:04.088000+00:00,27.315,28.746,27.481,317.0,328.0,False,83.542,"[None, 2048, 2048, 2048, 2048, 2048]","[2048, 2048, 2048, 2048, 2048, 2048, 2048]","[2048, 2048, 2051, 2048, 2048, 2049, 2048, 2048]",336.0,63_9590
1244,9590,63,33,2024-09-01T13:49:27.663000+00:00,27.62,28.64,32.004,319.0,329.0,False,88.264,"[None, 2048, 2048, 2048, 2048, 2048]","[2048, 2048, 2048, 2048, 2048, 2048, 2048]","[2048, 2048, 2048, 2048, 2048, 2048, 2048, 2064]",,63_9590
1244,9590,63,34,2024-09-01T13:50:55.883000+00:00,49.056,28.275,27.532,326.0,321.0,True,104.863,"[2064, 2064, 2048, 2051, 2048, 2048]","[2048, 2051, 2048, 2049, 2049, 2048, 2048]","[2048, 2049, 2048, 2048, 2048, 2049, 2048, 2048]",285.0,63_9590
1244,9590,63,35,2024-09-01T13:52:40.713000+00:00,27.148,28.327,27.469,316.0,318.0,False,82.944,"[2049, 2048, 2048, 2048, 2048, 2048]","[2048, 2048, 2049, 2048, 2049, 2048, 2048]","[2048, 2048, 2048, 2048, 2049, 2048, 2048, 2048]",335.0,63_9590
1244,9590,63,36,2024-09-01T13:54:03.611000+00:00,27.329,28.375,27.629,318.0,323.0,False,83.333,"[2048, 2048, 2048, 2048, 2048, 2048]","[2048, 2048, 2048, 2048, 2048, 2048, 2048]","[2048, 2048, 2048, 2048, 2048, 2048, 2048]",326.0,63_9590
1244,9590,63,37,2024-09-01T13:55:26.922000+00:00,27.318,28.494,27.346,321.0,331.0,False,83.158,"[2049, 2048, 2048, 2048, 2048, 2048]","[2048, 2048, 2048, 2048, 2048, 2049, 2048]","[2048, 2048, 2049, 2048, 2049, 2051, 2051, 2049]",330.0,63_9590
1244,9590,63,38,2024-09-01T13:56:50.099000+00:00,28.506,29.279,27.381,324.0,317.0,False,85.166,"[None, 2049, 2048, 2048, 2048, 2048]","[2048, 2048, 2048, 2048, 2048, 2048, 2048]","[2048, 2049, 2048, 2048, 2048, 2048, 2048]",320.0,63_9590
1244,9590,63,39,2024-09-01T13:58:15.271000+00:00,27.338,28.31,27.494,318.0,322.0,False,83.142,"[2048, 2048, 2048, 2048, 2048, 2048]","[2048, 2048, 2049, 2049, 2049, 2048, 2048]","[2048, 2048, 2048, 2048, 2049, 2048, 2048, 2048]",324.0,63_9590
1244,9590,63,40,2024-09-01T13:59:38.532000+00:00,27.276,28.216,27.394,320.0,323.0,False,82.886,"[None, 2048, 2048, 2048, 2048, 2048]","[2048, 2048, 2048, 2048, 2049, 2048, 2048]","[2048, 2048, 2048, 2048, 2048, 2048, 2048, 2048]",328.0,63_9590
1244,9590,63,41,2024-09-01T14:01:01.313000+00:00,27.443,28.685,27.911,313.0,325.0,False,84.039,"[None, 2048, 2048, 2048, 2048, 2048]","[2048, 2048, 2048, 2048, 2048, 2049, 2048]","[2048, 2048, 2048, 2048, 2048, 2048, 2048, 2049]",336.0,63_9590
1244,9590,63,42,2024-09-01T14:02:25.405000+00:00,27.086,28.337,27.376,318.0,317.0,False,82.799,"[2049, 2048, 2048, 2048, 2048, 2048]","[2049, 2048, 2048, 2049, 2048, 2048, 2048]","[2048, 2049, 2048, 2048, 2049, 2048, 2048, 2048]",349.0,63_9590
1244,9590,63,43,2024-09-01T14:03:48.183000+00:00,27.4,28.273,27.266,314.0,316.0,False,82.939,"[2048, 2048, 2048, 2048, 2048, 2048]","[2048, 2048, 2048, 2048, 2049, 2048, 2048]","[2049, 2049, 2048, 2048, 2049, 2048, 2048, 2048]",327.0,63_9590
1244,9590,63,44,2024-09-01T14:05:11.110000+00:00,27.219,28.391,27.313,320.0,318.0,False,82.923,"[None, 2048, 2049, 2048, 2048, 2048]","[2049, 2048, 2048, 2049, 2048, 2048, 2048]","[2048, 2048, 2048, 2048, 2049, 2048, 2048, 2048]",328.0,63_9590
1244,9590,63,45,2024-09-01T14:06:33.988000+00:00,27.348,28.103,27.234,316.0,318.0,False,82.685,"[None, 2048, 2048, 2048, 2048, 2048]","[2048, 2048, 2048, 2049, 2049, 2048, 2048]","[2048, 2048, 2048, 2048, 2049, 2048, 2048, 2048]",325.0,63_9590
1244,9590,63,46,2024-09-01T14:07:56.718000+00:00,27.272,28.032,27.115,319.0,320.0,False,82.419,"[None, 2048, 2048, 2048, 2048, 2048]","[2048, 2048, 2049, 2048, 2049, 2048, 2048]","[2049, 2049, 2048, 2048, 2048, 2048, 2048, 2048]",326.0,63_9590
1244,9590,63,47,2024-09-01T14:09:19.158000+00:00,27.287,27.957,27.099,320.0,322.0,False,82.343,"[None, 2048, 2048, 2048, 2048, 2048]","[2048, 2048, 2049, 2049, 2049, 2048, 2048]","[2048, 2048, 2049, 2048, 2048, 2048, 2048, 2048]",327.0,63_9590
1244,9590,63,48,2024-09-01T14:10:41.483000+00:00,27.234,27.883,27.048,321.0,323.0,False,82.165,"[None, 2048, 2048, 2048, 2048, 2048]","[2048, 2048, 2049, 2048, 2049, 2049, 2048]","[2049, 2049, 2049, 2048, 2048, 2048, 2048, 2048]",330.0,63_9590
1244,9590,63,49,2024-09-01T14:12:03.698000+00:00,27.174,27.825,27.037,,323.0,False,82.036,"[None, 2048, 2048, 2048, 2048, 2048]","[2048, 2048, 2049, 2049, 2049, 2048, 2048]","[2048, 2048, 2049, 2048, 2048, 2048, 2048, 2048]",329.0,63_9590
1244,9590,63,50,2024-09-01T14:13:25.793000+00:00,27.183,27.96,27.013,319.0,322.0,False,82.156,"[None, 2048, 2048, 2048, 2048, 2048]","[2048, 2048, 2048, 2049, 2048, 2048, 2048]","[2049, 2049, 2048, 2048, 2048, 2049, 2048, 2048]",331.0,63_9590
1244,9590,63,51,2024-09-01T14:14:47.868000+00:00,27.068,28.135,27.108,320.0,321.0,False,82.311,"[None, 2048, 2048, 2048, 2048, 2048]","[2048, 2048, 2048, 2048, 2048, 2048, 2048]","[2048, 2048, 2049, 2048, 2048, 2048, 2048, 2048]",329.0,63_9590
1244,9590,63,52,2024-09-01T14:16:10.094000+00:00,27.124,28.147,27.176,326.0,325.0,False,82.447,"[None, 2048, 2048, 2048, 2048, 2048]","[2048, 2048, 2048, 2049, 2048, 2048, 2048]","[2048, 2048, 2048, 2048, 2048, 2048, 2048, 2048]",342.0,63_9590
1244,9590,63,53,2024-09-01T14:17:32.719000+00:00,27.16,27.971,27.569,321.0,326.0,False,82.7,"[None, 2048, 2048, 2048, 2048, 2048]","[2048, 2048, 2049, 2048, 2048, 2049, 2048]","[2048, 2048, 2049, 2048, 2048, 2048, 2048, 2048]",332.0,63_9590
1244,9590,77,1,2024-09-01T13:03:34.412000+00:00,33.597,32.75,30.44,336.0,312.0,False,96.787,"[2048, 2049, 2049, 2049, 2049, 2049]","[2049, 2049, 2049, 2049, 2049, 2049, 2049]","[2049, 2049, 2049, 2049, 2049, 2049, 2049, 2049]",284.0,77_9590
1244,9590,77,2,2024-09-01T13:05:11.198000+00:00,28.513,30.846,29.018,329.0,337.0,False,88.377,"[2049, 2049, 2049, 2049, 2048, 2048]","[2049, 2049, 2049, 2049, 2049, 2049, 2049]","[2049, 2049, 2048, 2049, 2049, 2049, 2048, 2048]",313.0,77_9590
1244,9590,77,3,2024-09-01T13:06:39.551000+00:00,28.06,30.139,28.719,312.0,333.0,False,86.918,"[None, 2049, 2048, 2049, 2048, 2048]","[2049, 2049, 2049, 2049, 2049, 2049, 2048]","[2049, 2049, 2048, 2048, 2049, 2049, 2048, 2048]",325.0,77_9590
1244,9590,77,4,2024-09-01T13:08:06.469000+00:00,27.719,29.733,28.872,314.0,333.0,False,86.324,"[None, 2049, 2049, 2049, 2048, 2048]","[2049, 2049, 2049, 2049, 2049, 2049, 2048]","[2048, 2048, 2048, 2048, 2048, 2048, 2048, 2048]",334.0,77_9590
1244,9590,77,5,2024-09-01T13:09:32.874000+00:00,27.926,31.159,29.157,315.0,343.0,False,88.242,"[2048, 2048, 2048, 2048, 2048, 2048]","[2048, 2048, 2048, 2048, 2048, 2051, 2049]","[2048, 2048, 2048, 2048, 2048, 2048, 2048, 2048]",333.0,77_9590
1244,9590,77,6,2024-09-01T13:11:01.033000+00:00,28.073,29.845,28.581,311.0,317.0,False,86.499,"[None, 2048, 2048, 2048, 2048, 2048]","[2049, 2048, 2048, 2049, 2049, 2048, 2048]","[2049, 2049, 2048, 2048, 2049, 2049, 2048, 2048]",318.0,77_9590
1244,9590,77,7,2024-09-01T13:12:27.648000+00:00,28.19,29.477,28.692,,318.0,False,86.359,"[None, 2048, 2049, 2048, 2048, 2048]","[2049, 2049, 2049, 2049, 2049, 2048, 2048]","[2049, 2048, 2048, 2048, 2048, 2048, 2048, 2048]",,77_9590
1244,9590,77,8,2024-09-01T13:13:53.889000+00:00,28.05,29.472,28.684,,316.0,False,86.206,"[None, 2048, 2048, 2049, 2048, 2048]","[2049, 2048, 2048, 2048, 2048, 2048, 2048]","[2048, 2048, 2048, 2048, 2048, 2048, 2048, 2048]",319.0,77_9590
1244,9590,77,9,2024-09-01T13:15:20.220000+00:00,27.997,29.535,28.656,312.0,317.0,False,86.188,"[None, 2048, 2048, 2049, 2048, 2048]","[2048, 2048, 2048, 2048, 2049, 2048, 2048]","[2048, 2048, 2048, 2048, 2048, 2048, 2048, 2048]",318.0,77_9590
1244,9590,77,10,2024-09-01T13:16:46.285000+00:00,28.035,29.428,28.655,311.0,318.0,False,86.118,"[None, 2048, 2048, 2048, 2048, 2048]","[2048, 2048, 2048, 2049, 2048, 2048, 2048]","[2048, 2048, 2048, 2048, 2048, 2048, 2048]",320.0,77_9590
1244,9590,77,11,2024-09-01T13:18:12.369000+00:00,28.107,29.584,28.779,,316.0,False,86.47,"[None, 2048, 2048, 2048, 2048, 2048]","[2048, 2048, 2048, 2048, 2048, 2048, 2048]","[2048, 2048, 2048, 2048, 2048, 2048, 2048, 2048]",321.0,77_9590
1244,9590,77,12,2024-09-01T13:19:38.895000+00:00,28.073,29.496,28.638,312.0,316.0,False,86.207,"[None, 2048, 2048, 2048, 2048, 2048]","[2048, 2048, 2048, 2048, 2048, 2048, 2048]","[2048, 2048, 2048, 2049, 2048, 2048, 2048]",320.0,77_9590
1244,9590,77,13,2024-09-01T13:21:05.022000+00:00,28.165,29.538,28.646,311.0,316.0,False,86.349,"[None, 2048, 2048, 2048, 2048, 2048]","[2048, 2048, 2048, 2048, 2048, 2048, 2048]","[2048, 2048, 2048, 2048, 2048, 2049, 2048, 2048]",319.0,77_9590
1244,9590,77,14,2024-09-01T13:22:31.400000+00:00,28.236,29.624,28.621,312.0,316.0,False,86.481,"[None, 2048, 2048, 2048, 2048, 2048]","[2048, 2048, 2048, 2048, 2048, 2048, 2048]","[2048, 2048, 2048, 2049, 2048, 2048, 2048, 2048]",,77_9590
1244,9590,77,15,2024-09-01T13:23:57.946000+00:00,28.065,29.971,28.754,313.0,315.0,False,86.79,"[None, 2048, 2048, 2048, 2048, 2048]","[2048, 2048, 2048, 2048, 2048, 2048, 2048]","[2048, 2048, 2048, 2048, 2048, 2048, 2048]",324.0,77_9590
1244,9590,77,16,2024-09-01T13:25:24.663000+00:00,28.039,29.727,28.803,314.0,326.0,False,86.569,"[None, 2048, 2048, 2048, 2048, 2048]","[2048, 2048, 2048, 2048, 2048, 2048, 2048]","[2048, 2048, 2049, 2048, 2048, 2048, 2048]",332.0,77_9590
1244,9590,77,17,2024-09-01T13:26:51.290000+00:00,28.035,29.612,28.749,308.0,313.0,False,86.396,"[None, 2048, 2048, 2048, 2048, 2048]","[2048, 2048, 2048, 2048, 2048, 2048, 2048]","[2048, 2048, 2048, 2048, 2048, 2048, 2048, 2048]",327.0,77_9590
1244,9590,77,18,2024-09-01T13:28:17.777000+00:00,28.073,29.598,28.688,310.0,314.0,False,86.359,"[None, 2048, 2049, 2048, 2048, 2048]","[2048, 2048, 2048, 2048, 2048, 2048, 2048]","[2048, 2048, 2048, 2048, 2048, 2048, 2048, 2048]",320.0,77_9590
1244,9590,77,19,2024-09-01T13:29:44.003000+00:00,28.074,29.546,28.836,309.0,313.0,False,86.456,"[None, 2048, 2048, 2048, 2048, 2048]","[2048, 2048, 2048, 2048, 2048, 2048, 2048]","[2048, 2048, 2048, 2048, 2048, 2048, 2048, 2048]",315.0,77_9590
1244,9590,77,20,2024-09-01T13:31:10.442000+00:00,28.154,29.728,28.921,,313.0,False,86.803,"[None, 2048, 2048, 2048, 2048, 2048]","[2048, 2048, 2048, 2048, 2048, 2048, 2048]","[2048, 2048, 2048, 2048, 2048, 2048, 2048, 2048]",318.0,77_9590
1244,9590,77,21,2024-09-01T13:32:37.303000+00:00,28.47,29.93,28.83,313.0,314.0,False,87.23,"[None, 2048, 2048, 2048, 2048, 2048]","[2048, 2048, 2048, 2048, 2048, 2048, 2048]","[2048, 2048, 2048, 2048, 2048, 2048, 2048, 2048]",308.0,77_9590
1244,9590,77,22,2024-09-01T13:34:04.692000+00:00,28.527,30.062,28.815,320.0,326.0,False,87.404,"[None, 2048, 2048, 2048, 2048, 2048]","[2048, 2048, 2048, 2048, 2048, 2048, 2048]","[2048, 2048, 2048, 2048, 2048, 2048, 2048, 2048]",320.0,77_9590
1244,9590,77,23,2024-09-01T13:35:31.966000+00:00,28.218,29.95,28.775,312.0,313.0,False,86.943,"[None, 2048, 2048, 2048, 2048, 2048]","[2048, 2048, 2048, 2048, 2048, 2048, 2048]","[2048, 2048, 2048, 2048, 2048, 2048, 2048, 2048]",317.0,77_9590
1244,9590,77,24,2024-09-01T13:36:58.989000+00:00,27.948,29.852,28.742,310.0,314.0,False,86.542,"[None, 2048, 2049, 2048, 2048, 2048]","[2048, 2048, 2048, 2048, 2048, 2048, 2048]","[2048, 2048, 2048, 2048, 2048, 2048, 2048, 2048]",321.0,77_9590
1244,9590,77,25,2024-09-01T13:38:25.486000+00:00,28.314,29.834,28.715,314.0,316.0,False,86.863,"[None, 2048, 2048, 2048, 2048, 2048]","[2048, 2048, 2048, 2048, 2048, 2048, 2048]","[2048, 2049, 2048, 2048, 2048, 2048, 2048, 2048]",318.0,77_9590
1244,9590,77,26,2024-09-01T13:39:52.377000+00:00,28.54,29.7,28.645,,325.0,False,86.885,"[None, 2048, 2048, 2048, 2048, 2048]","[2048, 2048, 2048, 2048, 2048, 2048, 2048]","[2049, 2048, 2048, 2048, 2048, 2048, 2048, 2048]",,77_9590
1244,9590,77,27,2024-09-01T13:41:19.196000+00:00,28.049,29.594,28.666,311.0,315.0,False,86.309,"[None, 2048, 2048, 2048, 2048, 2048]","[2049, 2048, 2048, 2048, 2048, 2048, 2048]","[2048, 2049, 2048, 2048, 2048, 2048, 2048, 2048]",320.0,77_9590
1244,9590,77,28,2024-09-01T13:42:45.620000+00:00,27.947,29.271,28.586,323.0,314.0,False,85.804,"[None, 2048, 2049, 2048, 2048, 2048]","[2049, 2048, 2049, 2049, 2049, 2048, 2048]","[2048, 2049, 2048, 2048, 2048, 2048, 2048, 2048]",337.0,77_9590
1244,9590,77,29,2024-09-01T13:44:11.315000+00:00,28.501,29.766,28.56,313.0,314.0,False,86.827,"[None, 2048, 2048, 2048, 2048, 2048]","[2048, 2048, 2048, 2048, 2048, 2048, 2048]","[2048, 2048, 2049, 2048, 2048, 2048, 2048, 2048]",316.0,77_9590
1244,9590,77,30,2024-09-01T13:45:38.142000+00:00,28.03,29.509,28.483,310.0,312.0,False,86.022,"[None, 2048, 2048, 2048, 2048, 2048]","[2048, 2048, 2048, 2048, 2048, 2048, 2048]","[2048, 2049, 2048, 2048, 2048, 2049, 2048, 2048]",318.0,77_9590
1244,9590,77,31,2024-09-01T13:47:04.258000+00:00,28.139,29.354,28.511,,313.0,False,86.004,"[None, 2048, 2048, 2048, 2048, 2048]","[2048, 2048, 2048, 2049, 2049, 2048, 2048]","[2049, 2048, 2048, 2048, 2048, 2049, 2048, 2048]",,77_9590
1244,9590,77,32,2024-09-01T13:48:30.247000+00:00,28.465,30.506,28.888,326.0,330.0,False,87.859,"[None, 2048, 2049, 2048, 2048, 2048]","[2048, 2048, 2048, 2048, 2048, 2048, 2048]","[2048, 2048, 2048, 2048, 2048, 2048, 2048, 2048]",335.0,77_9590
1244,9590,77,33,2024-09-01T13:49:57.990000+00:00,27.95,29.67,33.304,310.0,315.0,False,90.924,"[None, 2048, 2048, 2049, 2048, 2048]","[2048, 2048, 2048, 2048, 2048, 2048, 2048]","[2048, 2048, 2048, 2048, 2048, 2048, 2048, 2064]",322.0,77_9590
1244,9590,77,34,2024-09-01T13:51:29.018000+00:00,47.693,29.221,28.548,310.0,312.0,True,105.462,"[2064, 2064, 2048, 2048, 2048, 2048]","[2048, 2049, 2048, 2049, 2049, 2048, 2048]","[2048, 2048, 2048, 2048, 2049, 2049, 2049, 2048]",285.0,77_9590
1244,9590,77,35,2024-09-01T13:53:14.406000+00:00,27.734,29.222,28.38,309.0,312.0,False,85.336,"[2048, 2048, 2048, 2049, 2048, 2048]","[2048, 2049, 2048, 2048, 2048, 2048, 2048]","[2048, 2048, 2048, 2048, 2049, 2048, 2048, 2048]",317.0,77_9590
1244,9590,77,36,2024-09-01T13:54:39.778000+00:00,27.765,29.169,28.18,,312.0,False,85.114,"[None, 2048, 2048, 2048, 2048, 2048]","[2049, 2048, 2048, 2049, 2048, 2048, 2048]","[2048, 2049, 2049, 2048, 2048, 2049, 2048, 2048]",318.0,77_9590
1244,9590,77,37,2024-09-01T13:56:04.920000+00:00,27.78,29.132,28.301,310.0,313.0,False,85.213,"[None, 2048, 2048, 2048, 2048, 2048]","[2048, 2048, 2048, 2048, 2048, 2048, 2048]","[2048, 2048, 2048, 2048, 2048, 2048, 2048, 2048]",316.0,77_9590
1244,9590,77,38,2024-09-01T13:57:30.156000+00:00,27.866,29.222,29.616,,314.0,False,86.704,"[None, 2048, 2048, 2048, 2048, 2048]","[2048, 2048, 2048, 2048, 2048, 2048, 2048]","[2049, 2048, 2048, 2048, 2048, 2048, 2048, 2048]",318.0,77_9590
1244,9590,77,39,2024-09-01T13:58:56.736000+00:00,27.615,29.332,28.134,314.0,316.0,False,85.081,"[None, 2048, 2048, 2048, 2048, 2048]","[2048, 2048, 2048, 2048, 2048, 2048, 2048]","[2048, 2048, 2049, 2048, 2049, 2049, 2049, 2048]",328.0,77_9590
1244,9590,77,40,2024-09-01T14:00:21.846000+00:00,27.758,29.092,28.31,310.0,315.0,False,85.16,"[None, 2048, 2048, 2048, 2048, 2048]","[2048, 2049, 2048, 2048, 2048, 2048, 2048]","[2048, 2048, 2048, 2048, 2048, 2049, 2049, 2048]",320.0,77_9590
1244,9590,77,41,2024-09-01T14:01:47.087000+00:00,28.082,29.887,28.341,253.0,315.0,False,86.31,"[None, 2048, 2049, 2048, 2048, 2048]","[2048, 2048, 2049, 2048, 2048, 2048, 2048]","[2048, 2048, 2048, 2048, 2048, 2048, 2049, 2048]",,77_9590
1244,9590,77,42,2024-09-01T14:03:13.389000+00:00,27.723,29.687,28.626,310.0,281.0,False,86.036,"[None, 2048, 2048, 2048, 2048, 2048]","[2048, 2048, 2048, 2049, 2049, 2048, 2048]","[2048, 2048, 2049, 2048, 2048, 2048, 2048, 2048]",,77_9590
1244,9590,77,43,2024-09-01T14:04:39.418000+00:00,27.523,28.919,28.195,314.0,317.0,False,84.637,"[None, 2048, 2048, 2048, 2048, 2048]","[2049, 2048, 2049, 2048, 2048, 2048, 2048]","[2048, 2048, 2048, 2048, 2048, 2048, 2048, 2048]",323.0,77_9590
1244,9590,77,44,2024-09-01T14:06:03.955000+00:00,27.761,28.885,28.146,312.0,315.0,False,84.792,"[None, 2048, 2048, 2048, 2048, 2048]","[2048, 2048, 2049, 2048, 2048, 2048, 2048]","[2049, 2048, 2048, 2048, 2048, 2048, 2049, 2048]",320.0,77_9590
1244,9590,77,45,2024-09-01T14:07:28.851000+00:00,27.682,28.921,27.985,311.0,315.0,False,84.588,"[None, 2048, 2048, 2048, 2048, 2048]","[2048, 2048, 2048, 2048, 2048, 2048, 2048]","[2048, 2049, 2049, 2048, 2048, 2049, 2049, 2048]",318.0,77_9590
1244,9590,77,46,2024-09-01T14:08:53.476000+00:00,27.617,28.657,28.084,310.0,330.0,False,84.358,"[None, 2048, 2049, 2048, 2048, 2048]","[2049, 2048, 2048, 2049, 2048, 2048, 2048]","[2048, 2048, 2049, 2048, 2048, 2048, 2049, 2049]",319.0,77_9590
1244,9590,77,47,2024-09-01T14:10:17.752000+00:00,27.332,28.775,27.982,329.0,312.0,False,84.089,"[2049, 2049, 2048, 2048, 2049, 2049]","[2049, 2048, 2048, 2048, 2049, 2048, 2048]","[2048, 2049, 2048, 2048, 2049, 2049, 2048]",353.0,77_9590
1244,9590,77,48,2024-09-01T14:11:41.883000+00:00,27.75,28.539,28.837,307.0,312.0,False,85.126,"[2048, 2048, 2048, 2049, 2048, 2048]","[2048, 2049, 2048, 2049, 2049, 2048, 2048]","[2049, 2048, 2048, 2048, 2048, 2048, 2048, 2048]",315.0,77_9590
1244,9590,77,49,2024-09-01T14:13:06.958000+00:00,27.443,28.632,27.81,314.0,316.0,False,83.885,"[None, 2048, 2048, 2048, 2048, 2048]","[2048, 2048, 2049, 2048, 2048, 2048, 2048]","[2048, 2048, 2049, 2048, 2049, 2049, 2048, 2048]",335.0,77_9590
1244,9590,77,50,2024-09-01T14:14:30.839000+00:00,27.651,28.704,28.002,310.0,313.0,False,84.357,"[None, 2048, 2048, 2048, 2048, 2048]","[2048, 2048, 2048, 2048, 2048, 2048, 2048]","[2048, 2048, 2048, 2048, 2048, 2048, 2048, 2048]",319.0,77_9590
1244,9590,77,51,2024-09-01T14:15:55.164000+00:00,27.537,28.569,27.873,311.0,315.0,False,83.979,"[None, 2048, 2048, 2049, 2048, 2048]","[2048, 2048, 2048, 2048, 2048, 2048, 2048]","[2049, 2048, 2048, 2048, 2048, 2049, 2049, 2048]",316.0,77_9590
1244,9590,77,52,2024-09-01T14:17:19.113000+00:00,27.55,28.419,27.64,312.0,317.0,False,83.609,"[None, 2048, 2048, 2048, 2048, 2048]","[2048, 2048, 2049, 2048, 2048, 2049, 2048]","[2049, 2049, 2049, 2048, 2049, 2049, 2049, 2048]",319.0,77_9590
1244,9590,81,1,2024-09-01T13:03:34.412000+00:00,29.877,30.021,28.254,327.0,304.0,False,88.152,"[2048, 2049, 2051, 2049, 2049, 2049]","[2051, 2049, 2049, 2051, 2049, 2049, 2049]","[2051, 2051, 2049, 2049, 2051, 2049, 2049, 2051]",292.0,81_9590
1244,9590,81,2,2024-09-01T13:05:02.563000+00:00,27.751,29.311,28.054,315.0,312.0,False,85.116,"[2049, 2049, 2048, 2049, 2048, 2048]","[2048, 2051, 2049, 2048, 2051, 2049, 2049]","[2051, 2048, 2049, 2049, 2051, 2051, 2049, 2049]",320.0,81_9590
1244,9590,81,3,2024-09-01T13:06:27.722000+00:00,27.67,29.271,28.32,313.0,310.0,False,85.261,"[None, 2049, 2048, 2049, 2049, 2048]","[2048, 2051, 2048, 2048, 2048, 2048, 2048]","[2048, 2048, 2049, 2048, 2048, 2048, 2048, 2048]",,81_9590
1244,9590,81,4,2024-09-01T13:07:52.899000+00:00,27.672,28.825,28.198,310.0,310.0,False,84.695,"[2048, 2048, 2048, 2049, 2048, 2048]","[2048, 2051, 2049, 2049, 2051, 2048, 2048]","[2048, 2051, 2048, 2048, 2048, 2048, 2048, 2048]",317.0,81_9590
1244,9590,81,5,2024-09-01T13:09:17.610000+00:00,27.702,28.906,28.052,308.0,309.0,False,84.66,"[None, 2048, 2048, 2048, 2048, 2048]","[2048, 2051, 2049, 2048, 2051, 2049, 2048]","[2049, 2051, 2048, 2048, 2048, 2048, 2048, 2048]",,81_9590
1244,9590,81,6,2024-09-01T13:10:42.222000+00:00,27.799,28.807,27.997,,310.0,False,84.603,"[None, 2048, 2048, 2048, 2048, 2048]","[2048, 2048, 2048, 2049, 2051, 2049, 2048]","[2048, 2048, 2049, 2048, 2048, 2048, 2048, 2048]",,81_9590
1244,9590,81,7,2024-09-01T13:12:06.862000+00:00,27.738,28.574,28.106,310.0,313.0,False,84.418,"[None, 2048, 2048, 2048, 2048, 2048]","[2048, 2051, 2049, 2051, 2048, 2049, 2049]","[2049, 2051, 2049, 2048, 2048, 2048, 2048, 2048]",,81_9590
1244,9590,81,8,2024-09-01T13:13:31.185000+00:00,27.665,28.777,28.128,309.0,311.0,False,84.57,"[None, 2048, 2048, 2048, 2048, 2048]","[2048, 2048, 2048, 2048, 2048, 2048, 2048]","[2048, 2048, 2048, 2048, 2048, 2048, 2048, 2048]",319.0,81_9590
1244,9590,81,9,2024-09-01T13:14:55.804000+00:00,27.637,28.751,27.987,,312.0,False,84.375,"[None, 2049, 2048, 2048, 2048, 2048]","[2048, 2048, 2048, 2048, 2048, 2049, 2048]","[2048, 2048, 2048, 2048, 2048, 2051, 2048, 2048]",316.0,81_9590
1244,9590,81,10,2024-09-01T13:16:20.177000+00:00,27.687,28.554,27.836,,312.0,False,84.077,"[None, 2048, 2048, 2048, 2048, 2048]","[2048, 2051, 2049, 2048, 2051, 2049, 2048]","[2049, 2051, 2048, 2049, 2048, 2048, 2048, 2048]",319.0,81_9590
1244,9590,81,11,2024-09-01T13:17:44.358000+00:00,27.6,28.726,27.921,,312.0,False,84.247,"[None, 2048, 2048, 2048, 2048, 2048]","[2048, 2048, 2048, 2048, 2048, 2048, 2048]","[2048, 2048, 2049, 2048, 2048, 2048, 2049, 2048]",,81_9590
1244,9590,81,12,2024-09-01T13:19:08.484000+00:00,27.848,28.86,28.04,,313.0,False,84.748,"[2049, 2048, 2048, 2048, 2048, 2048]","[2048, 2048, 2048, 2048, 2048, 2048, 2049]","[2048, 2048, 2048, 2048, 2048, 2048, 2048, 2048]",317.0,81_9590
1244,9590,81,13,2024-09-01T13:20:33.336000+00:00,27.747,28.831,28.092,,313.0,False,84.67,"[2048, 2048, 2049, 2048, 2048, 2048]","[2048, 2048, 2048, 2048, 2048, 2048, 2048]","[2048, 2048, 2048, 2048, 2048, 2048, 2048, 2048]",320.0,81_9590
1244,9590,81,14,2024-09-01T13:21:57.856000+00:00,27.812,29.03,28.206,,311.0,False,85.048,"[2049, 2048, 2048, 2048, 2048, 2048]","[2048, 2048, 2048, 2048, 2048, 2048, 2048]","[2048, 2048, 2048, 2048, 2048, 2048, 2048, 2048]",,81_9590
1244,9590,81,15,2024-09-01T13:23:23.031000+00:00,27.84,29.099,28.227,311.0,311.0,False,85.166,"[2048, 2048, 2048, 2048, 2048, 2048]","[2048, 2048, 2048, 2048, 2048, 2048, 2048]","[2048, 2048, 2048, 2048, 2048, 2048, 2048]",,81_9590
1244,9590,81,16,2024-09-01T13:24:48.026000+00:00,27.891,29.279,32.769,312.0,313.0,False,89.939,"[None, 2048, 2048, 2048, 2048, 2048]","[2048, 2048, 2048, 2048, 2048, 2048, 2048]","[2048, 2048, 2048, 2048, 2048, 2048, 2048, 2064]",319.0,81_9590
1244,9590,81,17,2024-09-01T13:26:18.115000+00:00,46.989,29.31,27.951,320.0,310.0,True,104.25,"[2064, 2064, 2048, 2048, 2048, 2048]","[2048, 2048, 2048, 2048, 2048, 2048, 2048]","[2048, 2048, 2049, 2048, 2048, 2051, 2049, 2049]",283.0,81_9590
1244,9590,81,18,2024-09-01T13:28:02.325000+00:00,27.464,28.817,27.747,313.0,314.0,False,84.028,"[2049, 2049, 2048, 2048, 2049, 2048]","[2048, 2048, 2048, 2048, 2048, 2049, 2049]","[2048, 2051, 2049, 2049, 2048, 2048, 2049, 2049]",320.0,81_9590
1244,9590,81,19,2024-09-01T13:29:26.404000+00:00,27.593,28.979,28.03,311.0,312.0,False,84.602,"[None, 2048, 2048, 2048, 2048, 2048]","[2048, 2048, 2048, 2048, 2048, 2048, 2048]","[2048, 2048, 2048, 2048, 2048, 2048, 2049, 2049]",307.0,81_9590
1244,9590,81,20,2024-09-01T13:30:50.941000+00:00,27.418,28.823,27.745,313.0,315.0,False,83.986,"[None, 2048, 2048, 2049, 2048, 2048]","[2048, 2048, 2048, 2048, 2048, 2048, 2048]","[2048, 2048, 2048, 2049, 2048, 2048, 2048]",321.0,81_9590
1244,9590,81,21,2024-09-01T13:32:14.902000+00:00,27.438,28.73,27.735,310.0,312.0,False,83.903,"[2048, 2048, 2048, 2048, 2049, 2048]","[2048, 2048, 2048, 2048, 2048, 2049, 2048]","[2048, 2048, 2048, 2048, 2051, 2051, 2049, 2049]",322.0,81_9590
1244,9590,81,22,2024-09-01T13:33:38.898000+00:00,27.447,28.518,27.682,312.0,315.0,False,83.647,"[2049, 2049, 2048, 2048, 2048, 2048]","[2048, 2048, 2048, 2048, 2048, 2048, 2049]","[2048, 2048, 2049, 2048, 2048, 2048, 2048, 2049]",320.0,81_9590
1244,9590,81,23,2024-09-01T13:35:02.588000+00:00,27.398,28.459,27.803,317.0,318.0,False,83.66,"[None, 2048, 2048, 2048, 2049, 2048]","[2048, 2048, 2049, 2051, 2051, 2049, 2049]","[2048, 2048, 2049, 2049, 2048, 2048, 2049, 2049]",322.0,81_9590
1244,9590,81,24,2024-09-01T13:36:26.138000+00:00,27.339,28.287,27.689,312.0,314.0,False,83.315,"[None, 2049, 2048, 2048, 2048, 2048]","[2048, 2048, 2049, 2048, 2051, 2048, 2048]","[2048, 2051, 2048, 2048, 2048, 2048, 2048]",329.0,81_9590
1244,9590,81,25,2024-09-01T13:37:49.360000+00:00,27.46,28.338,27.432,311.0,314.0,False,83.23,"[2048, 2048, 2048, 2049, 2048, 2048]","[2048, 2048, 2048, 2051, 2048, 2048, 2048]","[2048, 2051, 2048, 2048, 2051, 2051, 2048, 2048]",320.0,81_9590
1244,9590,81,26,2024-09-01T13:39:12.740000+00:00,27.441,28.228,27.464,310.0,314.0,False,83.133,"[None, 2048, 2048, 2048, 2048, 2048]","[2048, 2051, 2049, 2051, 2048, 2048, 2048]","[2049, 2051, 2048, 2048, 2048, 2051, 2049, 2049]",319.0,81_9590
1244,9590,81,27,2024-09-01T13:40:35.794000+00:00,27.455,28.212,27.421,311.0,314.0,False,83.088,"[None, 2048, 2048, 2048, 2048, 2048]","[2048, 2048, 2048, 2051, 2048, 2048, 2048]","[2048, 2048, 2048, 2048, 2048, 2051, 2049, 2049]",318.0,81_9590
1244,9590,81,28,2024-09-01T13:41:58.932000+00:00,27.391,28.206,27.571,312.0,315.0,False,83.168,"[None, 2048, 2048, 2048, 2048, 2048]","[2048, 2048, 2048, 2051, 2051, 2048, 2048]","[2049, 2048, 2048, 2048, 2048, 2048, 2048, 2048]",320.0,81_9590
1244,9590,81,29,2024-09-01T13:43:22.150000+00:00,27.465,28.196,27.405,,315.0,False,83.066,"[None, 2048, 2048, 2048, 2048, 2048]","[2048, 2048, 2048, 2051, 2051, 2049, 2048]","[2048, 2048, 2048, 2048, 2048, 2051, 2049]",,81_9590
1244,9590,81,30,2024-09-01T13:44:45.070000+00:00,27.449,28.095,27.424,,317.0,False,82.968,"[None, 2048, 2048, 2048, 2048, 2048]","[2048, 2048, 2049, 2051, 2051, 2049, 2048]","[2048, 2048, 2048, 2048, 2048, 2048, 2049, 2048]",322.0,81_9590
1244,9590,81,31,2024-09-01T13:46:08.122000+00:00,27.435,28.225,27.561,310.0,315.0,False,83.221,"[None, 2048, 2048, 2048, 2048, 2048]","[2048, 2048, 2049, 2048, 2048, 2048, 2048]","[2048, 2048, 2048, 2048, 2048, 2048, 2049, 2049]",319.0,81_9590
1244,9590,81,32,2024-09-01T13:47:31.371000+00:00,27.386,28.343,27.751,315.0,327.0,False,83.48,"[None, 2048, 2048, 2048, 2049, 2048]","[2048, 2048, 2048, 2048, 2048, 2051, 2049]","[2048, 2048, 2048, 2048, 2048, 2048, 2048, 2048]",,81_9590
1244,9590,81,33,2024-09-01T13:48:54.847000+00:00,27.43,28.226,27.492,313.0,317.0,False,83.148,"[None, 2048, 2048, 2048, 2048, 2048]","[2048, 2048, 2048, 2048, 2048, 2048, 2048]","[2048, 2048, 2048, 2049, 2048, 2048, 2048, 2049]",321.0,81_9590
1244,9590,81,34,2024-09-01T13:50:17.934000+00:00,27.449,28.47,27.537,,317.0,False,83.456,"[None, 2048, 2048, 2048, 2048, 2048]","[2048, 2048, 2048, 2048, 2048, 2048, 2048]","[2048, 2048, 2049, 2049, 2048, 2048, 2048, 2048]",320.0,81_9590
1244,9590,81,35,2024-09-01T13:51:41.417000+00:00,27.392,28.529,27.488,,316.0,False,83.409,"[None, 2048, 2048, 2048, 2048, 2048]","[2048, 2048, 2048, 2048, 2048, 2048, 2048]","[2048, 2048, 2049, 2048, 2048, 2048, 2048, 2048]",323.0,81_9590
1244,9590,81,36,2024-09-01T13:53:04.910000+00:00,27.429,28.503,27.814,316.0,319.0,False,83.746,"[None, 2048, 2048, 2048, 2048, 2048]","[2048, 2048, 2048, 2048, 2048, 2048, 2048]","[2048, 2048, 2048, 2049, 2048, 2048, 2048, 2048]",,81_9590
1244,9590,81,37,2024-09-01T13:54:28.684000+00:00,27.368,28.649,27.674,314.0,316.0,False,83.691,"[2049, 2049, 2048, 2048, 2048, 2048]","[2048, 2048, 2048, 2048, 2048, 2048, 2048]","[2048, 2048, 2048, 2048, 2048, 2048, 2048, 2048]",333.0,81_9590
1244,9590,81,38,2024-09-01T13:55:52.366000+00:00,27.56,28.596,31.969,315.0,318.0,False,88.125,"[2048, 2048, 2048, 2048, 2048, 2048]","[2048, 2048, 2048, 2048, 2048, 2048, 2048]","[2049, 2048, 2048, 2048, 2048, 2048, 2048, 2064]",325.0,81_9590
1244,9590,81,39,2024-09-01T13:57:20.478000+00:00,47.532,28.366,27.54,324.0,312.0,True,103.438,"[2064, 2064, 2048, 2048, 2048, 2048]","[2048, 2048, 2048, 2048, 2048, 2048, 2048]","[2048, 2048, 2048, 2048, 2048, 2051, 2049, 2049]",286.0,81_9590
1244,9590,81,40,2024-09-01T13:59:03.848000+00:00,27.149,27.897,27.218,311.0,316.0,False,82.264,"[2048, 2048, 2048, 2049, 2049, 2048]","[2048, 2051, 2049, 2048, 2048, 2048, 2048]","[2049, 2048, 2048, 2048, 2051, 2051, 2049, 2049]",323.0,81_9590
1244,9590,81,41,2024-09-01T14:00:25.970000+00:00,27.207,27.79,27.069,314.0,320.0,False,82.066,"[None, 2048, 2048, 2048, 2048, 2048]","[2048, 2048, 2049, 2051, 2051, 2049, 2048]","[2049, 2051, 2049, 2049, 2048, 2048, 2049, 2049]",321.0,81_9590
1244,9590,81,42,2024-09-01T14:01:48.215000+00:00,27.245,27.932,27.154,315.0,318.0,False,82.331,"[None, 2048, 2048, 2048, 2049, 2048]","[2048, 2048, 2048, 2048, 2048, 2048, 2048]","[2049, 2051, 2048, 2048, 2048, 2048, 2048, 2048]",325.0,81_9590
1244,9590,81,43,2024-09-01T14:03:10.458000+00:00,27.087,27.8,27.205,316.0,321.0,False,82.092,"[None, 2048, 2048, 2048, 2048, 2048]","[2048, 2048, 2048, 2049, 2048, 2048, 2048]","[2049, 2048, 2048, 2049, 2048, 2048, 2048, 2049]",,81_9590
1244,9590,81,44,2024-09-01T14:04:32.566000+00:00,27.098,28.121,27.409,,322.0,False,82.628,"[2049, 2049, 2048, 2048, 2048, 2048]","[2048, 2048, 2048, 2048, 2048, 2048, 2048]","[2048, 2048, 2049, 2049, 2048, 2048, 2048, 2048]",339.0,81_9590
1244,9590,81,45,2024-09-01T14:05:55.314000+00:00,27.217,28.785,27.673,332.0,343.0,False,83.675,"[None, 2049, 2048, 2048, 2051, 2049]","[2048, 2048, 2048, 2048, 2048, 2051, 2051]","[2048, 2048, 2048, 2048, 2048, 2048, 2048, 2048]",342.0,81_9590
1244,9590,81,46,2024-09-01T14:07:18.865000+00:00,27.366,27.964,27.207,313.0,317.0,False,82.537,"[2048, 2048, 2048, 2048, 2048, 2048]","[2048, 2048, 2048, 2048, 2048, 2048, 2048]","[2048, 2048, 2048, 2048, 2048, 2048, 2048, 2048]",327.0,81_9590
1244,9590,81,47,2024-09-01T14:08:41.374000+00:00,27.271,27.856,27.126,312.0,315.0,False,82.253,"[None, 2048, 2048, 2048, 2048, 2048]","[2048, 2048, 2048, 2048, 2049, 2048, 2048]","[2048, 2049, 2048, 2048, 2048, 2048, 2048, 2048]",320.0,81_9590
1244,9590,81,48,2024-09-01T14:10:03.669000+00:00,27.626,27.897,27.202,314.0,317.0,False,82.725,"[None, 2048, 2049, 2048, 2048, 2048]","[2048, 2048, 2048, 2049, 2048, 2048, 2048]","[2048, 2048, 2048, 2048, 2048, 2048, 2048, 2048]",326.0,81_9590
1244,9590,81,49,2024-09-01T14:11:26.510000+00:00,27.245,27.984,27.716,315.0,331.0,False,82.945,"[None, 2048, 2048, 2048, 2048, 2048]","[2048, 2048, 2048, 2048, 2048, 2048, 2048]","[2048, 2048, 2048, 2048, 2048, 2048, 2048, 2048]",,81_9590
1244,9590,81,50,2024-09-01T14:12:49.453000+00:00,27.128,28.205,27.253,316.0,316.0,False,82.586,"[None, 2048, 2048, 2048, 2048, 2048]","[2048, 2048, 2048, 2048, 2048, 2048, 2048]","[2048, 2048, 2048, 2048, 2048, 2051, 2048, 2048]",328.0,81_9590
1244,9590,81,51,2024-09-01T14:14:11.905000+00:00,27.313,27.965,27.146,313.0,315.0,False,82.424,"[None, 2048, 2048, 2048, 2048, 2048]","[2048, 2048, 2048, 2051, 2048, 2048, 2048]","[2048, 2048, 2048, 2048, 2048, 2051, 2048, 2048]",321.0,81_9590
1244,9590,81,52,2024-09-01T14:15:34.363000+00:00,27.116,27.725,27.107,318.0,320.0,False,81.948,"[None, 2048, 2048, 2048, 2048, 2048]","[2048, 2048, 2049, 2051, 2048, 2048, 2048]","[2048, 2048, 2048, 2048, 2048, 2048, 2049, 2048]",334.0,81_9590
1244,9590,81,53,2024-09-01T14:16:56.299000+00:00,27.108,27.803,27.032,316.0,320.0,False,81.943,"[None, 2048, 2048, 2048, 2048, 2048]","[2048, 2048, 2048, 2048, 2049, 2048, 2048]","[2049, 2048, 2049, 2048, 2048, 2048, 2048, 2048]",328.0,81_9590
1268,9908,1,1,2025-09-06T14:03:22.351000+00:00,,34.899,29.731,262.0,313.0,True,,"[2064, 2064, 2049, 2049, 2049, 2049]","[2049, 2049, 2049, 2049, 2049, 2049, 2049]","[2049, 2049, 2049, 2049, 2049, 2049, 2049, 2049, 2051]",241.0,1_9908
1268,9908,1,2,2025-09-06T14:05:00.888000+00:00,26.546,26.832,26.434,324.0,338.0,False,79.812,"[2049, 2049, 2049, 2049, 2049, 2049]","[2049, 2051, 2049, 2051, 2049, 2049, 2049]","[2049, 2049, 2049, 2049, 2049, 2048, 2048, 2049, 2048]",344.0,1_9908
1268,9908,1,3,2025-09-06T14:06:20.700000+00:00,38.8,35.534,39.015,264.0,244.0,False,113.349,"[2048, 2048, 2048, 2048, 2048, 2048]","[2048, 2048, 2048, 2048, 2048, 2048, 2048]","[2048, 2048, 2048, 2048, 2048, 2048, 2048, 2064, 2064]",200.0,1_9908
1268,9908,1,4,2025-09-06T14:13:53.394000+00:00,,35.154,30.561,243.0,304.0,True,444.71,"[None, 2064, 2048, 2048, 2048, 2048]","[2048, 2048, 2048, 2048, 2048, 2048, 2048]","[2048, 2048, 2048, 2048, 2048, 2048, 2048, 2048, 2048]",216.0,1_9908
1268,9908,1,5,2025-09-06T14:15:38.783000+00:00,26.506,26.625,26.324,327.0,345.0,False,79.455,"[2048, 2048, 2049, 2048, 2048, 2049]","[2051, 2048, 2048, 2048, 2049, 2049, 2049]","[2049, 2049, 2049, 2051, 2048, 2048, 2048, 2049]",344.0,1_9908
1268,9908,1,6,2025-09-06T14:16:58.197000+00:00,34.086,35.488,37.98,241.0,279.0,False,107.554,"[None, 2048, 2048, 2048, 2048, 2048]","[2048, 2048, 2048, 2048, 2048, 2048, 2048]","[2048, 2048, 2048, 2048, 2048, 2048, 2048, 2064, 2064]",284.0,1_9908
1268,9908,1,7,2025-09-06T14:29:23.275000+00:00,,33.0,29.915,254.0,311.0,True,734.993,"[None, 2064, 2049, 2049, 2049, 2049]","[2049, 2049, 2049, 2049, 2049, 2049, 2049]","[2049, 2049, 2049, 2049, 2049, 2051, 2051, 2051]",183.0,1_9908
1268,9908,1,8,2025-09-06T14:31:00.653000+00:00,26.406,26.538,26.196,324.0,341.0,False,79.14,"[2049, 2049, 2049, 2049, 2049, 2049]","[2051, 2049, 2049, 2049, 2049, 2051, 2051]","[2049, 2051, 2051, 2049, 2051, 2049, 2051, 2049]",346.0,1_9908
1268,9908,1,9,2025-09-06T14:32:19.828000+00:00,38.877,34.843,37.303,213.0,306.0,False,111.023,"[2048, 2048, 2048, 2048, 2048, 2048]","[2048, 2048, 2048, 2048, 2048, 2048, 2048]","[2048, 2048, 2048, 2048, 2048, 2048, 2048, 2064, 2064]",217.0,1_9908
1268,9908,1,10,2025-09-06T14:37:36.405000+00:00,,36.874,31.138,232.0,249.0,True,312.756,"[None, 2064, 2048, 2048, 2048, 2048]","[2048, 2048, 2048, 2048, 2048, 2048, 2048]","[2048, 2048, 2048, 2048, 2048, 2048, 2048, 2048, 2048]",145.0,1_9908
1268,9908,1,11,2025-09-06T14:39:23.662000+00:00,26.457,26.65,26.315,323.0,338.0,False,79.422,"[2048, 2048, 2048, 2049, 2048, 2048]","[2048, 2049, 2048, 2048, 2048, 2048, 2048]","[2049, 2048, 2048, 2048, 2048, 2049, 2048, 2048, 2048]",345.0,1_9908
1268,9908,1,12,2025-09-06T14:40:43.198000+00:00,37.053,37.081,38.929,217.0,250.0,False,113.063,"[None, 2048, 2048, 2048, 2048, 2048]","[2048, 2048, 2048, 2048, 2048, 2048, 2048]","[2048, 2048, 2048, 2048, 2048, 2048, 2048, 2064, 2064]",227.0,1_9908
1268,9908,1,13,2025-09-06T14:52:15.680000+00:00,,31.553,29.154,275.0,300.0,True,674.577,"[None, 2064, 2049, 2049, 2049, 2049]","[2049, 2049, 2049, 2049, 2049, 2049, 2049]","[2049, 2049, 2049, 2049, 2049, 2049, 2049, 2049, 2051]",246.0,1_9908
1268,9908,1,14,2025-09-06T14:53:50.782000+00:00,26.306,26.485,26.132,325.0,340.0,False,78.923,"[2051, 2049, 2049, 2049, 2049, 2049]","[2049, 2049, 2049, 2049, 2049, 2049, 2049]","[2049, 2049, 2049, 2049, 2049, 2049, 2049, 2049, 2048]",347.0,1_9908
1268,9908,1,15,2025-09-06T14:55:09.708000+00:00,31.257,32.148,35.337,279.0,297.0,False,98.742,"[2048, 2048, 2048, 2048, 2048, 2048]","[2048, 2048, 2048, 2048, 2048, 2048, 2048]","[2048, 2048, 2048, 2048, 2048, 2048, 2048, 2064, 2064]",249.0,1_9908
1268,9908,1,16,2025-09-06T14:59:22.549000+00:00,,30.868,27.955,268.0,323.0,True,245.598,"[None, 2064, 2048, 2048, 2048, 2048]","[2048, 2048, 2048, 2048, 2048, 2048, 2048]","[2048, 2048, 2048, 2048, 2048, 2049, 2049, 2048, 2048]",233.0,1_9908
1268,9908,1,17,2025-09-06T15:00:54.117000+00:00,26.262,26.483,26.047,327.0,340.0,False,78.792,"[2049, 2049, 2049, 2049, 2049, 2049]","[2049, 2048, 2049, 2049, 2048, 2048, 2048]","[2049, 2049, 2049, 2049, 2049, 2049, 2051, 2049, 2048]",348.0,1_9908
1268,9908,1,18,2025-09-06T15:02:12.879000+00:00,33.681,36.065,43.246,220.0,205.0,False,112.992,"[2048, 2048, 2048, 2048, 2048, 2048]","[2048, 2048, 2048, 2048, 2048, 2048, 2048]","[2048, 2048, 2048, 2048, 2048, 2048, 2048, 2064, 2064]",211.0,1_9908
1268,9908,4,1,2025-09-06T14:04:02.725000+00:00,,33.046,29.794,278.0,299.0,True,,"[2064, 2064, 2049, 2049, 2049, 2049]","[2049, 2049, 2049, 2049, 2049, 2049, 2049]","[2049, 2049, 2049, 2049, 2049, 2049, 2049, 2049]",223.0,4_9908
1268,9908,4,2,2025-09-06T14:05:40.619000+00:00,26.573,26.624,26.414,321.0,334.0,False,79.611,"[2049, 2049, 2049, 2051, 2049, 2049]","[2049, 2049, 2049, 2051, 2051, 2049, 2049]","[2049, 2051, 2049, 2049, 2049, 2049, 2049, 2048, 2048]",338.0,4_9908
1268,9908,4,3,2025-09-06T14:07:00.247000+00:00,35.481,35.23,40.202,239.0,216.0,False,110.913,"[2048, 2048, 2048, 2048, 2048, 2048]","[2048, 2048, 2048, 2048, 2048, 2048, 2048]","[2048, 2048, 2048, 2048, 2048, 2048, 2048, 2064, 2064]",198.0,4_9908
1268,9908,4,4,2025-09-06T14:14:27.491000+00:00,,33.451,29.156,286.0,305.0,True,435.39,"[None, 2064, 2048, 2048, 2048, 2048]","[2048, 2048, 2048, 2048, 2048, 2048, 2048]","[2048, 2048, 2048, 2048, 2048, 2048, 2049, 2049, 2049]",214.0,4_9908
1268,9908,4,5,2025-09-06T14:16:06.599000+00:00,29.426,38.092,32.875,225.0,288.0,False,100.393,"[2049, 2049, 2051, 2048, 2048, 2048]","[2048, 2048, 2048, 2048, 2048, 2048, 2048]","[2048, 2048, 2048, 2048, 2048, 2048, 2048, 2049, 2049]",342.0,4_9908
1268,9908,4,6,2025-09-06T14:17:47.026000+00:00,26.498,26.626,26.393,323.0,337.0,False,79.517,"[None, 2049, 2048, 2048, 2048, 2049]","[2048, 2049, 2049, 2048, 2048, 2048, 2049]","[2048, 2048, 2049, 2049, 2049, 2048, 2049, 2048]",344.0,4_9908
1268,9908,4,7,2025-09-06T14:19:06.411000+00:00,33.432,33.54,39.381,239.0,237.0,False,106.353,"[2048, 2048, 2048, 2048, 2048, 2048]","[2048, 2048, 2048, 2048, 2048, 2048, 2048]","[2048, 2048, 2048, 2048, 2048, 2048, 2048, 2064, 2064]",214.0,4_9908
1268,9908,4,8,2025-09-06T14:30:34.058000+00:00,,32.21,28.353,284.0,315.0,True,676.614,"[None, 2064, 2049, 2049, 2049, 2049]","[2049, 2049, 2049, 2049, 2049, 2049, 2049]","[2049, 2049, 2049, 2049, 2049, 2051, 2049, 2049, 2049]",231.0,4_9908
1268,9908,4,9,2025-09-06T14:32:09.455000+00:00,28.457,31.529,36.227,283.0,307.0,False,96.213,"[2049, 2049, 2051, 2049, 2048, 2048]","[2049, 2048, 2049, 2049, 2049, 2049, 2048]","[2048, 2048, 2048, 2048, 2048, 2048, 2048, 2064, 2064]",344.0,4_9908
1268,9908,4,10,2025-09-06T14:35:15.518000+00:00,,31.468,28.526,290.0,298.0,True,181.222,"[None, 2064, 2048, 2048, 2049, 2048]","[2049, 2048, 2048, 2048, 2049, 2048, 2048]","[2048, 2048, 2048, 2048, 2049, 2049, 2049, 2048, 2048]",235.0,4_9908
1268,9908,4,11,2025-09-06T14:36:46.933000+00:00,26.588,26.594,26.269,321.0,334.0,False,79.451,"[2048, 2048, 2048, 2049, 2049, 2049]","[2049, 2049, 2049, 2049, 2049, 2049, 2049]","[2049, 2051, 2049, 2049, 2049, 2049, 2048, 2048]",341.0,4_9908
1268,9908,4,12,2025-09-06T14:38:06.336000+00:00,41.108,35.47,35.175,233.0,272.0,False,111.753,"[None, 2048, 2048, 2048, 2048, 2048]","[2048, 2048, 2048, 2048, 2048, 2048, 2048]","[2048, 2048, 2048, 2048, 2048, 2048, 2048, 2048, 2048]",226.0,4_9908
1268,9908,4,13,2025-09-06T14:39:58.085000+00:00,39.042,38.556,30.192,272.0,208.0,False,107.79,"[None, 2048, 2048, 2048, 2048, 2048]","[2048, 2048, 2048, 2048, 2048, 2048, 2048]","[2048, 2048, 2048, 2048, 2048, 2048, 2049, 2049, 2049]",209.0,4_9908
1268,9908,4,14,2025-09-06T14:41:45.861000+00:00,26.46,26.625,26.208,323.0,336.0,False,79.293,"[2049, 2049, 2048, 2049, 2049, 2049]","[2051, 2048, 2048, 2049, 2049, 2049, 2049]","[2049, 2048, 2049, 2049, 2049, 2048, 2048, 2048]",345.0,4_9908
1268,9908,4,15,2025-09-06T14:43:05.191000+00:00,35.9,34.246,39.102,240.0,256.0,False,109.248,"[2048, 2048, 2048, 2048, 2048, 2048]","[2048, 2048, 2048, 2048, 2048, 2048, 2048]","[2048, 2048, 2048, 2048, 2048, 2048, 2048, 2064, 2064]",162.0,4_9908
1268,9908,4,16,2025-09-06T14:51:08.771000+00:00,,31.185,28.735,301.0,311.0,True,472.006,"[2064, 2064, 2049, 2051, 2049, 2049]","[2049, 2051, 2049, 2049, 2049, 2049, 2049]","[2049, 2049, 2049, 2051, 2051, 2051, 2051, 2051, 2051]",152.0,4_9908
1268,9908,4,17,2025-09-06T14:52:46.355000+00:00,26.574,26.56,26.299,321.0,336.0,False,79.433,"[2049, 2049, 2049, 2049, 2049, 2049]","[2049, 2049, 2049, 2049, 2049, 2049, 2049]","[2049, 2049, 2051, 2049, 2051, 2051, 2049, 2049]",341.0,4_9908
1268,9908,4,18,2025-09-06T14:54:05.818000+00:00,34.818,33.597,38.746,258.0,246.0,False,107.161,"[2048, 2048, 2048, 2048, 2048, 2048]","[2048, 2048, 2048, 2048, 2048, 2048, 2048]","[2048, 2048, 2048, 2048, 2048, 2048, 2048, 2064, 2064]",205.0,4_9908
1268,9908,4,19,2025-09-06T14:59:05.807000+00:00,,31.311,28.215,284.0,315.0,True,292.184,"[None, 2064, 2048, 2048, 2048, 2048]","[2048, 2048, 2048, 2048, 2048, 2048, 2048]","[2048, 2048, 2048, 2048, 2048, 2051, 2049, 2049, 2049]",215.0,4_9908
1268,9908,4,20,2025-09-06T15:00:45.188000+00:00,26.378,26.438,26.053,323.0,338.0,False,78.869,"[2049, 2049, 2048, 2049, 2049, 2049]","[2051, 2049, 2049, 2048, 2048, 2048, 2049]","[2049, 2049, 2049, 2049, 2049, 2051, 2049, 2048, 2048]",345.0,4_9908
1268,9908,4,21,2025-09-06T15:02:04.141000+00:00,35.038,35.459,44.696,250.0,226.0,False,115.193,"[2048, 2048, 2048, 2048, 2048, 2048]","[2048, 2048, 2048, 2048, 2048, 2048, 2048]","[2048, 2048, 2048, 2048, 2048, 2048, 2048, 2064, 2064]",172.0,4_9908
1268,9908,5,1,2025-09-06T14:00:37.247000+00:00,,30.739,31.125,305.0,315.0,True,,"[2064, 2064, 2049, 2051, 2051, 2049]","[2049, 2049, 2049, 2049, 2049, 2051, 2051]","[2049, 2049, 2049, 2049, 2049, 2049, 2049, 2051]",176.0,5_9908
1268,9908,5,2,2025-09-06T14:02:10.658000+00:00,26.552,27.113,26.684,326.0,343.0,False,80.349,"[2049, 2049, 2049, 2049, 2051, 2051]","[2049, 2049, 2051, 2049, 2049, 2049, 2049]","[2049, 2049, 2051, 2051, 2049, 2049, 2049, 2048, 2048]",350.0,5_9908
1268,9908,5,3,2025-09-06T14:03:30.986000+00:00,32.066,36.49,40.979,300.0,249.0,False,109.535,"[2048, 2048, 2048, 2048, 2048, 2048]","[2048, 2048, 2048, 2048, 2048, 2048, 2048]","[2048, 2048, 2048, 2048, 2048, 2048, 2048, 2064, 2064]",214.0,5_9908
1268,9908,5,4,2025-09-06T14:07:23.219000+00:00,,37.075,34.671,226.0,261.0,True,235.397,"[None, 2064, 2048, 2048, 2048, 2048]","[2048, 2048, 2048, 2048, 2048, 2048, 2048]","[2048, 2048, 2048, 2048, 2048, 2048, 2048, 2049, 2048]",181.0,5_9908
1268,9908,5,5,2025-09-06T14:09:15.892000+00:00,26.372,26.869,26.447,328.0,344.0,False,79.688,"[2051, 2051, 2049, 2049, 2048, 2049]","[2049, 2049, 2049, 2049, 2049, 2051, 2051]","[2049, 2049, 2049, 2051, 2049, 2049, 2049, 2049]",352.0,5_9908
1268,9908,5,6,2025-09-06T14:10:35.547000+00:00,29.986,31.021,35.781,303.0,315.0,False,96.788,"[2048, 2048, 2048, 2048, 2048, 2048]","[2048, 2048, 2048, 2048, 2048, 2048, 2048]","[2048, 2048, 2048, 2048, 2048, 2048, 2048, 2064, 2064]",260.0,5_9908
1268,9908,5,7,2025-09-06T14:15:16.405000+00:00,,32.247,29.846,292.0,316.0,True,286.74,"[None, 2064, 2048, 2048, 2048, 2048]","[2048, 2048, 2048, 2048, 2048, 2048, 2048]","[2048, 2048, 2048, 2048, 2048, 2048, 2048, 2051, 2051]",168.0,5_9908
1268,9908,5,8,2025-09-06T14:16:59.260000+00:00,26.302,26.797,26.943,327.0,342.0,False,80.042,"[2051, 2051, 2048, 2049, 2048, 2048]","[2049, 2049, 2049, 2049, 2049, 2048, 2048]","[2049, 2049, 2048, 2048, 2048, 2048, 2048, 2048, 2048]",355.0,5_9908
1268,9908,5,9,2025-09-06T14:18:19.268000+00:00,33.957,38.27,39.69,225.0,235.0,False,111.917,"[2048, 2048, 2048, 2048, 2048, 2048]","[2048, 2048, 2048, 2048, 2048, 2048, 2048]","[2048, 2048, 2048, 2048, 2048, 2048, 2048, 2064, 2064]",209.0,5_9908
1268,9908,5,10,2025-09-06T14:30:14.965000+00:00,,31.891,28.536,300.0,315.0,True,703.288,"[None, 2064, 2049, 2049, 2049, 2049]","[2049, 2049, 2049, 2049, 2049, 2049, 2049]","[2049, 2049, 2049, 2049, 2049, 2049, 2049, 2051]",188.0,5_9908
1268,9908,5,11,2025-09-06T14:31:54.358000+00:00,26.215,26.782,26.326,329.0,345.0,False,79.323,"[2049, 2049, 2049, 2049, 2051, 2049]","[2049, 2049, 2049, 2049, 2049, 2051, 2049]","[2049, 2049, 2051, 2051, 2049, 2049, 2049, 2049, 2048]",354.0,5_9908
1268,9908,5,12,2025-09-06T14:33:13.774000+00:00,33.693,37.179,40.832,217.0,231.0,False,111.704,"[2048, 2048, 2048, 2048, 2048, 2048]","[2048, 2048, 2048, 2048, 2048, 2048, 2048]","[2048, 2048, 2048, 2048, 2048, 2048, 2048, 2064, 2064]",202.0,5_9908
1268,9908,5,13,2025-09-06T14:38:00.636000+00:00,,33.308,33.245,232.0,316.0,True,296.579,"[None, 2064, 2048, 2048, 2048, 2048]","[2048, 2048, 2048, 2048, 2048, 2048, 2048]","[2048, 2048, 2048, 2048, 2048, 2048, 2048, 2048, 2048]",243.0,5_9908
1268,9908,5,14,2025-09-06T14:40:02.123000+00:00,26.492,26.672,26.337,329.0,345.0,False,79.501,"[2048, 2048, 2048, 2048, 2048, 2049]","[2048, 2049, 2049, 2049, 2049, 2051, 2049]","[2048, 2048, 2048, 2048, 2049, 2049, 2049, 2049, 2048]",354.0,5_9908
1268,9908,5,15,2025-09-06T14:41:21.510000+00:00,32.345,38.298,41.025,243.0,218.0,False,111.668,"[None, 2048, 2048, 2048, 2048, 2048]","[2048, 2048, 2048, 2048, 2048, 2048, 2048]","[2048, 2048, 2048, 2048, 2048, 2048, 2048, 2064, 2064]",218.0,5_9908
1268,9908,5,16,2025-09-06T14:52:18.691000+00:00,,31.67,29.91,267.0,287.0,True,640.926,"[2064, 2064, 2049, 2049, 2049, 2049]","[2049, 2049, 2049, 2049, 2049, 2049, 2049]","[2049, 2049, 2049, 2049, 2049, 2049, 2049, 2049, 2049]",255.0,5_9908
1268,9908,5,17,2025-09-06T14:53:54.153000+00:00,26.325,26.671,26.403,328.0,344.0,False,79.399,"[2049, 2051, 2049, 2049, 2049, 2051]","[2049, 2049, 2049, 2049, 2049, 2049, 2051]","[2049, 2049, 2049, 2049, 2049, 2049, 2049, 2049, 2049]",351.0,5_9908
1268,9908,5,18,2025-09-06T14:55:13.517000+00:00,30.685,30.841,37.122,301.0,309.0,False,98.648,"[2048, 2048, 2048, 2048, 2048, 2048]","[2048, 2048, 2048, 2048, 2048, 2048, 2048]","[2048, 2048, 2048, 2048, 2048, 2048, 2048, 2064, 2064]",194.0,5_9908
1268,9908,5,19,2025-09-06T14:59:27.926000+00:00,,31.896,29.192,249.0,316.0,True,247.094,"[None, 2064, 2048, 2048, 2048, 2048]","[2048, 2048, 2048, 2048, 2048, 2048, 2048]","[2048, 2048, 2048, 2048, 2048, 2048, 2048, 2048, 2051]",265.0,5_9908
1268,9908,5,20,2025-09-06T15:00:59.358000+00:00,26.233,26.676,26.481,329.0,347.0,False,79.39,"[2051, 2051, 2048, 2048, 2049, 2051]","[2048, 2048, 2049, 2048, 2049, 2051, 2051]","[2049, 2048, 2051, 2051, 2048, 2048, 2048, 2048, 2048]",355.0,5_9908
1268,9908,5,21,2025-09-06T15:02:18.625000+00:00,37.587,36.047,,242.0,226.0,False,,"[2048, 2048, 2048, 2048, 2048, 2048]","[2048, 2048, 2048, 2048, 2048, 2048, 2048]",[2048],129.0,5_9908
1268,9908,6,1,2025-09-06T14:04:19.576000+00:00,,33.428,30.983,300.0,281.0,True,,"[2064, 2064, 2049, 2049, 2049, 2049]","[2049, 2049, 2049, 2049, 2049, 2049, 2049]","[2049, 2049, 2049, 2049, 2049, 2049, 2049, 2049, 2049]",214.0,6_9908
1268,9908,6,2,2025-09-06T14:06:02.513000+00:00,26.498,26.939,26.689,324.0,337.0,False,80.126,"[2049, 2049, 2049, 2049, 2049, 2049]","[2049, 2049, 2049, 2049, 2049, 2049, 2049]","[2049, 2049, 2049, 2049, 2049, 2049, 2049, 2049, 2048]",344.0,6_9908
1268,9908,6,3,2025-09-06T14:07:22.570000+00:00,30.19,33.603,38.246,295.0,267.0,False,102.039,"[2048, 2048, 2048, 2048, 2048, 2048]","[2048, 2048, 2048, 2048, 2048, 2048, 2048]","[2048, 2048, 2048, 2048, 2048, 2048, 2048, 2064, 2064]",316.0,6_9908
1268,9908,6,4,2025-09-06T14:14:32.697000+00:00,,31.019,33.88,309.0,323.0,True,428.915,"[None, 2064, 2048, 2048, 2048, 2048]","[2048, 2048, 2048, 2048, 2048, 2048, 2048]","[2048, 2048, 2048, 2048, 2048, 2049, 2049, 2049, 2051]",230.0,6_9908
1268,9908,6,5,2025-09-06T14:16:13.577000+00:00,26.331,27.092,26.494,326.0,338.0,False,79.917,"[2049, 2049, 2049, 2048, 2049, 2049]","[2049, 2048, 2049, 2048, 2048, 2048, 2048]","[2049, 2049, 2049, 2049, 2049, 2048, 2048, 2049]",350.0,6_9908
1268,9908,6,6,2025-09-06T14:17:33.354000+00:00,35.731,35.499,39.332,242.0,302.0,False,110.562,"[2048, 2048, 2048, 2048, 2048, 2048]","[2048, 2048, 2048, 2048, 2048, 2048, 2048]","[2048, 2048, 2048, 2048, 2048, 2048, 2048, 2064, 2064]",189.0,6_9908
1268,9908,10,1,2025-09-06T14:00:32.267000+00:00,,32.146,30.885,298.0,311.0,True,,"[2064, 2064, 2049, 2049, 2049, 2049]","[2051, 2049, 2049, 2049, 2049, 2049, 2049]","[2049, 2049, 2049, 2049, 2049, 2049, 2049, 2049]",254.0,10_9908
1268,9908,10,2,2025-09-06T14:02:07.066000+00:00,26.725,27.258,26.727,322.0,338.0,False,80.71,"[2049, 2049, 2049, 2049, 2049, 2049]","[2049, 2049, 2049, 2049, 2049, 2049, 2049]","[2049, 2051, 2049, 2049, 2051, 2049, 2049, 2049, 2048]",345.0,10_9908
1268,9908,10,3,2025-09-06T14:03:27.877000+00:00,31.219,33.846,37.68,286.0,299.0,False,102.745,"[2048, 2048, 2048, 2048, 2048, 2048]","[2048, 2048, 2048, 2048, 2048, 2048, 2048]","[2048, 2048, 2048, 2048, 2048, 2048, 2048, 2064, 2064]",293.0,10_9908
1268,9908,10,4,2025-09-06T14:05:53.606000+00:00,98.808,37.843,33.273,233.0,306.0,True,169.924,"[None, 2064, 2048, 2048, 2048, 2048]","[2048, 2048, 2048, 2048, 2048, 2048, 2048]","[2048, 2048, 2048, 2048, 2048, 2049, 2049, 2048, 2048]",98.0,10_9908
1268,9908,10,5,2025-09-06T14:08:00.622000+00:00,26.679,26.902,26.557,321.0,337.0,False,80.138,"[2048, 2048, 2049, 2049, 2049, 2048]","[2049, 2049, 2049, 2049, 2049, 2049, 2049]","[2048, 2049, 2049, 2048, 2049, 2049, 2049, 2049]",340.0,10_9908
1268,9908,10,6,2025-09-06T14:09:20.568000+00:00,35.604,33.384,43.85,281.0,292.0,False,112.838,"[None, 2048, 2048, 2048, 2048, 2048]","[2048, 2048, 2048, 2048, 2048, 2048, 2048]","[2048, 2048, 2048, 2048, 2048, 2048, 2048, 2064, 2064]",299.0,10_9908
1268,9908,10,7,2025-09-06T14:14:43.569000+00:00,,31.946,29.847,299.0,316.0,True,305.55,"[None, 2064, 2048, 2048, 2048, 2048]","[2048, 2048, 2048, 2048, 2048, 2048, 2048]","[2048, 2048, 2048, 2048, 2048, 2048, 2048, 2048, 2049]",244.0,10_9908
1268,9908,10,8,2025-09-06T14:16:19.120000+00:00,26.628,26.961,26.514,323.0,338.0,False,80.103,"[2049, 2049, 2048, 2048, 2049, 2049]","[2049, 2049, 2049, 2048, 2048, 2048, 2049]","[2049, 2049, 2049, 2049, 2048, 2048, 2049, 2049, 2049]",344.0,10_9908
1268,9908,10,9,2025-09-06T14:17:39.105000+00:00,36.69,35.711,40.47,286.0,289.0,False,112.871,"[2048, 2048, 2048, 2048, 2048, 2048]","[2048, 2048, 2048, 2048, 2048, 2048, 2048]","[2048, 2048, 2048, 2048, 2048, 2048, 2048, 2064, 2064]",196.0,10_9908
1268,9908,12,1,,,35.924,34.144,259.0,279.0,True,,"[None, 2064, 2049, 2049, 2049, 2049]","[2049, 2049, 2049, 2049, 2049, 2049, 2049]","[2049, 2049, 2049, 2051, 2049, 2049, 2051, 2051]",213.0,12_9908
1268,9908,12,2,2025-09-06T14:01:52.509000+00:00,44.924,38.762,32.993,181.0,131.0,False,116.679,"[2049, 2049, 2048, 2049, 2048, 2048]","[2048, 2049, 2048, 2049, 2049, 2049, 2048]","[2048, 2049, 2048, 2048, 2049, 2049, 2049, 2049, 2049]",107.0,12_9908
1268,9908,12,3,2025-09-06T14:03:49.353000+00:00,26.602,27.037,26.566,321.0,337.0,False,80.205,"[None, 2049, 2049, 2051, 2049, 2049]","[2049, 2049, 2049, 2049, 2049, 2049, 2049]","[2051, 2049, 2049, 2049, 2049, 2049, 2049, 2048]",343.0,12_9908
1268,9908,12,4,2025-09-06T14:05:09.403000+00:00,35.816,37.122,40.008,256.0,268.0,False,112.946,"[2048, 2048, 2048, 2048, 2048, 2048]","[2048, 2048, 2048, 2048, 2048, 2048, 2048]","[2048, 2048, 2048, 2048, 2048, 2048, 2048, 2048, 2048]",182.0,12_9908
1268,9908,12,5,2025-09-06T14:07:02.433000+00:00,52.027,37.726,31.319,249.0,263.0,False,121.072,"[None, 2048, 2048, 2048, 2048, 2048]","[2048, 2048, 2048, 2048, 2048, 2048, 2048]","[2048, 2048, 2048, 2048, 2048, 2048, 2048, 2048, 2048]",86.0,12_9908
1268,9908,12,6,2025-09-06T14:09:03.563000+00:00,26.743,26.911,26.497,322.0,336.0,False,80.151,"[None, 2048, 2048, 2048, 2048, 2049]","[2049, 2049, 2048, 2049, 2049, 2049, 2048]","[2048, 2049, 2048, 2049, 2049, 2049, 2049, 2048, 2048]",342.0,12_9908
1268,9908,12,7,2025-09-06T14:10:23.630000+00:00,30.204,30.386,36.83,292.0,289.0,False,97.42,"[None, 2048, 2048, 2048, 2048, 2048]","[2048, 2048, 2048, 2048, 2048, 2048, 2048]","[2048, 2048, 2048, 2048, 2048, 2048, 2048, 2064, 2064]",287.0,12_9908
1268,9908,12,8,2025-09-06T14:13:59.762000+00:00,,34.565,32.962,277.0,293.0,True,222.215,"[None, 2064, 2048, 2048, 2048, 2048]","[2048, 2048, 2048, 2048, 2048, 2048, 2048]","[2048, 2048, 2048, 2048, 2048, 2048, 2049, 2048, 2049]",249.0,12_9908
1268,9908,12,9,2025-09-06T14:15:43.345000+00:00,26.529,26.79,26.428,323.0,340.0,False,79.747,"[2048, 2049, 2049, 2048, 2048, 2049]","[2049, 2049, 2049, 2048, 2049, 2049, 2049]","[2049, 2048, 2049, 2049, 2049, 2048, 2049, 2049, 2048]",346.0,12_9908
1268,9908,12,10,2025-09-06T14:17:03.057000+00:00,42.022,36.137,46.096,222.0,269.0,False,124.255,"[None, 2048, 2048, 2048, 2048, 2048]","[2048, 2048, 2048, 2048, 2048, 2048, 2048]","[2048, 2048, 2048, 2048, 2048, 2048, 2048, 2064, 2064]",109.0,12_9908
1268,9908,12,11,2025-09-06T14:29:43.974000+00:00,,33.595,30.356,296.0,281.0,True,740.747,"[2064, 2064, 2049, 2049, 2049, 2049]","[2049, 2049, 2049, 2049, 2049, 2049, 2049]","[2049, 2049, 2049, 2049, 2049, 2049, 2049, 2049]",232.0,12_9908
1268,9908,12,12,2025-09-06T14:31:27.991000+00:00,26.482,26.701,26.27,322.0,338.0,False,79.453,"[2049, 2049, 2049, 2049, 2049, 2049]","[2049, 2049, 2049, 2049, 2049, 2049, 2049]","[2049, 2049, 2049, 2049, 2049, 2049, 2049, 2049, 2049]",344.0,12_9908
1268,9908,12,13,2025-09-06T14:32:47.533000+00:00,31.917,33.781,38.119,272.0,273.0,False,103.817,"[2048, 2048, 2048, 2048, 2048, 2048]","[2048, 2048, 2048, 2048, 2048, 2048, 2048]","[2048, 2048, 2048, 2048, 2048, 2048, 2048, 2064, 2064]",252.0,12_9908
1268,9908,12,14,2025-09-06T14:37:48.970000+00:00,,32.789,29.348,301.0,307.0,True,312.471,"[None, 2064, 2048, 2048, 2048, 2048]","[2048, 2048, 2048, 2048, 2048, 2048, 2048]","[2048, 2048, 2048, 2048, 2048, 2048, 2048, 2048, 2049]",207.0,12_9908
1268,9908,12,15,2025-09-06T14:39:43.889000+00:00,26.461,26.613,26.171,324.0,340.0,False,79.245,"[2049, 2049, 2048, 2049, 2049, 2049]","[2048, 2049, 2048, 2049, 2049, 2049, 2049]","[2051, 2051, 2049, 2048, 2049, 2049, 2049, 2049, 2048]",347.0,12_9908
1268,9908,12,16,2025-09-06T14:41:03.007000+00:00,38.95,35.64,42.351,264.0,259.0,False,116.941,"[2048, 2048, 2048, 2048, 2048, 2048]","[2048, 2048, 2048, 2048, 2048, 2048, 2048]","[2048, 2048, 2048, 2048, 2048, 2048, 2048, 2064, 2064]",117.0,12_9908
1268,9908,12,17,2025-09-06T14:51:11.887000+00:00,,31.668,29.247,299.0,304.0,True,594.203,"[None, 2064, 2049, 2049, 2049, 2049]","[2049, 2049, 2049, 2049, 2049, 2049, 2049]","[2049, 2049, 2049, 2049, 2049, 2049, 2049, 2049, 2049]",205.0,12_9908
1268,9908,12,18,2025-09-06T14:52:54.195000+00:00,26.594,26.77,26.353,322.0,336.0,False,79.717,"[2049, 2049, 2049, 2049, 2049, 2049]","[2049, 2049, 2049, 2049, 2049, 2049, 2049]","[2051, 2049, 2049, 2049, 2049, 2049, 2049, 2049, 2048]",343.0,12_9908
1268,9908,12,19,2025-09-06T14:54:13.935000+00:00,34.548,32.829,36.987,261.0,289.0,False,104.364,"[2048, 2048, 2048, 2048, 2048, 2048]","[2048, 2048, 2048, 2048, 2048, 2048, 2048]","[2048, 2048, 2048, 2048, 2048, 2048, 2048, 2064, 2064]",193.0,12_9908
1268,9908,12,20,2025-09-06T14:59:33.814000+00:00,,32.151,28.883,300.0,308.0,True,308.47,"[None, 2064, 2048, 2048, 2048, 2048]","[2048, 2048, 2048, 2048, 2048, 2048, 2048]","[2048, 2048, 2048, 2048, 2048, 2049, 2049, 2049, 2049]",257.0,12_9908
1268,9908,12,21,2025-09-06T15:01:06.784000+00:00,26.465,26.64,26.095,323.0,340.0,False,79.2,"[2049, 2049, 2049, 2049, 2049, 2049]","[2048, 2048, 2049, 2049, 2049, 2049, 2049]","[2051, 2049, 2049, 2049, 2049, 2049, 2048, 2049, 2048]",346.0,12_9908
1268,9908,12,22,2025-09-06T15:02:26.009000+00:00,40.323,32.811,,249.0,278.0,False,,"[2048, 2048, 2048, 2048, 2048, 2048]","[2048, 2048, 2048, 2048, 2048, 2048, 2048]",[2048],155.0,12_9908
1268,9908,14,1,2025-09-06T14:00:42.879000+00:00,,30.702,28.765,275.0,317.0,True,,"[2064, 2064, 2049, 2049, 2049, 2049]","[2049, 2049, 2051, 2051, 2049, 2049, 2049]","[2049, 2049, 2051, 2051, 2051, 2049, 2049, 2049, 2049]",205.0,14_9908
1268,9908,14,2,2025-09-06T14:02:15.437000+00:00,26.62,27.157,26.782,323.0,339.0,False,80.559,"[2049, 2049, 2049, 2049, 2049, 2049]","[2049, 2049, 2049, 2049, 2049, 2049, 2049]","[2049, 2049, 2049, 2049, 2049, 2049, 2049, 2049, 2049]",346.0,14_9908
1268,9908,14,3,2025-09-06T14:03:36.066000+00:00,31.401,35.136,39.194,249.0,198.0,False,105.731,"[2048, 2048, 2048, 2048, 2048, 2048]","[2048, 2048, 2048, 2048, 2048, 2048, 2048]","[2048, 2048, 2048, 2048, 2048, 2048, 2048, 2064, 2064]",226.0,14_9908
1268,9908,14,4,2025-09-06T14:06:47.490000+00:00,,36.28,32.402,276.0,296.0,True,191.216,"[None, 2064, 2048, 2048, 2048, 2048]","[2048, 2048, 2048, 2048, 2048, 2048, 2048]","[2048, 2048, 2048, 2048, 2048, 2049, 2049, 2049, 2049]",129.0,14_9908
1268,9908,14,5,2025-09-06T14:08:32.993000+00:00,26.348,26.852,26.458,325.0,342.0,False,79.658,"[2049, 2049, 2048, 2051, 2049, 2049]","[2049, 2049, 2049, 2049, 2049, 2049, 2049]","[2049, 2049, 2049, 2049, 2049, 2048, 2048, 2048, 2048]",349.0,14_9908
1268,9908,14,6,2025-09-06T14:09:52.678000+00:00,33.172,34.859,41.599,219.0,237.0,False,109.63,"[2048, 2048, 2048, 2048, 2048, 2048]","[2048, 2048, 2048, 2048, 2048, 2048, 2048]","[2048, 2048, 2048, 2048, 2048, 2048, 2048, 2064, 2064]",217.0,14_9908
1268,9908,14,7,2025-09-06T14:15:26.856000+00:00,,34.898,30.73,298.0,316.0,True,334.037,"[None, 2064, 2048, 2048, 2048, 2048]","[2048, 2048, 2048, 2048, 2048, 2048, 2048]","[2048, 2048, 2048, 2048, 2048, 2048, 2048, 2048, 2048]",171.0,14_9908
1268,9908,14,8,2025-09-06T14:17:16.249000+00:00,27.466,36.322,44.671,235.0,247.0,False,108.459,"[2048, 2048, 2048, 2048, 2048, 2048]","[2048, 2048, 2048, 2048, 2048, 2048, 2048]","[2048, 2048, 2048, 2048, 2048, 2048, 2048, 2064, 2064]",343.0,14_9908
1268,9908,14,9,2025-09-06T14:30:00.585000+00:00,,32.801,29.409,249.0,314.0,True,754.671,"[2064, 2064, 2049, 2049, 2049, 2049]","[2049, 2049, 2049, 2049, 2049, 2049, 2049]","[2049, 2049, 2049, 2049, 2049, 2049, 2049, 2049, 2049]",181.0,14_9908
1268,9908,14,10,2025-09-06T14:31:39.443000+00:00,26.516,26.75,26.444,322.0,340.0,False,79.71,"[2049, 2049, 2049, 2049, 2049, 2049]","[2049, 2049, 2049, 2049, 2049, 2049, 2049]","[2049, 2049, 2049, 2049, 2049, 2049, 2049, 2049]",347.0,14_9908
1268,9908,14,11,2025-09-06T14:32:59.101000+00:00,31.923,32.728,39.408,228.0,216.0,False,104.059,"[2048, 2048, 2048, 2048, 2048, 2048]","[2048, 2048, 2048, 2048, 2048, 2048, 2048]","[2048, 2048, 2048, 2048, 2048, 2048, 2048, 2064, 2064]",208.0,14_9908
1268,9908,14,12,2025-09-06T14:37:52.691000+00:00,,30.84,31.473,303.0,321.0,True,303.535,"[None, 2064, 2048, 2048, 2048, 2048]","[2048, 2048, 2048, 2048, 2048, 2048, 2048]","[2048, 2048, 2048, 2048, 2048, 2049, 2049, 2049, 2049]",147.0,14_9908
1268,9908,14,13,2025-09-06T14:39:46.726000+00:00,26.394,26.593,26.375,324.0,342.0,False,79.362,"[2049, 2049, 2048, 2049, 2049, 2049]","[2049, 2049, 2049, 2049, 2049, 2049, 2049]","[2049, 2049, 2049, 2049, 2049, 2049, 2049, 2049, 2049]",349.0,14_9908
1268,9908,14,14,2025-09-06T14:41:06.132000+00:00,39.42,37.013,42.699,205.0,205.0,False,119.132,"[2048, 2048, 2048, 2048, 2048, 2048]","[2048, 2048, 2048, 2048, 2048, 2048, 2048]","[2048, 2048, 2048, 2048, 2048, 2048, 2048, 2064, 2064]",204.0,14_9908
1268,9908,14,15,2025-09-06T14:51:39.584000+00:00,,30.255,28.435,289.0,317.0,True,618.491,"[None, 2064, 2049, 2049, 2049, 2049]","[2049, 2049, 2049, 2051, 2051, 2049, 2049]","[2049, 2049, 2049, 2049, 2049, 2049, 2049, 2049, 2049]",194.0,14_9908
1268,9908,14,16,2025-09-06T14:53:23.681000+00:00,26.544,26.68,26.598,322.0,338.0,False,79.822,"[2049, 2049, 2049, 2049, 2049, 2049]","[2049, 2049, 2049, 2049, 2049, 2049, 2049]","[2049, 2049, 2049, 2049, 2049, 2049, 2049, 2048, 2048]",345.0,14_9908
1268,9908,14,17,2025-09-06T14:54:43.623000+00:00,31.74,32.726,38.181,225.0,231.0,False,102.647,"[2048, 2048, 2048, 2048, 2048, 2048]","[2048, 2048, 2048, 2048, 2048, 2048, 2048]","[2048, 2048, 2048, 2048, 2048, 2048, 2048, 2064, 2064]",199.0,14_9908
1268,9908,14,18,2025-09-06T14:59:24.565000+00:00,,31.133,29.359,295.0,318.0,True,270.5,"[None, 2064, 2048, 2048, 2048, 2048]","[2048, 2048, 2048, 2048, 2048, 2048, 2048]","[2048, 2048, 2048, 2048, 2048, 2049, 2049, 2049, 2049]",245.0,14_9908
1268,9908,14,19,2025-09-06T15:00:56.758000+00:00,26.469,26.592,26.363,324.0,341.0,False,79.424,"[2049, 2049, 2048, 2049, 2049, 2049]","[2049, 2049, 2049, 2049, 2048, 2049, 2049]","[2049, 2049, 2049, 2049, 2049, 2048, 2048, 2048, 2048]",348.0,14_9908
1268,9908,14,20,2025-09-06T15:02:16.054000+00:00,35.374,35.091,,211.0,234.0,False,,"[2048, 2048, 2048, 2048, 2048, 2048]","[2048, 2048, 2048, 2048, 2048, 2048, 2048]",[2048],160.0,14_9908
1268,9908,16,1,2025-09-06T14:01:12.389000+00:00,,32.497,29.343,248.0,313.0,True,,"[2064, 2064, 2049, 2049, 2049, 2049]","[2049, 2049, 2049, 2049, 2049, 2049, 2049]","[2049, 2049, 2049, 2049, 2049, 2049, 2049, 2049, 2049]",204.0,16_9908
1268,9908,16,2,2025-09-06T14:03:03.778000+00:00,26.461,26.868,26.472,325.0,338.0,False,79.801,"[2049, 2049, 2049, 2049, 2049, 2049]","[2049, 2049, 2049, 2049, 2049, 2049, 2049]","[2049, 2049, 2049, 2049, 2049, 2051, 2051, 2051, 2048]",346.0,16_9908
1268,9908,16,3,2025-09-06T14:04:23.609000+00:00,36.017,37.171,41.959,235.0,259.0,False,115.147,"[2048, 2048, 2048, 2048, 2048, 2048]","[2048, 2048, 2048, 2048, 2048, 2048, 2048]","[2048, 2048, 2048, 2048, 2048, 2048, 2048, 2064, 2064]",206.0,16_9908
1268,9908,16,4,2025-09-06T14:06:40.306000+00:00,59.753,35.977,32.538,249.0,248.0,True,128.268,"[None, 2064, 2048, 2048, 2048, 2048]","[2048, 2048, 2048, 2048, 2048, 2048, 2048]","[2048, 2048, 2048, 2048, 2048, 2048, 2048, 2048, 2048]",150.0,16_9908
1268,9908,16,5,2025-09-06T14:08:27.060000+00:00,26.47,26.736,26.483,326.0,339.0,False,79.689,"[2048, 2049, 2048, 2049, 2048, 2049]","[2049, 2049, 2051, 2049, 2048, 2049, 2049]","[2049, 2048, 2048, 2051, 2049, 2048, 2048, 2048]",346.0,16_9908
1268,9908,16,6,2025-09-06T14:09:46.606000+00:00,30.945,34.221,39.293,288.0,284.0,False,104.459,"[None, 2048, 2048, 2048, 2048, 2048]","[2048, 2048, 2048, 2048, 2048, 2048, 2048]","[2048, 2048, 2048, 2048, 2048, 2048, 2048, 2064, 2064]",264.0,16_9908
1268,9908,16,7,2025-09-06T14:15:00.282000+00:00,,34.201,28.325,248.0,321.0,True,317.26,"[None, 2064, 2048, 2048, 2048, 2048]","[2048, 2048, 2048, 2048, 2048, 2048, 2048]","[2048, 2048, 2048, 2048, 2048, 2048, 2048, 2048, 2049]",62.0,16_9908
1268,9908,16,8,2025-09-06T14:16:48.475000+00:00,26.426,26.975,37.765,328.0,343.0,False,91.166,"[2049, 2049, 2049, 2048, 2048, 2049]","[2049, 2048, 2048, 2048, 2049, 2049, 2049]","[2048, 2048, 2048, 2048, 2048, 2048, 2048, 2064, 2064]",348.0,16_9908
1268,9908,16,9,2025-09-06T14:30:04.428000+00:00,,32.547,29.338,249.0,306.0,True,806.465,"[None, 2064, 2049, 2049, 2049, 2049]","[2049, 2049, 2049, 2049, 2049, 2049, 2049]","[2049, 2049, 2049, 2049, 2049, 2049, 2049, 2049, 2051]",183.0,16_9908
1268,9908,16,10,2025-09-06T14:31:46.069000+00:00,26.369,26.745,26.245,328.0,342.0,False,79.359,"[2049, 2049, 2049, 2049, 2049, 2049]","[2049, 2049, 2049, 2049, 2049, 2049, 2049]","[2049, 2049, 2049, 2049, 2049, 2051, 2051, 2051, 2049]",350.0,16_9908
1268,9908,16,11,2025-09-06T14:33:05.364000+00:00,31.205,34.267,39.697,260.0,244.0,False,105.169,"[2048, 2048, 2048, 2048, 2048, 2048]","[2048, 2048, 2048, 2048, 2048, 2048, 2048]","[2048, 2048, 2048, 2048, 2048, 2048, 2048, 2064, 2064]",248.0,16_9908
1268,9908,16,12,2025-09-06T14:37:56.393000+00:00,,31.649,33.385,248.0,317.0,True,308.409,"[2064, 2064, 2048, 2048, 2048, 2048]","[2048, 2048, 2048, 2048, 2048, 2048, 2048]","[2048, 2048, 2048, 2048, 2048, 2048, 2048, 2048, 2048]",228.0,16_9908
1268,9908,16,13,2025-09-06T14:39:59.044000+00:00,26.432,26.636,26.242,327.0,340.0,False,79.31,"[2048, 2048, 2049, 2048, 2048, 2048]","[2049, 2049, 2049, 2049, 2049, 2049, 2048]","[2049, 2048, 2048, 2048, 2049, 2049, 2048, 2048, 2048]",349.0,16_9908
1268,9908,16,14,2025-09-06T14:41:18.226000+00:00,31.755,40.138,41.337,238.0,189.0,False,113.23,"[None, 2048, 2048, 2048, 2048, 2048]","[2048, 2048, 2048, 2048, 2048, 2048, 2048]","[2048, 2048, 2048, 2048, 2048, 2048, 2048, 2064, 2064]",242.0,16_9908
1268,9908,16,15,2025-09-06T14:51:29.840000+00:00,,31.771,28.383,248.0,315.0,True,606.624,"[2064, 2064, 2049, 2049, 2049, 2049]","[2049, 2049, 2049, 2049, 2049, 2049, 2049]","[2051, 2049, 2049, 2049, 2049, 2049, 2049, 2049, 2051]",131.0,16_9908
1268,9908,16,16,2025-09-06T14:53:18.077000+00:00,26.265,26.582,26.16,328.0,340.0,False,79.007,"[2049, 2049, 2049, 2049, 2051, 2049]","[2049, 2049, 2049, 2049, 2049, 2049, 2049]","[2049, 2049, 2049, 2051, 2049, 2049, 2051, 2051, 2051]",349.0,16_9908
1268,9908,16,17,2025-09-06T14:54:37.276000+00:00,32.194,35.711,39.986,224.0,234.0,False,107.891,"[2048, 2048, 2048, 2048, 2048, 2048]","[2048, 2048, 2048, 2048, 2048, 2048, 2048]","[2048, 2048, 2048, 2048, 2048, 2048, 2048, 2064, 2064]",234.0,16_9908
1268,9908,16,18,2025-09-06T14:58:49.821000+00:00,,33.827,29.439,249.0,309.0,True,241.288,"[None, 2064, 2048, 2048, 2048, 2048]","[2048, 2048, 2048, 2048, 2048, 2048, 2048]","[2048, 2048, 2048, 2048, 2048, 2048, 2048, 2048, 2048]",169.0,16_9908
1268,9908,16,19,2025-09-06T15:00:26.432000+00:00,26.36,26.597,26.265,328.0,340.0,False,79.222,"[2049, 2049, 2048, 2048, 2048, 2048]","[2049, 2048, 2048, 2048, 2048, 2049, 2049]","[2049, 2048, 2048, 2049, 2049, 2048, 2048, 2048, 2048]",349.0,16_9908
1268,9908,16,20,2025-09-06T15:01:45.620000+00:00,36.283,37.02,,192.0,219.0,False,,"[2048, 2048, 2048, 2048, 2048, 2048]","[2048, 2048, 2048, 2048, 2048, 2048, 2048]",[2048],192.0,16_9908
1268,9908,18,1,2025-09-06T14:00:26.414000+00:00,,32.375,31.926,298.0,315.0,True,,"[2064, 2064, 2049, 2049, 2049, 2049]","[2049, 2049, 2049, 2049, 2049, 2049, 2049]","[2051, 2051, 2049, 2049, 2049, 2049, 2049, 2049, 2049]",213.0,18_9908
1268,9908,18,2,2025-09-06T14:02:02.727000+00:00,26.712,27.306,26.858,323.0,339.0,False,80.876,"[2049, 2049, 2049, 2049, 2049, 2049]","[2049, 2049, 2049, 2049, 2049, 2049, 2049]","[2049, 2049, 2049, 2049, 2049, 2049, 2049, 2049]",345.0,18_9908
1268,9908,18,3,2025-09-06T14:03:23.545000+00:00,31.285,32.086,37.951,246.0,259.0,False,101.322,"[2048, 2048, 2048, 2048, 2048, 2048]","[2048, 2048, 2048, 2048, 2048, 2048, 2048]","[2048, 2048, 2048, 2048, 2048, 2048, 2048, 2064, 2064]",257.0,18_9908
1268,9908,18,4,2025-09-06T14:06:43.835000+00:00,,36.785,33.436,241.0,309.0,True,205.809,"[None, 2064, 2048, 2048, 2048, 2048]","[2048, 2048, 2048, 2048, 2048, 2048, 2048]","[2048, 2048, 2048, 2048, 2048, 2048, 2048, 2048, 2048]",198.0,18_9908
1268,9908,18,5,2025-09-06T14:08:30.750000+00:00,26.531,26.849,26.636,323.0,338.0,False,80.016,"[2049, 2049, 2049, 2049, 2049, 2049]","[2049, 2049, 2049, 2049, 2049, 2049, 2049]","[2048, 2049, 2049, 2049, 2049, 2049, 2049, 2049, 2048]",346.0,18_9908
1268,9908,18,6,2025-09-06T14:09:50.694000+00:00,31.544,34.79,37.175,252.0,287.0,False,103.509,"[2048, 2048, 2048, 2048, 2048, 2048]","[2048, 2048, 2048, 2048, 2048, 2048, 2048]","[2048, 2048, 2048, 2048, 2048, 2048, 2048, 2064, 2064]",240.0,18_9908
1268,9908,18,7,2025-09-06T14:14:52.762000+00:00,,30.792,28.226,305.0,320.0,True,304.794,"[None, 2064, 2048, 2048, 2048, 2048]","[2048, 2048, 2048, 2048, 2048, 2048, 2048]","[2048, 2048, 2048, 2048, 2048, 2048, 2049, 2049, 2049]",154.0,18_9908
1268,9908,18,8,2025-09-06T14:16:39.105000+00:00,26.502,26.903,26.543,323.0,339.0,False,79.948,"[2049, 2049, 2049, 2048, 2048, 2049]","[2049, 2048, 2048, 2048, 2048, 2049, 2049]","[2049, 2049, 2049, 2049, 2048, 2049, 2048, 2049]",346.0,18_9908
1268,9908,18,9,2025-09-06T14:17:58.934000+00:00,34.427,32.657,42.373,234.0,282.0,False,109.457,"[2048, 2048, 2048, 2048, 2048, 2048]","[2048, 2048, 2048, 2048, 2048, 2048, 2048]","[2048, 2048, 2048, 2048, 2048, 2048, 2048, 2064, 2064]",156.0,18_9908
1268,9908,22,1,2025-09-06T14:03:12.041000+00:00,,34.786,29.412,237.0,302.0,True,,"[2064, 2064, 2049, 2049, 2049, 2049]","[2049, 2049, 2049, 2049, 2049, 2049, 2049]","[2049, 2049, 2049, 2049, 2049, 2049, 2049, 2049]",173.0,22_9908
1268,9908,22,2,2025-09-06T14:04:54.575000+00:00,26.695,26.755,26.589,323.0,339.0,False,80.039,"[2049, 2049, 2049, 2049, 2049, 2049]","[2051, 2049, 2049, 2049, 2049, 2049, 2049]","[2049, 2049, 2049, 2049, 2049, 2048, 2049, 2048, 2049]",344.0,22_9908
1268,9908,22,3,2025-09-06T14:06:14.599000+00:00,33.247,37.215,42.727,244.0,253.0,False,113.189,"[2048, 2048, 2048, 2048, 2048, 2048]","[2048, 2048, 2048, 2048, 2048, 2048, 2048]","[2048, 2048, 2048, 2048, 2048, 2048, 2048, 2064, 2064]",245.0,22_9908
1268,9908,22,4,2025-09-06T14:13:42.339000+00:00,,33.401,29.574,260.0,299.0,True,435.464,"[None, 2064, 2048, 2048, 2048, 2048]","[2048, 2048, 2048, 2048, 2048, 2048, 2048]","[2048, 2048, 2048, 2048, 2048, 2049, 2049, 2049, 2049]",186.0,22_9908
1268,9908,22,5,2025-09-06T14:15:23.299000+00:00,26.516,26.766,26.337,323.0,341.0,False,79.619,"[2049, 2049, 2049, 2049, 2048, 2048]","[2048, 2048, 2048, 2049, 2048, 2049, 2049]","[2051, 2051, 2049, 2049, 2048, 2048, 2049, 2048, 2048]",346.0,22_9908
1268,9908,22,6,2025-09-06T14:16:43.030000+00:00,44.267,34.101,35.824,154.0,304.0,False,114.192,"[2048, 2048, 2048, 2048, 2048, 2048]","[2048, 2048, 2048, 2048, 2048, 2048, 2048]","[2048, 2048, 2048, 2048, 2048, 2048, 2048, 2064, 2064]",121.0,22_9908
1268,9908,22,7,2025-09-06T14:29:54.628000+00:00,,33.425,29.368,269.0,295.0,True,778.844,"[2064, 2064, 2049, 2049, 2049, 2049]","[2049, 2049, 2049, 2049, 2049, 2049, 2049]","[2049, 2049, 2049, 2049, 2049, 2051, 2049, 2049, 2049]",190.0,22_9908
1268,9908,22,8,2025-09-06T14:31:35.957000+00:00,26.42,26.672,26.341,322.0,340.0,False,79.433,"[2049, 2049, 2049, 2049, 2049, 2049]","[2049, 2049, 2049, 2049, 2049, 2049, 2049]","[2051, 2049, 2049, 2049, 2049, 2049, 2049, 2048]",348.0,22_9908
1268,9908,22,9,2025-09-06T14:32:55.355000+00:00,31.932,33.485,40.008,285.0,280.0,False,105.425,"[2048, 2048, 2048, 2048, 2048, 2048]","[2048, 2048, 2048, 2048, 2048, 2048, 2048]","[2048, 2048, 2048, 2048, 2048, 2048, 2048, 2064, 2064]",228.0,22_9908
1268,9908,22,10,2025-09-06T14:37:39.508000+00:00,,34.975,32.116,251.0,272.0,True,288.902,"[None, 2064, 2048, 2048, 2048, 2048]","[2048, 2048, 2048, 2048, 2048, 2048, 2048]","[2048, 2048, 2048, 2048, 2048, 2049, 2048, 2048, 2048]",105.0,22_9908
1268,9908,22,11,2025-09-06T14:39:29.794000+00:00,26.472,26.694,26.362,323.0,341.0,False,79.528,"[2048, 2048, 2048, 2049, 2048, 2048]","[2049, 2048, 2048, 2048, 2049, 2049, 2049]","[2048, 2049, 2049, 2048, 2048, 2048, 2048, 2048, 2048]",348.0,22_9908
1268,9908,22,12,2025-09-06T14:40:49.357000+00:00,33.412,36.049,40.46,233.0,302.0,False,109.921,"[None, 2048, 2048, 2048, 2048, 2048]","[2048, 2048, 2048, 2048, 2048, 2048, 2048]","[2048, 2048, 2048, 2048, 2048, 2048, 2048, 2064, 2064]",194.0,22_9908
1268,9908,22,13,2025-09-06T14:51:55.797000+00:00,,33.28,29.051,246.0,299.0,True,663.398,"[None, 2064, 2049, 2049, 2049, 2049]","[2049, 2049, 2049, 2049, 2049, 2049, 2049]","[2049, 2049, 2049, 2049, 2049, 2049, 2049, 2049, 2049]",196.0,22_9908
1268,9908,22,14,2025-09-06T14:53:42.648000+00:00,26.435,26.889,26.404,322.0,338.0,False,79.728,"[2049, 2049, 2049, 2051, 2049, 2049]","[2049, 2049, 2049, 2049, 2049, 2049, 2049]","[2049, 2049, 2049, 2049, 2049, 2048, 2048, 2049, 2048]",347.0,22_9908
1268,9908,22,15,2025-09-06T14:55:02.387000+00:00,29.357,32.281,38.747,291.0,293.0,False,100.385,"[2048, 2048, 2048, 2048, 2048, 2048]","[2048, 2048, 2048, 2048, 2048, 2048, 2048]","[2048, 2048, 2048, 2048, 2048, 2048, 2048, 2064, 2064]",312.0,22_9908
1268,9908,22,16,2025-09-06T14:58:43.940000+00:00,,32.474,29.285,267.0,294.0,True,218.801,"[None, 2064, 2048, 2048, 2048, 2048]","[2048, 2048, 2048, 2048, 2048, 2048, 2048]","[2048, 2048, 2048, 2048, 2048, 2049, 2049, 2049, 2048]",190.0,22_9908
1268,9908,22,17,2025-09-06T15:00:21.598000+00:00,26.516,26.645,26.358,322.0,337.0,False,79.519,"[2048, 2048, 2048, 2048, 2048, 2048]","[2048, 2049, 2049, 2049, 2049, 2049, 2048]","[2049, 2049, 2049, 2048, 2048, 2048, 2048, 2048, 2048]",345.0,22_9908
1268,9908,22,18,2025-09-06T15:01:41.049000+00:00,32.795,35.689,,250.0,241.0,False,,"[None, 2048, 2048, 2048, 2048, 2048]","[2048, 2048, 2048, 2048, 2048, 2048, 2048]",[2048],232.0,22_9908
1268,9908,23,1,2025-09-06T14:04:36.827000+00:00,,38.219,29.977,240.0,314.0,True,,"[2064, 2064, 2049, 2049, 2049, 2049]","[2049, 2049, 2049, 2049, 2049, 2049, 2049]","[2049, 2049, 2049, 2049, 2049, 2049, 2049, 2049, 2049]",198.0,23_9908
1268,9908,23,2,2025-09-06T14:06:27.717000+00:00,32.26,36.44,34.318,248.0,212.0,False,103.018,"[2049, 2049, 2051, 2049, 2048, 2048]","[2049, 2049, 2049, 2048, 2048, 2048, 2048]","[2048, 2049, 2049, 2048, 2048, 2049, 2049, 2049, 2049]",343.0,23_9908
1268,9908,23,3,2025-09-06T14:08:10.643000+00:00,26.592,26.927,26.553,323.0,339.0,False,80.072,"[None, 2049, 2048, 2049, 2049, 2049]","[2049, 2049, 2049, 2049, 2049, 2049, 2049]","[2049, 2051, 2049, 2049, 2049, 2049, 2049, 2049]",345.0,23_9908
1268,9908,23,4,2025-09-06T14:09:30.732000+00:00,34.592,33.161,37.708,265.0,302.0,False,105.461,"[2048, 2048, 2048, 2048, 2048, 2048]","[2048, 2048, 2048, 2048, 2048, 2048, 2048]","[2048, 2048, 2048, 2048, 2048, 2048, 2048, 2064, 2064]",199.0,23_9908
1268,9908,23,5,2025-09-06T14:14:48.955000+00:00,,32.702,28.587,313.0,321.0,True,319.581,"[None, 2064, 2048, 2048, 2048, 2048]","[2048, 2048, 2048, 2048, 2048, 2048, 2048]","[2048, 2048, 2048, 2048, 2048, 2048, 2048, 2049, 2049]",157.0,23_9908
1268,9908,23,6,2025-09-06T14:16:35.822000+00:00,26.466,26.862,26.509,324.0,338.0,False,79.837,"[2049, 2048, 2048, 2048, 2048, 2048]","[2049, 2049, 2048, 2049, 2048, 2048, 2048]","[2048, 2048, 2049, 2048, 2049, 2048, 2048, 2049, 2048]",345.0,23_9908
1268,9908,23,7,2025-09-06T14:17:55.665000+00:00,36.082,30.902,36.276,276.0,318.0,False,103.26,"[2048, 2048, 2048, 2048, 2048, 2048]","[2048, 2048, 2048, 2048, 2048, 2048, 2048]","[2048, 2048, 2048, 2048, 2048, 2048, 2048, 2064, 2064]",176.0,23_9908
1268,9908,23,8,2025-09-06T14:27:08.073000+00:00,,30.107,28.391,310.0,313.0,True,553.3,"[2064, 2064, 2051, 2051, 2051, 2051]","[2051, 2051, 2051, 2049, 2051, 2051, 2051]","[2049, 2051, 2051, 2051, 2051, 2049, 2051, 2049, 2051]",145.0,23_9908
1268,9908,23,9,2025-09-06T14:28:52.291000+00:00,26.513,26.755,28.152,323.0,338.0,False,81.42,"[2051, 2051, 2049, 2051, 2051, 2051]","[2051, 2051, 2051, 2049, 2049, 2051, 2051]","[2051, 2048, 2049, 2049, 2049, 2048, 2048, 2048, 2051]",345.0,23_9908
1268,9908,23,10,2025-09-06T14:30:13.623000+00:00,29.801,30.574,33.565,296.0,311.0,False,93.94,"[2048, 2048, 2048, 2048, 2048, 2048]","[2048, 2048, 2048, 2048, 2048, 2048, 2048]","[2048, 2048, 2048, 2048, 2048, 2048, 2048, 2064, 2064]",314.0,23_9908
1268,9908,23,11,2025-09-06T14:32:09.116000+00:00,52.431,30.178,34.149,313.0,317.0,True,116.758,"[None, 2064, 2048, 2048, 2048, 2048]","[2048, 2048, 2048, 2048, 2048, 2048, 2048]","[2048, 2048, 2048, 2048, 2048, 2049, 2049, 2049, 2049]",252.0,23_9908
1268,9908,23,12,2025-09-06T14:33:44.331000+00:00,26.917,26.753,26.437,322.0,337.0,False,80.107,"[2049, 2048, 2049, 2048, 2048, 2048]","[2048, 2048, 2048, 2049, 2049, 2049, 2049]","[2048, 2049, 2049, 2049, 2049, 2048, 2048, 2049, 2048]",345.0,23_9908
1268,9908,23,13,2025-09-06T14:35:04.486000+00:00,29.312,30.271,34.184,290.0,304.0,False,93.767,"[2048, 2048, 2048, 2048, 2048, 2048]","[2048, 2048, 2048, 2048, 2048, 2048, 2048]","[2048, 2048, 2048, 2048, 2048, 2048, 2048, 2064, 2064]",306.0,23_9908
1268,9908,23,14,2025-09-06T14:39:31.446000+00:00,,31.984,31.455,315.0,297.0,True,271.0,"[None, 2064, 2048, 2048, 2048, 2048]","[2048, 2048, 2048, 2048, 2048, 2048, 2048]","[2048, 2048, 2048, 2048, 2048, 2048, 2049, 2048, 2049]",166.0,23_9908
1268,9908,23,15,2025-09-06T14:41:09.315000+00:00,26.442,26.643,26.498,323.0,340.0,False,79.583,"[2048, 2048, 2048, 2048, 2049, 2049]","[2048, 2048, 2049, 2049, 2048, 2048, 2049]","[2048, 2048, 2048, 2048, 2048, 2049, 2048, 2048]",345.0,23_9908
1268,9908,23,16,2025-09-06T14:42:28.700000+00:00,40.189,32.63,39.649,279.0,272.0,False,112.468,"[None, 2048, 2048, 2048, 2048, 2048]","[2048, 2048, 2048, 2048, 2048, 2048, 2048]","[2048, 2048, 2048, 2048, 2048, 2048, 2048, 2064, 2064]",170.0,23_9908
1268,9908,27,1,2025-09-06T14:00:48.375000+00:00,,34.174,29.775,266.0,302.0,True,,"[2064, 2064, 2049, 2049, 2049, 2049]","[2049, 2049, 2049, 2049, 2049, 2049, 2049]","[2049, 2049, 2049, 2051, 2051, 2051, 2051, 2051, 2051]",201.0,27_9908
1268,9908,27,2,2025-09-06T14:02:27.714000+00:00,26.448,26.963,26.539,326.0,343.0,False,79.95,"[2051, 2051, 2049, 2049, 2049, 2049]","[2049, 2049, 2049, 2049, 2049, 2051, 2051]","[2049, 2049, 2051, 2051, 2049, 2051, 2051, 2051]",350.0,27_9908
1268,9908,27,3,2025-09-06T14:03:47.550000+00:00,33.123,32.773,35.906,258.0,290.0,False,101.802,"[2048, 2048, 2048, 2048, 2048, 2048]","[2048, 2048, 2048, 2048, 2048, 2048, 2048]","[2048, 2048, 2048, 2048, 2048, 2048, 2048, 2064, 2064]",243.0,27_9908
1268,9908,27,4,2025-09-06T14:07:15.697000+00:00,,38.404,34.669,223.0,237.0,True,223.307,"[None, 2064, 2048, 2048, 2048, 2048]","[2048, 2048, 2048, 2048, 2048, 2048, 2048]","[2048, 2048, 2048, 2048, 2048, 2048, 2048, 2048, 2048]",137.0,27_9908
1268,9908,27,5,2025-09-06T14:09:12.815000+00:00,26.309,27.056,26.44,328.0,343.0,False,79.805,"[2048, 2049, 2049, 2049, 2051, 2051]","[2049, 2048, 2049, 2048, 2048, 2048, 2048]","[2049, 2048, 2048, 2049, 2049, 2048, 2048, 2049, 2049]",351.0,27_9908
1268,9908,27,6,2025-09-06T14:10:32.576000+00:00,28.675,29.725,34.615,303.0,313.0,False,93.015,"[None, 2048, 2048, 2048, 2048, 2048]","[2048, 2048, 2048, 2048, 2048, 2048, 2048]","[2048, 2048, 2048, 2048, 2048, 2048, 2048, 2064, 2064]",301.0,27_9908
1268,9908,27,7,2025-09-06T14:15:18.984000+00:00,,32.751,30.363,290.0,292.0,True,295.648,"[None, 2064, 2048, 2048, 2048, 2048]","[2048, 2048, 2048, 2048, 2048, 2048, 2048]","[2048, 2048, 2048, 2048, 2048, 2048, 2048, 2051, 2051]",168.0,27_9908
1268,9908,27,8,2025-09-06T14:17:01.345000+00:00,26.181,27.155,26.441,330.0,345.0,False,79.777,"[2049, 2049, 2048, 2049, 2051, 2051]","[2048, 2049, 2049, 2048, 2048, 2048, 2049]","[2049, 2049, 2048, 2049, 2048, 2048, 2048, 2048, 2048]",355.0,27_9908
1268,9908,27,9,2025-09-06T14:18:21.008000+00:00,32.687,38.34,40.152,235.0,224.0,False,111.179,"[2048, 2048, 2048, 2048, 2048, 2048]","[2048, 2048, 2048, 2048, 2048, 2048, 2048]","[2048, 2048, 2048, 2048, 2048, 2048, 2048, 2064, 2064]",189.0,27_9908
1268,9908,27,10,2025-09-06T14:30:19.849000+00:00,,32.304,29.897,295.0,320.0,True,705.587,"[None, 2064, 2049, 2049, 2049, 2049]","[2049, 2049, 2049, 2049, 2049, 2049, 2049]","[2049, 2049, 2049, 2049, 2049, 2049, 2051, 2051, 2051]",201.0,27_9908
1268,9908,27,11,2025-09-06T14:31:57.770000+00:00,26.608,26.877,27.742,330.0,346.0,False,81.227,"[2051, 2051, 2049, 2049, 2049, 2051]","[2049, 2049, 2049, 2049, 2049, 2049, 2051]","[2049, 2049, 2049, 2049, 2048, 2048, 2048, 2048, 2048]",355.0,27_9908
1268,9908,27,12,2025-09-06T14:33:18.903000+00:00,28.881,32.281,37.357,265.0,274.0,False,98.519,"[2048, 2048, 2048, 2049, 2048, 2048]","[2048, 2048, 2048, 2048, 2048, 2048, 2048]","[2048, 2048, 2048, 2048, 2048, 2048, 2048, 2064, 2064]",295.0,27_9908
1268,9908,27,13,2025-09-06T14:38:45.536000+00:00,,32.531,31.721,253.0,317.0,True,326.449,"[None, 2064, 2048, 2048, 2048, 2048]","[2048, 2048, 2048, 2048, 2048, 2048, 2048]","[2048, 2048, 2048, 2048, 2048, 2048, 2048, 2048, 2048]",212.0,27_9908
1268,9908,27,14,2025-09-06T14:40:24.007000+00:00,26.338,26.816,26.344,328.0,347.0,False,79.498,"[2048, 2048, 2048, 2049, 2049, 2048]","[2048, 2048, 2051, 2049, 2049, 2049, 2051]","[2049, 2049, 2049, 2049, 2049, 2049, 2049, 2048, 2048]",355.0,27_9908
1268,9908,27,15,2025-09-06T14:41:43.533000+00:00,36.499,35.343,40.924,223.0,228.0,False,112.766,"[None, 2048, 2048, 2048, 2048, 2048]","[2048, 2048, 2048, 2048, 2048, 2048, 2048]","[2048, 2048, 2048, 2048, 2048, 2048, 2048, 2064, 2064]",152.0,27_9908
1268,9908,30,1,2025-09-06T14:04:28.876000+00:00,,33.61,32.097,288.0,309.0,True,,"[2064, 2064, 2049, 2049, 2049, 2049]","[2049, 2049, 2049, 2049, 2049, 2049, 2049]","[2049, 2049, 2049, 2049, 2049, 2049, 2049, 2049, 2049]",180.0,30_9908
1268,9908,30,2,2025-09-06T14:06:11.433000+00:00,26.557,27.05,26.672,324.0,336.0,False,80.279,"[2049, 2049, 2049, 2049, 2049, 2049]","[2049, 2049, 2049, 2049, 2049, 2049, 2049]","[2049, 2049, 2049, 2049, 2049, 2049, 2049, 2049]",342.0,30_9908
1268,9908,30,3,2025-09-06T14:07:31.657000+00:00,34.947,33.656,36.882,269.0,287.0,False,105.485,"[2048, 2048, 2048, 2048, 2048, 2048]","[2048, 2048, 2048, 2048, 2048, 2048, 2048]","[2048, 2048, 2048, 2048, 2048, 2048, 2048, 2064, 2064]",200.0,30_9908
1268,9908,30,4,2025-09-06T14:14:08.425000+00:00,,33.104,31.017,286.0,319.0,True,391.743,"[None, 2064, 2048, 2048, 2048, 2048]","[2048, 2048, 2048, 2048, 2048, 2048, 2048]","[2048, 2048, 2048, 2048, 2048, 2048, 2048, 2048, 2049]",213.0,30_9908
1268,9908,30,5,2025-09-06T14:15:49.094000+00:00,26.425,32.5,43.893,326.0,211.0,False,102.818,"[2049, 2049, 2048, 2049, 2049, 2049]","[2049, 2048, 2049, 2048, 2048, 2048, 2048]","[2048, 2048, 2048, 2048, 2048, 2048, 2048, 2064, 2064]",344.0,30_9908
1268,9908,31,1,2025-09-06T14:00:10.426000+00:00,,34.509,33.987,297.0,304.0,True,,"[2064, 2064, 2049, 2049, 2049, 2049]","[2049, 2049, 2049, 2049, 2049, 2049, 2049]","[2049, 2049, 2049, 2049, 2049, 2051, 2051, 2051, 2051]",225.0,31_9908
1268,9908,31,2,2025-09-06T14:01:54.775000+00:00,26.923,27.237,26.895,321.0,335.0,False,81.055,"[2049, 2049, 2049, 2049, 2049, 2049]","[2049, 2049, 2049, 2049, 2049, 2049, 2049]","[2049, 2049, 2051, 2049, 2049, 2049, 2049, 2049, 2049]",339.0,31_9908
1268,9908,31,3,2025-09-06T14:03:15.811000+00:00,28.817,31.229,35.216,298.0,309.0,False,95.262,"[2048, 2048, 2048, 2048, 2048, 2048]","[2048, 2048, 2048, 2048, 2048, 2048, 2048]","[2048, 2048, 2048, 2048, 2048, 2048, 2048, 2064, 2064]",304.0,31_9908
1268,9908,31,4,2025-09-06T14:06:34.017000+00:00,,32.036,36.788,301.0,212.0,True,202.894,"[None, 2064, 2048, 2048, 2048, 2048]","[2048, 2048, 2048, 2048, 2048, 2048, 2048]","[2048, 2048, 2048, 2048, 2048, 2048, 2048, 2048, 2048]",219.0,31_9908
1268,9908,31,5,2025-09-06T14:08:13.969000+00:00,26.555,27.01,26.659,325.0,339.0,False,80.224,"[2049, 2049, 2049, 2049, 2049, 2049]","[2048, 2049, 2049, 2049, 2049, 2049, 2049]","[2049, 2049, 2049, 2049, 2049, 2049, 2049, 2049]",346.0,31_9908
1268,9908,31,6,2025-09-06T14:09:34.072000+00:00,32.21,33.406,38.594,249.0,281.0,False,104.21,"[2048, 2048, 2048, 2048, 2048, 2048]","[2048, 2048, 2048, 2048, 2048, 2048, 2048]","[2048, 2048, 2048, 2048, 2048, 2048, 2048, 2064, 2064]",230.0,31_9908
1268,9908,31,7,2025-09-06T14:13:29.839000+00:00,,31.872,29.618,297.0,309.0,True,226.685,"[None, 2064, 2048, 2048, 2048, 2048]","[2048, 2048, 2048, 2048, 2048, 2048, 2048]","[2048, 2048, 2048, 2048, 2048, 2048, 2048, 2048, 2048]",187.0,31_9908
1268,9908,31,8,2025-09-06T14:15:05.172000+00:00,26.537,26.819,26.46,324.0,339.0,False,79.816,"[2048, 2048, 2049, 2049, 2048, 2048]","[2049, 2049, 2049, 2049, 2049, 2048, 2048]","[2049, 2049, 2049, 2048, 2049, 2049, 2049, 2049, 2049]",340.0,31_9908
1268,9908,31,9,2025-09-06T14:16:24.961000+00:00,33.881,37.419,45.847,264.0,248.0,False,117.147,"[None, 2048, 2048, 2048, 2048, 2048]","[2048, 2048, 2048, 2048, 2048, 2048, 2048]","[2048, 2048, 2048, 2048, 2048, 2048, 2048, 2064, 2064]",260.0,31_9908
1268,9908,31,10,2025-09-06T14:29:27.320000+00:00,,33.585,29.876,297.0,312.0,True,762.406,"[None, 2064, 2049, 2049, 2049, 2049]","[2049, 2049, 2049, 2049, 2049, 2049, 2049]","[2049, 2049, 2049, 2049, 2049, 2049, 2049, 2049, 2049]",170.0,31_9908
1268,9908,31,11,2025-09-06T14:31:04.408000+00:00,26.432,26.962,26.61,324.0,339.0,False,80.004,"[2049, 2049, 2049, 2051, 2049, 2049]","[2049, 2049, 2049, 2049, 2049, 2049, 2049]","[2049, 2049, 2049, 2049, 2049, 2049, 2049, 2049]",346.0,31_9908
1268,9908,31,12,2025-09-06T14:32:24.461000+00:00,33.611,31.135,36.845,289.0,310.0,False,101.591,"[2048, 2048, 2048, 2048, 2048, 2048]","[2048, 2048, 2048, 2048, 2048, 2048, 2048]","[2048, 2048, 2048, 2048, 2048, 2048, 2048, 2064, 2064]",215.0,31_9908
1268,9908,31,13,2025-09-06T14:37:41.745000+00:00,,34.567,33.618,299.0,309.0,True,327.727,"[None, 2064, 2048, 2048, 2048, 2048]","[2048, 2048, 2048, 2048, 2048, 2048, 2048]","[2048, 2048, 2048, 2048, 2048, 2048, 2048, 2048, 2048]",126.0,31_9908
1268,9908,31,14,2025-09-06T14:39:33.772000+00:00,26.542,26.729,26.436,324.0,339.0,False,79.707,"[2049, 2049, 2049, 2048, 2048, 2049]","[2049, 2049, 2048, 2049, 2049, 2049, 2049]","[2048, 2049, 2048, 2048, 2049, 2049, 2049, 2049, 2049]",348.0,31_9908
1268,9908,31,15,2025-09-06T14:40:53.529000+00:00,31.578,37.857,39.231,266.0,239.0,False,108.666,"[2048, 2048, 2048, 2048, 2048, 2048]","[2048, 2048, 2048, 2048, 2048, 2048, 2048]","[2048, 2048, 2048, 2048, 2048, 2048, 2048, 2064, 2064]",229.0,31_9908
1268,9908,43,1,2025-09-06T14:00:46.471000+00:00,,32.653,29.481,299.0,315.0,True,,"[2064, 2064, 2049, 2049, 2049, 2049]","[2049, 2049, 2049, 2049, 2049, 2049, 2049]","[2049, 2049, 2049, 2049, 2049, 2049, 2051, 2049, 2049]",245.0,43_9908
1268,9908,43,2,2025-09-06T14:02:22.817000+00:00,26.696,27.139,26.835,322.0,337.0,False,80.67,"[2049, 2049, 2049, 2049, 2049, 2049]","[2049, 2049, 2049, 2049, 2049, 2049, 2049]","[2049, 2049, 2049, 2049, 2049, 2049, 2049, 2049, 2048]",343.0,43_9908
1268,9908,43,3,2025-09-06T14:03:43.590000+00:00,33.477,32.169,35.858,270.0,306.0,False,101.504,"[2048, 2048, 2048, 2048, 2048, 2048]","[2048, 2048, 2048, 2048, 2048, 2048, 2048]","[2048, 2048, 2048, 2048, 2048, 2048, 2048, 2064, 2064]",283.0,43_9908
1268,9908,43,4,2025-09-06T14:06:00.235000+00:00,87.903,35.748,37.139,298.0,315.0,True,160.79,"[None, 2064, 2048, 2048, 2048, 2048]","[2048, 2048, 2048, 2048, 2048, 2048, 2048]","[2048, 2048, 2048, 2048, 2048, 2048, 2048, 2048, 2048]",132.0,43_9908
1268,9908,43,5,2025-09-06T14:08:05.885000+00:00,26.763,26.936,26.482,322.0,337.0,False,80.181,"[2048, 2049, 2048, 2048, 2048, 2048]","[2049, 2049, 2049, 2049, 2049, 2049, 2048]","[2049, 2049, 2049, 2049, 2051, 2049, 2049, 2049]",342.0,43_9908
1268,9908,43,6,2025-09-06T14:09:25.942000+00:00,37.425,34.744,37.007,246.0,298.0,False,109.176,"[None, 2048, 2048, 2048, 2048, 2048]","[2048, 2048, 2048, 2048, 2048, 2048, 2048]","[2048, 2048, 2048, 2048, 2048, 2048, 2048, 2064, 2064]",204.0,43_9908
1268,9908,43,7,2025-09-06T14:14:46.660000+00:00,,32.159,31.16,300.0,317.0,True,310.657,"[None, 2064, 2048, 2048, 2048, 2048]","[2048, 2048, 2048, 2048, 2048, 2048, 2048]","[2048, 2048, 2048, 2048, 2048, 2048, 2049, 2049, 2049]",241.0,43_9908
1268,9908,43,8,2025-09-06T14:16:25.894000+00:00,26.547,27.016,26.429,322.0,337.0,False,79.992,"[2049, 2049, 2048, 2049, 2049, 2048]","[2049, 2049, 2049, 2048, 2048, 2048, 2048]","[2049, 2049, 2049, 2049, 2048, 2048, 2048, 2049]",345.0,43_9908
1268,9908,43,9,2025-09-06T14:17:45.775000+00:00,39.278,33.38,37.816,229.0,300.0,False,110.474,"[2048, 2048, 2048, 2048, 2048, 2048]","[2048, 2048, 2048, 2048, 2048, 2048, 2048]","[2048, 2048, 2048, 2048, 2048, 2048, 2048, 2064, 2064]",165.0,43_9908
1268,9908,44,1,2025-09-06T14:01:27.892000+00:00,,32.15,28.501,248.0,312.0,True,,"[2064, 2064, 2049, 2049, 2049, 2049]","[2049, 2049, 2049, 2049, 2049, 2049, 2049]","[2049, 2049, 2049, 2049, 2049, 2049, 2049, 2049]",208.0,44_9908
1268,9908,44,2,2025-09-06T14:03:10.041000+00:00,26.363,26.969,26.574,325.0,340.0,False,79.906,"[2049, 2049, 2051, 2049, 2051, 2049]","[2051, 2049, 2051, 2049, 2049, 2049, 2049]","[2051, 2049, 2049, 2049, 2049, 2049, 2049, 2049, 2051]",348.0,44_9908
1268,9908,44,3,2025-09-06T14:04:29.980000+00:00,37.661,37.26,40.636,241.0,246.0,False,115.557,"[2048, 2048, 2048, 2048, 2048, 2048]","[2048, 2048, 2048, 2048, 2048, 2048, 2048]","[2048, 2048, 2048, 2048, 2048, 2048, 2048, 2064, 2064]",159.0,44_9908
1268,9908,44,4,2025-09-06T14:07:05.479000+00:00,79.641,33.205,30.811,247.0,308.0,True,143.657,"[2064, 2064, 2048, 2048, 2048, 2048]","[2048, 2048, 2048, 2048, 2048, 2048, 2048]","[2048, 2048, 2048, 2048, 2048, 2048, 2048, 2048, 2048]",145.0,44_9908
1268,9908,44,5,2025-09-06T14:08:49.365000+00:00,26.462,26.872,26.431,325.0,339.0,False,79.765,"[2048, 2049, 2049, 2048, 2048, 2048]","[2051, 2049, 2049, 2049, 2048, 2049, 2048]","[2048, 2049, 2049, 2051, 2049, 2049, 2049, 2049, 2049]",348.0,44_9908
1268,9908,44,6,2025-09-06T14:10:09.031000+00:00,34.28,34.988,37.21,228.0,249.0,False,106.478,"[None, 2048, 2048, 2048, 2048, 2048]","[2048, 2048, 2048, 2048, 2048, 2048, 2048]","[2048, 2048, 2048, 2048, 2048, 2048, 2048, 2064, 2064]",213.0,44_9908
1268,9908,44,7,2025-09-06T14:15:10.120000+00:00,,30.982,28.499,248.0,304.0,True,297.844,"[None, 2064, 2048, 2048, 2048, 2048]","[2048, 2048, 2048, 2048, 2048, 2048, 2048]","[2048, 2048, 2048, 2048, 2048, 2048, 2048, 2048, 2048]",126.0,44_9908
1268,9908,44,8,2025-09-06T14:16:53.413000+00:00,26.265,27.152,44.031,328.0,307.0,False,97.448,"[2049, 2049, 2048, 2049, 2048, 2049]","[2051, 2048, 2048, 2048, 2049, 2049, 2048]","[2048, 2048, 2048, 2048, 2048, 2048, 2048, 2064, 2064]",350.0,44_9908
1268,9908,44,9,2025-09-06T14:30:09.821000+00:00,,31.523,28.873,249.0,304.0,True,799.929,"[2064, 2064, 2049, 2049, 2049, 2049]","[2049, 2049, 2049, 2049, 2049, 2049, 2049]","[2049, 2049, 2049, 2049, 2049, 2049, 2049, 2051, 2051]",159.0,44_9908
1268,9908,44,10,2025-09-06T14:31:50.721000+00:00,26.247,26.769,26.465,328.0,343.0,False,79.481,"[2049, 2049, 2049, 2049, 2049, 2049]","[2049, 2049, 2051, 2049, 2049, 2049, 2049]","[2049, 2049, 2049, 2049, 2049, 2049, 2049, 2049, 2049]",352.0,44_9908
1268,9908,44,11,2025-09-06T14:33:10.213000+00:00,32.061,35.556,40.229,259.0,247.0,False,107.846,"[2048, 2048, 2048, 2048, 2048, 2048]","[2048, 2048, 2048, 2048, 2048, 2048, 2048]","[2048, 2048, 2048, 2048, 2048, 2048, 2048, 2064, 2064]",224.0,44_9908
1268,9908,44,12,2025-09-06T14:38:39.329000+00:00,,31.177,31.347,279.0,305.0,True,322.868,"[None, 2064, 2048, 2048, 2048, 2048]","[2048, 2048, 2048, 2048, 2048, 2048, 2048]","[2048, 2048, 2048, 2048, 2048, 2048, 2048, 2048, 2048]",213.0,44_9908
1268,9908,44,13,2025-09-06T14:40:20.958000+00:00,26.283,26.687,26.401,327.0,343.0,False,79.371,"[2048, 2048, 2048, 2049, 2051, 2049]","[2049, 2049, 2048, 2049, 2048, 2049, 2049]","[2049, 2049, 2049, 2048, 2048, 2049, 2049, 2049]",352.0,44_9908
1268,9908,44,14,2025-09-06T14:41:40.184000+00:00,38.501,35.936,40.223,260.0,223.0,False,114.66,"[None, 2048, 2048, 2048, 2048, 2048]","[2048, 2048, 2048, 2048, 2048, 2048, 2048]","[2048, 2048, 2048, 2048, 2048, 2048, 2048, 2064, 2064]",163.0,44_9908
1268,9908,44,15,2025-09-06T14:51:48.849000+00:00,,31.186,28.223,259.0,318.0,True,596.505,"[None, 2064, 2049, 2049, 2049, 2049]","[2049, 2049, 2049, 2049, 2049, 2051, 2051]","[2049, 2049, 2049, 2049, 2049, 2049, 2049, 2049, 2051]",236.0,44_9908
1268,9908,44,16,2025-09-06T14:53:31.379000+00:00,26.219,26.686,26.219,328.0,341.0,False,79.124,"[2049, 2049, 2051, 2049, 2049, 2049]","[2051, 2049, 2049, 2049, 2049, 2049, 2049]","[2051, 2049, 2051, 2051, 2049, 2049, 2049, 2049]",349.0,44_9908
1268,9908,44,17,2025-09-06T14:54:50.523000+00:00,34.595,35.687,38.302,253.0,245.0,False,108.584,"[2048, 2048, 2048, 2048, 2048, 2048]","[2048, 2048, 2048, 2048, 2048, 2048, 2048]","[2048, 2048, 2048, 2048, 2048, 2048, 2048, 2064, 2064]",196.0,44_9908
1268,9908,44,18,2025-09-06T14:58:53.259000+00:00,,33.645,29.131,249.0,254.0,True,232.389,"[None, 2064, 2048, 2048, 2048, 2048]","[2048, 2048, 2048, 2048, 2048, 2048, 2048]","[2048, 2048, 2048, 2048, 2048, 2048, 2048, 2048, 2048]",158.0,44_9908
1268,9908,44,19,2025-09-06T15:00:31.615000+00:00,26.273,26.679,26.328,327.0,341.0,False,79.28,"[2049, 2049, 2048, 2049, 2051, 2048]","[2048, 2049, 2049, 2049, 2048, 2048, 2048]","[2048, 2048, 2051, 2051, 2048, 2048, 2048, 2048, 2048]",350.0,44_9908
1268,9908,44,20,2025-09-06T15:01:50.892000+00:00,39.483,36.074,,219.0,218.0,False,,"[2048, 2048, 2048, 2048, 2048, 2048]","[2048, 2048, 2048, 2048, 2048, 2048, 2048]",[2048],140.0,44_9908
1268,9908,55,1,2025-09-06T14:01:03.938000+00:00,,31.161,28.449,309.0,307.0,True,,"[2064, 2064, 2049, 2049, 2049, 2049]","[2049, 2049, 2049, 2049, 2049, 2049, 2049]","[2049, 2049, 2049, 2049, 2049, 2049, 2049, 2049]",190.0,55_9908
1268,9908,55,2,2025-09-06T14:02:51.690000+00:00,26.627,27.18,26.663,321.0,334.0,False,80.47,"[2049, 2049, 2049, 2049, 2049, 2049]","[2049, 2051, 2049, 2049, 2049, 2049, 2049]","[2049, 2049, 2049, 2049, 2049, 2048, 2049, 2049]",342.0,55_9908
1268,9908,55,3,2025-09-06T14:04:12.193000+00:00,43.373,37.076,40.916,282.0,257.0,False,121.365,"[2048, 2048, 2048, 2048, 2048, 2048]","[2048, 2048, 2048, 2048, 2048, 2048, 2048]","[2048, 2048, 2048, 2048, 2048, 2048, 2048, 2064, 2064]",113.0,55_9908
1268,9908,55,4,2025-09-06T14:07:36.158000+00:00,,35.221,33.172,299.0,108.0,True,193.444,"[2064, 2064, 2048, 2048, 2048, 2048]","[2048, 2048, 2048, 2048, 2048, 2048, 2048]","[2048, 2048, 2048, 2048, 2048, 2049, 2049, 2049, 2049]",148.0,55_9908
1268,9908,55,5,2025-09-06T14:09:27.115000+00:00,26.547,26.637,26.46,324.0,337.0,False,79.644,"[2049, 2049, 2048, 2049, 2049, 2049]","[2049, 2051, 2049, 2049, 2049, 2049, 2049]","[2049, 2049, 2049, 2049, 2049, 2049, 2048, 2048]",345.0,55_9908
1268,9908,55,6,2025-09-06T14:10:46.573000+00:00,32.688,32.347,35.182,284.0,293.0,False,100.217,"[2048, 2048, 2048, 2048, 2048, 2048]","[2048, 2048, 2048, 2048, 2048, 2048, 2048]","[2048, 2048, 2048, 2048, 2048, 2048, 2048, 2064, 2064]",251.0,55_9908
1268,9908,55,7,2025-09-06T14:14:34.810000+00:00,,31.088,29.753,311.0,329.0,True,222.863,"[None, 2064, 2048, 2048, 2048, 2048]","[2048, 2048, 2048, 2048, 2048, 2048, 2048]","[2048, 2048, 2048, 2048, 2048, 2048, 2048, 2048, 2048]",218.0,55_9908
1268,9908,55,8,2025-09-06T14:16:09.865000+00:00,27.249,32.233,30.823,301.0,310.0,False,90.305,"[2048, 2049, 2048, 2048, 2048, 2048]","[2048, 2048, 2048, 2048, 2048, 2048, 2048]","[2048, 2048, 2048, 2048, 2048, 2048, 2049, 2049, 2049]",347.0,55_9908
1268,9908,55,9,2025-09-06T14:17:40.121000+00:00,26.445,26.814,26.643,324.0,339.0,False,79.902,"[2049, 2049, 2048, 2048, 2048, 2049]","[2048, 2048, 2049, 2048, 2048, 2048, 2049]","[2049, 2048, 2049, 2049, 2048, 2048, 2048, 2048, 2048]",348.0,55_9908
1268,9908,55,10,2025-09-06T14:19:00.054000+00:00,42.432,33.572,37.802,256.0,281.0,False,113.806,"[2048, 2048, 2048, 2048, 2048, 2048]","[2048, 2048, 2048, 2048, 2048, 2048, 2048]","[2048, 2048, 2048, 2048, 2048, 2048, 2048, 2064, 2064]",169.0,55_9908
1268,9908,55,11,2025-09-06T14:27:04.729000+00:00,,31.427,30.661,299.0,312.0,True,473.761,"[None, 2064, 2049, 2049, 2049, 2049]","[2049, 2049, 2049, 2051, 2049, 2049, 2049]","[2051, 2049, 2049, 2049, 2049, 2051, 2051, 2051, 2051]",92.0,55_9908
1268,9908,55,12,2025-09-06T14:28:47.600000+00:00,26.601,26.846,26.792,321.0,334.0,False,80.239,"[2049, 2049, 2051, 2049, 2049, 2049]","[2049, 2049, 2049, 2051, 2051, 2049, 2049]","[2049, 2051, 2051, 2051, 2051, 2048, 2051, 2048]",341.0,55_9908
1268,9908,55,13,2025-09-06T14:30:07.680000+00:00,31.374,35.611,38.74,291.0,302.0,False,105.725,"[2048, 2048, 2048, 2048, 2048, 2048]","[2048, 2048, 2048, 2048, 2048, 2048, 2048]","[2048, 2048, 2048, 2048, 2048, 2048, 2048, 2064, 2064]",304.0,55_9908
1268,9908,55,14,2025-09-06T14:32:43.989000+00:00,81.741,29.31,28.951,301.0,319.0,True,140.002,"[None, 2064, 2048, 2048, 2048, 2048]","[2048, 2048, 2048, 2048, 2048, 2048, 2048]","[2048, 2048, 2048, 2048, 2048, 2049, 2049, 2049, 2049]",261.0,55_9908
1268,9908,55,15,2025-09-06T14:34:13.553000+00:00,26.401,26.676,26.465,322.0,337.0,False,79.542,"[2049, 2049, 2048, 2051, 2049, 2049]","[2048, 2051, 2049, 2048, 2049, 2049, 2049]","[2049, 2049, 2049, 2049, 2049, 2048, 2048, 2048, 2048]",343.0,55_9908
1268,9908,55,16,2025-09-06T14:35:33.035000+00:00,45.089,38.035,39.224,259.0,260.0,False,122.348,"[2048, 2048, 2048, 2048, 2048, 2048]","[2048, 2048, 2048, 2048, 2048, 2048, 2048]","[2048, 2048, 2048, 2048, 2048, 2048, 2048, 2064, 2064]",90.0,55_9908
1268,9908,55,17,2025-09-06T14:38:50.571000+00:00,,32.892,29.4,313.0,313.0,True,174.75,"[None, 2064, 2048, 2048, 2048, 2048]","[2048, 2048, 2048, 2048, 2048, 2048, 2048]","[2048, 2048, 2048, 2048, 2048, 2048, 2048, 2049, 2049]",211.0,55_9908
1268,9908,55,18,2025-09-06T14:40:30.234000+00:00,26.393,26.707,26.428,325.0,342.0,False,79.528,"[2049, 2049, 2048, 2048, 2049, 2049]","[2049, 2048, 2048, 2049, 2049, 2049, 2049]","[2049, 2049, 2049, 2049, 2048, 2048, 2048, 2049, 2048]",349.0,55_9908
1268,9908,55,19,2025-09-06T14:41:49.682000+00:00,37.776,33.173,38.975,286.0,259.0,False,109.924,"[2048, 2048, 2048, 2048, 2048, 2048]","[2048, 2048, 2048, 2048, 2048, 2048, 2048]","[2048, 2048, 2048, 2048, 2048, 2048, 2048, 2064, 2064]",152.0,55_9908
1268,9908,63,1,2025-09-06T14:01:01.557000+00:00,,31.098,28.305,283.0,312.0,True,,"[2064, 2064, 2049, 2049, 2049, 2049]","[2049, 2049, 2049, 2049, 2049, 2049, 2049]","[2049, 2051, 2049, 2049, 2051, 2051, 2051, 2049, 2049]",157.0,63_9908
1268,9908,63,2,2025-09-06T14:02:41.944000+00:00,26.702,26.837,26.434,320.0,336.0,False,79.973,"[2049, 2049, 2049, 2049, 2049, 2049]","[2049, 2049, 2049, 2051, 2051, 2049, 2049]","[2049, 2051, 2049, 2049, 2051, 2049, 2049, 2051, 2048]",343.0,63_9908
1268,9908,63,3,2025-09-06T14:04:01.857000+00:00,43.317,35.235,39.645,260.0,280.0,False,118.197,"[2048, 2048, 2048, 2048, 2048, 2048]","[2048, 2048, 2048, 2048, 2048, 2048, 2048]","[2048, 2048, 2048, 2048, 2048, 2048, 2048, 2064, 2064]",87.0,63_9908
1268,9908,63,4,2025-09-06T14:07:12.626000+00:00,,38.361,32.004,248.0,241.0,True,189.138,"[None, 2064, 2048, 2048, 2048, 2048]","[2048, 2048, 2048, 2048, 2048, 2048, 2048]","[2048, 2048, 2048, 2048, 2048, 2048, 2048, 2048, 2049]",145.0,63_9908
1268,9908,63,5,2025-09-06T14:09:09.215000+00:00,26.659,26.562,26.193,323.0,338.0,False,79.414,"[2049, 2049, 2048, 2049, 2049, 2049]","[2049, 2049, 2049, 2049, 2051, 2049, 2049]","[2051, 2049, 2049, 2049, 2051, 2049, 2049, 2049, 2049]",345.0,63_9908
1268,9908,63,6,2025-09-06T14:10:28.631000+00:00,32.88,31.429,45.13,294.0,272.0,False,109.439,"[2048, 2048, 2048, 2048, 2048, 2048]","[2048, 2048, 2048, 2048, 2048, 2048, 2048]","[2048, 2048, 2048, 2048, 2048, 2048, 2048, 2064, 2064]",232.0,63_9908
1268,9908,63,7,2025-09-06T14:29:41.154000+00:00,,34.322,28.728,255.0,292.0,True,1143.119,"[None, 2064, 2049, 2049, 2049, 2049]","[2049, 2049, 2049, 2049, 2049, 2049, 2049]","[2049, 2049, 2049, 2049, 2049, 2049, 2049, 2049, 2049]",209.0,63_9908
1268,9908,63,8,2025-09-06T14:31:21.144000+00:00,26.515,26.568,26.204,321.0,338.0,False,79.287,"[2049, 2049, 2049, 2049, 2049, 2049]","[2049, 2049, 2049, 2051, 2051, 2049, 2049]","[2049, 2051, 2049, 2049, 2051, 2049, 2048, 2049]",343.0,63_9908
1268,9908,63,9,2025-09-06T14:32:40.371000+00:00,35.646,34.381,38.828,248.0,262.0,False,108.855,"[2048, 2048, 2048, 2048, 2048, 2048]","[2048, 2048, 2048, 2048, 2048, 2048, 2048]","[2048, 2048, 2048, 2048, 2048, 2048, 2048, 2064, 2064]",227.0,63_9908
1268,9908,63,10,2025-09-06T14:38:14.601000+00:00,,32.683,30.814,302.0,290.0,True,338.378,"[None, 2064, 2048, 2048, 2048, 2048]","[2048, 2048, 2048, 2048, 2048, 2048, 2048]","[2048, 2048, 2048, 2048, 2048, 2048, 2048, 2048, 2048]",164.0,63_9908
1268,9908,63,11,2025-09-06T14:40:07.682000+00:00,26.619,26.582,26.273,323.0,340.0,False,79.474,"[2049, 2049, 2048, 2048, 2049, 2049]","[2049, 2049, 2049, 2048, 2048, 2049, 2049]","[2048, 2048, 2049, 2049, 2048, 2048, 2049, 2049, 2049]",348.0,63_9908
1268,9908,63,12,2025-09-06T14:41:27.174000+00:00,37.959,35.849,38.87,235.0,271.0,False,112.678,"[2048, 2048, 2048, 2048, 2048, 2048]","[2048, 2048, 2048, 2048, 2048, 2048, 2048]","[2048, 2048, 2048, 2048, 2048, 2048, 2048, 2064, 2064]",162.0,63_9908
1268,9908,63,13,2025-09-06T14:51:24.645000+00:00,,31.506,28.085,293.0,302.0,True,590.638,"[None, 2064, 2049, 2049, 2049, 2049]","[2049, 2049, 2049, 2049, 2049, 2049, 2049]","[2049, 2051, 2051, 2049, 2049, 2049, 2049, 2049, 2049]",148.0,63_9908
1268,9908,63,14,2025-09-06T14:53:10.448000+00:00,26.514,26.434,26.209,323.0,338.0,False,79.157,"[2049, 2049, 2049, 2049, 2049, 2049]","[2049, 2051, 2049, 2049, 2051, 2049, 2049]","[2049, 2049, 2049, 2049, 2051, 2049, 2049, 2049]",345.0,63_9908
1268,9908,63,15,2025-09-06T14:54:29.534000+00:00,35.496,33.435,36.879,262.0,286.0,False,105.81,"[2048, 2048, 2048, 2048, 2048, 2048]","[2048, 2048, 2048, 2048, 2048, 2048, 2048]","[2048, 2048, 2048, 2048, 2048, 2048, 2048, 2064, 2064]",173.0,63_9908
1268,9908,63,16,2025-09-06T14:59:42.936000+00:00,,33.461,28.638,303.0,200.0,True,301.766,"[None, 2064, 2048, 2048, 2048, 2048]","[2048, 2048, 2048, 2048, 2048, 2048, 2048]","[2048, 2048, 2048, 2048, 2048, 2049, 2049, 2048, 2049]",245.0,63_9908
1268,9908,63,17,2025-09-06T15:01:17.199000+00:00,26.449,26.492,26.347,322.0,338.0,False,79.288,"[2048, 2049, 2048, 2051, 2048, 2048]","[2048, 2048, 2048, 2049, 2049, 2049, 2049]","[2049, 2049, 2049, 2049, 2048, 2048, 2048, 2048, 2048]",345.0,63_9908
1268,9908,63,18,2025-09-06T15:02:36.490000+00:00,40.439,37.988,,207.0,241.0,False,,"[None, 2048, 2048, 2048, 2048, 2048]","[2048, 2048, 2048, 2048, 2048, 2048, 2048]",[2048],155.0,63_9908
1268,9908,81,1,2025-09-06T14:04:09.086000+00:00,,31.992,29.218,299.0,313.0,True,,"[2064, 2064, 2049, 2049, 2049, 2049]","[2049, 2049, 2049, 2049, 2049, 2049, 2049]","[2049, 2049, 2049, 2049, 2049, 2049, 2049, 2049, 2049]",167.0,81_9908
1268,9908,81,2,2025-09-06T14:05:49.429000+00:00,26.689,26.663,26.359,322.0,335.0,False,79.711,"[2049, 2049, 2049, 2049, 2049, 2049]","[2049, 2049, 2051, 2049, 2049, 2051, 2049]","[2049, 2049, 2049, 2049, 2049, 2051, 2049, 2048, 2048]",340.0,81_9908
1268,9908,81,3,2025-09-06T14:07:09.137000+00:00,37.151,34.974,38.679,257.0,266.0,False,110.804,"[2048, 2048, 2048, 2048, 2048, 2048]","[2048, 2048, 2048, 2048, 2048, 2048, 2048]","[2048, 2048, 2048, 2048, 2048, 2048, 2048, 2064, 2064]",206.0,81_9908
1268,9908,81,4,2025-09-06T14:14:17.601000+00:00,,32.717,28.499,301.0,314.0,True,416.42,"[None, 2064, 2048, 2048, 2048, 2048]","[2048, 2048, 2048, 2048, 2048, 2048, 2048]","[2048, 2048, 2048, 2048, 2048, 2048, 2048, 2048, 2049]",108.0,81_9908
1268,9908,81,5,2025-09-06T14:15:56.412000+00:00,26.541,34.643,37.242,323.0,192.0,False,98.426,"[2049, 2049, 2049, 2049, 2049, 2049]","[2049, 2048, 2048, 2048, 2048, 2048, 2048]","[2048, 2048, 2048, 2048, 2048, 2048, 2048, 2049, 2049]",343.0,81_9908
1268,9908,81,6,2025-09-06T14:17:34.807000+00:00,26.547,26.855,26.516,322.0,336.0,False,79.918,"[None, 2049, 2048, 2049, 2048, 2048]","[2048, 2048, 2048, 2049, 2048, 2048, 2048]","[2048, 2048, 2049, 2049, 2048, 2048, 2048, 2048, 2048]",344.0,81_9908
1268,9908,81,7,2025-09-06T14:18:54.644000+00:00,35.26,34.189,37.021,259.0,269.0,False,106.47,"[2048, 2048, 2048, 2048, 2048, 2048]","[2048, 2048, 2048, 2048, 2048, 2048, 2048]","[2048, 2048, 2048, 2048, 2048, 2048, 2048, 2064, 2064]",211.0,81_9908
1268,9908,81,8,2025-09-06T14:30:43.984000+00:00,,31.272,31.73,302.0,317.0,True,700.12,"[2064, 2064, 2049, 2049, 2049, 2049]","[2049, 2049, 2049, 2049, 2049, 2049, 2049]","[2049, 2049, 2049, 2049, 2049, 2049, 2049, 2049, 2049]",241.0,81_9908
1268,9908,81,9,2025-09-06T14:32:21.331000+00:00,26.446,26.606,26.239,322.0,338.0,False,79.291,"[2049, 2049, 2049, 2049, 2049, 2049]","[2049, 2051, 2049, 2051, 2049, 2049, 2049]","[2049, 2049, 2049, 2049, 2049, 2051, 2049, 2048, 2048]",345.0,81_9908
1268,9908,81,10,2025-09-06T14:33:40.603000+00:00,36.831,33.909,37.907,258.0,280.0,False,108.647,"[2048, 2048, 2048, 2048, 2048, 2048]","[2048, 2048, 2048, 2048, 2048, 2048, 2048]","[2048, 2048, 2048, 2048, 2048, 2048, 2048, 2064, 2064]",174.0,81_9908
1268,9908,81,11,2025-09-06T14:38:22.938000+00:00,,32.52,30.315,303.0,317.0,True,286.545,"[None, 2064, 2048, 2048, 2048, 2048]","[2048, 2048, 2048, 2048, 2048, 2048, 2048]","[2048, 2048, 2048, 2048, 2048, 2048, 2048, 2048, 2048]",230.0,81_9908
1268,9908,81,12,2025-09-06T14:40:15.869000+00:00,26.548,26.529,26.209,324.0,339.0,False,79.286,"[2048, 2049, 2048, 2048, 2049, 2049]","[2049, 2048, 2048, 2048, 2049, 2049, 2049]","[2048, 2049, 2048, 2048, 2049, 2051, 2049, 2048, 2048]",345.0,81_9908
1268,9908,81,13,2025-09-06T14:41:34.989000+00:00,36.048,35.858,38.338,130.0,271.0,False,110.244,"[None, 2048, 2048, 2048, 2048, 2048]","[2048, 2048, 2048, 2048, 2048, 2048, 2048]","[2048, 2048, 2048, 2048, 2048, 2048, 2048, 2064, 2064]",176.0,81_9908
1268,9908,81,14,2025-09-06T14:51:15.609000+00:00,,30.871,28.284,303.0,314.0,True,576.93,"[None, 2064, 2049, 2049, 2051, 2051]","[2051, 2049, 2049, 2049, 2049, 2049, 2049]","[2049, 2049, 2049, 2051, 2049, 2051, 2051, 2051]",198.0,81_9908
1268,9908,81,15,2025-09-06T14:53:02.110000+00:00,26.497,26.409,26.15,323.0,337.0,False,79.056,"[2049, 2049, 2049, 2049, 2049, 2049]","[2049, 2049, 2051, 2051, 2049, 2051, 2049]","[2049, 2051, 2049, 2049, 2051, 2051, 2051, 2048, 2048]",343.0,81_9908
1268,9908,81,16,2025-09-06T14:54:21.259000+00:00,35.571,32.452,36.183,279.0,285.0,False,104.206,"[2048, 2048, 2048, 2048, 2048, 2048]","[2048, 2048, 2048, 2048, 2048, 2048, 2048]","[2048, 2048, 2048, 2048, 2048, 2048, 2048, 2064, 2064]",178.0,81_9908
1268,9908,81,17,2025-09-06T14:58:58.796000+00:00,,31.902,29.321,303.0,317.0,True,273.59,"[None, 2064, 2048, 2048, 2048, 2048]","[2048, 2048, 2048, 2048, 2048, 2048, 2048]","[2048, 2048, 2048, 2048, 2048, 2048, 2049, 2049, 2049]",204.0,81_9908
1268,9908,81,18,2025-09-06T15:00:39.092000+00:00,26.576,26.34,26.066,323.0,338.0,False,78.982,"[2049, 2049, 2048, 2049, 2049, 2049]","[2049, 2049, 2051, 2051, 2051, 2048, 2049]","[2051, 2051, 2049, 2049, 2049, 2048, 2048, 2048]",345.0,81_9908
1268,9908,81,19,2025-09-06T15:01:57.964000+00:00,36.798,36.771,42.729,243.0,220.0,False,116.298,"[2048, 2048, 2048, 2048, 2048, 2048]","[2048, 2048, 2048, 2048, 2048, 2048, 2048]","[2048, 2048, 2048, 2048, 2048, 2048, 2048, 2064, 2064]",150.0,81_9908
1268,9908,87,1,2025-09-06T14:00:22.184000+00:00,,31.213,33.649,296.0,310.0,True,,"[2064, 2064, 2049, 2049, 2049, 2049]","[2049, 2051, 2049, 2049, 2049, 2049, 2049]","[2049, 2049, 2049, 2049, 2051, 2051, 2051, 2051, 2051]",242.0,87_9908
1268,9908,87,2,2025-09-06T14:01:58.936000+00:00,26.851,27.213,26.735,322.0,337.0,False,80.799,"[2049, 2049, 2049, 2049, 2049, 2049]","[2049, 2049, 2049, 2049, 2049, 2049, 2049]","[2051, 2049, 2049, 2051, 2051, 2049, 2049, 2049, 2049]",344.0,87_9908
1268,9908,87,3,2025-09-06T14:03:19.755000+00:00,29.411,30.248,36.372,299.0,313.0,False,96.031,"[2048, 2048, 2048, 2048, 2048, 2048]","[2048, 2048, 2048, 2048, 2048, 2048, 2048]","[2048, 2048, 2048, 2048, 2048, 2048, 2048, 2064, 2064]",294.0,87_9908
1268,9908,87,4,2025-09-06T14:06:55.072000+00:00,,31.187,34.496,298.0,313.0,True,221.842,"[None, 2064, 2048, 2048, 2048, 2048]","[2048, 2048, 2048, 2048, 2048, 2048, 2048]","[2048, 2048, 2048, 2048, 2048, 2049, 2048, 2048, 2048]",176.0,87_9908
1268,9908,87,5,2025-09-06T14:08:37.654000+00:00,26.875,26.744,26.379,323.0,338.0,False,79.998,"[2049, 2049, 2051, 2048, 2049, 2049]","[2049, 2051, 2049, 2049, 2049, 2049, 2049]","[2049, 2051, 2049, 2049, 2049, 2049, 2049, 2049, 2049]",347.0,87_9908
1268,9908,87,6,2025-09-06T14:09:57.568000+00:00,30.254,32.911,35.689,298.0,314.0,False,98.854,"[2048, 2048, 2048, 2048, 2048, 2048]","[2048, 2048, 2048, 2048, 2048, 2048, 2048]","[2048, 2048, 2048, 2048, 2048, 2048, 2048, 2064, 2064]",243.0,87_9908
1268,9908,87,7,2025-09-06T14:13:34.589000+00:00,,30.392,28.584,299.0,312.0,True,214.49,"[None, 2064, 2048, 2048, 2048, 2048]","[2048, 2048, 2048, 2048, 2048, 2048, 2048]","[2048, 2048, 2048, 2048, 2048, 2048, 2048, 2048, 2049]",190.0,87_9908
1268,9908,87,8,2025-09-06T14:15:11.002000+00:00,26.558,26.774,26.356,324.0,339.0,False,79.688,"[2048, 2048, 2048, 2049, 2049, 2049]","[2049, 2048, 2048, 2049, 2049, 2048, 2049]","[2049, 2048, 2048, 2048, 2049, 2049, 2049, 2049]",344.0,87_9908
1268,9908,87,9,2025-09-06T14:16:30.534000+00:00,36.116,32.78,43.731,297.0,217.0,False,112.627,"[None, 2048, 2048, 2048, 2048, 2048]","[2048, 2048, 2048, 2048, 2048, 2048, 2048]","[2048, 2048, 2048, 2048, 2048, 2048, 2048, 2064, 2064]",153.0,87_9908
1268,9908,87,10,2025-09-06T14:29:31.179000+00:00,,32.428,29.381,285.0,313.0,True,764.933,"[None, 2064, 2049, 2049, 2049, 2049]","[2049, 2049, 2049, 2049, 2049, 2049, 2049]","[2049, 2049, 2049, 2049, 2049, 2049, 2049, 2049, 2049]",219.0,87_9908
1268,9908,87,11,2025-09-06T14:31:08.236000+00:00,26.49,26.776,26.397,324.0,340.0,False,79.663,"[2049, 2049, 2049, 2049, 2049, 2049]","[2049, 2049, 2049, 2049, 2049, 2049, 2049]","[2049, 2049, 2049, 2051, 2049, 2049, 2049, 2049]",348.0,87_9908
1268,9908,87,12,2025-09-06T14:32:27.775000+00:00,30.858,31.402,35.701,287.0,318.0,False,97.961,"[2048, 2048, 2048, 2048, 2048, 2048]","[2048, 2048, 2048, 2048, 2048, 2048, 2048]","[2048, 2048, 2048, 2048, 2048, 2048, 2048, 2064, 2064]",255.0,87_9908
1268,9908,87,13,2025-09-06T14:37:46.604000+00:00,,31.445,31.133,294.0,313.0,True,332.005,"[None, 2064, 2048, 2048, 2048, 2048]","[2048, 2048, 2048, 2048, 2048, 2048, 2048]","[2048, 2048, 2048, 2048, 2048, 2048, 2048, 2048, 2049]",164.0,87_9908
1268,9908,87,14,2025-09-06T14:39:37.884000+00:00,26.376,26.736,26.334,325.0,341.0,False,79.446,"[2049, 2049, 2048, 2051, 2049, 2049]","[2049, 2049, 2049, 2048, 2049, 2049, 2049]","[2048, 2049, 2048, 2048, 2049, 2049, 2049, 2048]",349.0,87_9908
1268,9908,87,15,2025-09-06T14:40:57.154000+00:00,32.401,36.678,41.922,297.0,313.0,False,111.001,"[2048, 2048, 2048, 2048, 2048, 2048]","[2048, 2048, 2048, 2048, 2048, 2048, 2048]","[2048, 2048, 2048, 2048, 2048, 2048, 2048, 2064, 2064]",253.0,87_9908
1268,9912,1,1,2025-09-07T13:03:34.805000+00:00,29.893,29.088,28.517,321.0,309.0,False,87.498,"[2048, 2049, 2049, 2049, 2049, 2049]","[2051, 2049, 2049, 2051, 2051, 2049, 2049]","[2051, 2049, 2049, 2049, 2049, 2049, 2049, 2049, 2051]",284.0,1_9912
1268,9912,1,2,2025-09-07T13:05:02.302000+00:00,28.457,28.843,27.559,314.0,326.0,False,84.859,"[2049, 2049, 2048, 2049, 2049, 2049]","[2048, 2049, 2049, 2048, 2049, 2049, 2049]","[2051, 2049, 2049, 2049, 2049, 2049, 2049, 2049, 2049]",309.0,1_9912
1268,9912,1,3,2025-09-07T13:06:27.253000+00:00,27.212,28.713,27.587,320.0,329.0,False,83.512,"[None, 2049, 2049, 2049, 2049, 2049]","[2048, 2049, 2049, 2048, 2048, 2049, 2049]","[2048, 2049, 2049, 2049, 2048, 2048, 2049, 2051]",350.0,1_9912
1268,9912,1,4,2025-09-07T13:07:50.554000+00:00,27.375,28.455,27.432,312.0,312.0,False,83.262,"[None, 2049, 2051, 2048, 2048, 2048]","[2048, 2051, 2049, 2049, 2049, 2048, 2048]","[2048, 2049, 2048, 2048, 2051, 2049, 2048, 2048, 2048]",352.0,1_9912
1268,9912,1,5,2025-09-07T13:09:13.857000+00:00,27.52,28.427,27.641,309.0,310.0,False,83.588,"[2048, 2048, 2048, 2051, 2048, 2048]","[2048, 2051, 2048, 2048, 2048, 2048, 2048]","[2048, 2048, 2048, 2048, 2048, 2048, 2048, 2048, 2048]",317.0,1_9912
1268,9912,1,6,2025-09-07T13:10:37.529000+00:00,27.434,28.496,27.646,311.0,312.0,False,83.576,"[None, 2048, 2048, 2051, 2048, 2048]","[2048, 2048, 2048, 2048, 2048, 2048, 2048]","[2048, 2048, 2048, 2048, 2048, 2048, 2048, 2048, 2048]",320.0,1_9912
1268,9912,1,7,2025-09-07T13:12:01.164000+00:00,27.458,28.306,27.546,,313.0,False,83.31,"[None, 2048, 2048, 2048, 2048, 2048]","[2048, 2051, 2049, 2048, 2049, 2048, 2048]","[2048, 2048, 2048, 2048, 2048, 2048, 2048, 2048, 2048]",,1_9912
1268,9912,1,8,2025-09-07T13:13:24.486000+00:00,27.411,28.318,27.41,310.0,312.0,False,83.139,"[None, 2048, 2048, 2048, 2048, 2048]","[2048, 2048, 2048, 2048, 2049, 2048, 2048]","[2048, 2049, 2048, 2048, 2048, 2051, 2048, 2048, 2048]",,1_9912
1268,9912,1,9,2025-09-07T13:14:47.612000+00:00,27.292,28.355,27.454,311.0,314.0,False,83.101,"[None, 2048, 2048, 2051, 2048, 2048]","[2048, 2048, 2048, 2049, 2048, 2048, 2048]","[2048, 2048, 2048, 2048, 2048, 2048, 2048, 2048, 2048]",321.0,1_9912
1268,9912,1,10,2025-09-07T13:16:10.701000+00:00,27.369,28.37,27.349,313.0,314.0,False,83.088,"[None, 2048, 2048, 2048, 2048, 2048]","[2048, 2048, 2049, 2048, 2048, 2048, 2048]","[2051, 2048, 2048, 2048, 2048, 2051, 2048, 2048, 2048]",322.0,1_9912
1268,9912,1,11,2025-09-07T13:17:33.768000+00:00,27.378,28.3,27.388,312.0,313.0,False,83.066,"[None, 2048, 2048, 2048, 2048, 2048]","[2048, 2048, 2049, 2049, 2048, 2048, 2048]","[2048, 2048, 2048, 2048, 2048, 2051, 2048, 2048, 2048]",320.0,1_9912
1268,9912,1,12,2025-09-07T13:18:56.915000+00:00,27.338,28.354,27.322,313.0,313.0,False,83.014,"[None, 2048, 2048, 2048, 2048, 2048]","[2048, 2048, 2048, 2048, 2048, 2048, 2048]","[2048, 2048, 2048, 2048, 2051, 2051, 2049, 2048, 2048]",322.0,1_9912
1268,9912,1,13,2025-09-07T13:20:19.843000+00:00,27.35,28.463,27.441,314.0,313.0,False,83.254,"[None, 2048, 2048, 2048, 2048, 2048]","[2048, 2048, 2048, 2049, 2048, 2048, 2048]","[2048, 2048, 2048, 2048, 2048, 2048, 2049, 2048, 2048]",,1_9912
1268,9912,1,14,2025-09-07T13:21:43.195000+00:00,27.446,28.319,27.353,,314.0,False,83.118,"[None, 2048, 2048, 2048, 2048, 2048]","[2048, 2048, 2048, 2048, 2048, 2048, 2048]","[2048, 2048, 2048, 2048, 2048, 2048, 2049, 2048, 2048]",,1_9912
1268,9912,1,15,2025-09-07T13:23:06.226000+00:00,27.386,28.238,27.453,312.0,313.0,False,83.077,"[None, 2048, 2048, 2048, 2048, 2048]","[2048, 2048, 2049, 2048, 2048, 2048, 2048]","[2048, 2048, 2048, 2048, 2048, 2048, 2049, 2048, 2048]",321.0,1_9912
1268,9912,1,16,2025-09-07T13:24:29.286000+00:00,27.4,28.202,27.399,314.0,315.0,False,83.001,"[None, 2048, 2048, 2048, 2048, 2048]","[2051, 2048, 2048, 2049, 2048, 2048, 2048]","[2048, 2048, 2048, 2048, 2048, 2048, 2048, 2048, 2048]",323.0,1_9912
1268,9912,1,17,2025-09-07T13:25:52.277000+00:00,27.317,28.234,27.339,,316.0,False,82.89,"[None, 2048, 2048, 2048, 2048, 2048]","[2048, 2048, 2048, 2049, 2048, 2048, 2048]","[2051, 2048, 2048, 2048, 2048, 2051, 2049, 2048, 2048]",325.0,1_9912
1268,9912,1,18,2025-09-07T13:27:15.173000+00:00,27.301,28.154,27.272,312.0,316.0,False,82.727,"[None, 2048, 2048, 2048, 2048, 2048]","[2048, 2048, 2048, 2049, 2049, 2048, 2048]","[2048, 2051, 2048, 2048, 2048, 2051, 2049, 2048, 2049]",324.0,1_9912
1268,9912,1,19,2025-09-07T13:28:37.919000+00:00,27.357,28.19,27.291,313.0,316.0,False,82.838,"[None, 2048, 2048, 2048, 2048, 2048]","[2048, 2048, 2048, 2048, 2048, 2048, 2048]","[2051, 2048, 2048, 2048, 2048, 2048, 2048, 2048, 2048]",323.0,1_9912
1268,9912,1,20,2025-09-07T13:30:00.842000+00:00,27.37,28.167,27.32,312.0,316.0,False,82.857,"[None, 2048, 2048, 2048, 2048, 2048]","[2048, 2048, 2049, 2048, 2048, 2048, 2048]","[2048, 2048, 2048, 2048, 2048, 2048, 2048, 2048, 2048]",322.0,1_9912
1268,9912,1,21,2025-09-07T13:31:23.587000+00:00,27.413,28.215,27.291,313.0,317.0,False,82.919,"[None, 2048, 2048, 2048, 2048, 2048]","[2048, 2048, 2049, 2048, 2048, 2048, 2048]","[2051, 2048, 2048, 2048, 2048, 2049, 2048, 2048, 2048]",,1_9912
1268,9912,1,22,2025-09-07T13:32:46.566000+00:00,27.271,28.138,27.324,315.0,317.0,False,82.733,"[None, 2048, 2048, 2048, 2048, 2048]","[2048, 2048, 2049, 2048, 2048, 2048, 2048]","[2048, 2048, 2048, 2048, 2048, 2051, 2049, 2049, 2048]",,1_9912
1268,9912,1,23,2025-09-07T13:34:09.260000+00:00,27.317,28.188,27.277,313.0,316.0,False,82.782,"[None, 2048, 2048, 2048, 2048, 2048]","[2048, 2048, 2048, 2048, 2048, 2048, 2048]","[2048, 2048, 2048, 2048, 2048, 2048, 2048, 2048, 2048]",323.0,1_9912
1268,9912,1,24,2025-09-07T13:35:32.039000+00:00,27.335,28.171,27.311,314.0,315.0,False,82.817,"[None, 2048, 2048, 2048, 2048, 2048]","[2048, 2048, 2048, 2048, 2048, 2048, 2048]","[2048, 2048, 2048, 2048, 2048, 2048, 2048, 2048, 2048]",324.0,1_9912
1268,9912,1,25,2025-09-07T13:36:54.887000+00:00,27.336,28.216,27.418,312.0,316.0,False,82.97,"[None, 2048, 2048, 2048, 2048, 2048]","[2048, 2048, 2049, 2048, 2048, 2048, 2048]","[2051, 2048, 2048, 2048, 2048, 2048, 2048, 2048, 2048]",,1_9912
1268,9912,1,26,2025-09-07T13:38:17.841000+00:00,27.39,28.218,27.329,314.0,317.0,False,82.937,"[None, 2048, 2048, 2048, 2048, 2048]","[2048, 2048, 2049, 2048, 2048, 2048, 2048]","[2051, 2048, 2048, 2048, 2048, 2048, 2048, 2048, 2048]",,1_9912
1268,9912,1,27,2025-09-07T13:39:40.848000+00:00,27.447,28.229,27.339,,316.0,False,83.015,"[None, 2048, 2048, 2048, 2048, 2048]","[2048, 2048, 2048, 2048, 2048, 2048, 2048]","[2048, 2048, 2048, 2048, 2048, 2048, 2048, 2048, 2048]",321.0,1_9912
1268,9912,1,28,2025-09-07T13:41:03.867000+00:00,27.457,28.265,27.309,,317.0,False,83.031,"[None, 2048, 2048, 2048, 2048, 2048]","[2048, 2048, 2048, 2048, 2048, 2048, 2048]","[2048, 2048, 2049, 2048, 2048, 2048, 2048, 2048, 2048]",322.0,1_9912
1268,9912,1,29,2025-09-07T13:42:26.836000+00:00,27.382,28.222,27.207,,317.0,False,82.811,"[None, 2048, 2048, 2048, 2048, 2048]","[2048, 2048, 2048, 2048, 2048, 2048, 2048]","[2048, 2048, 2049, 2048, 2048, 2051, 2049, 2048, 2048]",,1_9912
1268,9912,1,30,2025-09-07T13:43:49.709000+00:00,27.447,28.294,27.187,315.0,317.0,False,82.928,"[None, 2048, 2048, 2048, 2049, 2048]","[2048, 2048, 2048, 2048, 2048, 2049, 2048]","[2048, 2048, 2048, 2048, 2048, 2048, 2048, 2048, 2048]",321.0,1_9912
1268,9912,1,31,2025-09-07T13:45:12.599000+00:00,27.307,28.21,27.424,314.0,318.0,False,82.941,"[None, 2048, 2048, 2048, 2049, 2048]","[2048, 2048, 2048, 2048, 2048, 2048, 2048]","[2048, 2048, 2048, 2048, 2048, 2048, 2049, 2048, 2048]",322.0,1_9912
1268,9912,1,32,2025-09-07T13:46:35.568000+00:00,27.403,28.196,27.291,316.0,318.0,False,82.89,"[None, 2048, 2048, 2048, 2049, 2048]","[2048, 2048, 2049, 2048, 2048, 2048, 2048]","[2048, 2048, 2048, 2048, 2048, 2048, 2049, 2048, 2048]",,1_9912
1268,9912,1,33,2025-09-07T13:47:58.429000+00:00,27.385,28.257,27.301,,318.0,False,82.943,"[None, 2048, 2048, 2048, 2048, 2048]","[2048, 2048, 2048, 2048, 2048, 2049, 2048]","[2051, 2048, 2048, 2048, 2048, 2048, 2048, 2048, 2048]",,1_9912
1268,9912,1,34,2025-09-07T13:49:21.435000+00:00,27.318,28.25,27.227,,318.0,False,82.795,"[None, 2048, 2048, 2048, 2048, 2048]","[2048, 2048, 2048, 2048, 2048, 2048, 2048]","[2048, 2048, 2049, 2048, 2048, 2049, 2048, 2049, 2048]",324.0,1_9912
1268,9912,1,35,2025-09-07T13:50:44.132000+00:00,27.355,28.119,27.177,,318.0,False,82.651,"[None, 2048, 2048, 2048, 2049, 2048]","[2048, 2048, 2048, 2048, 2049, 2049, 2048]","[2048, 2048, 2049, 2048, 2048, 2048, 2049, 2049, 2049]",322.0,1_9912
1268,9912,1,36,2025-09-07T13:52:06.877000+00:00,27.404,28.118,27.177,,318.0,False,82.699,"[None, 2048, 2048, 2048, 2049, 2048]","[2048, 2048, 2048, 2048, 2048, 2048, 2048]","[2051, 2048, 2048, 2048, 2048, 2048, 2048, 2049, 2049]",323.0,1_9912
1268,9912,1,37,2025-09-07T13:53:29.444000+00:00,27.321,28.233,31.878,317.0,320.0,False,87.432,"[None, 2048, 2048, 2048, 2048, 2048]","[2048, 2048, 2048, 2048, 2048, 2048, 2048]","[2048, 2048, 2048, 2048, 2048, 2048, 2048, 2064, 2064]",324.0,1_9912
1268,9912,1,38,2025-09-07T13:54:56.891000+00:00,47.531,27.885,26.933,313.0,317.0,True,102.349,"[2064, 2064, 2048, 2048, 2048, 2048]","[2048, 2048, 2049, 2049, 2051, 2049, 2048]","[2048, 2049, 2048, 2048, 2051, 2051, 2049, 2049, 2049]",285.0,1_9912
1268,9912,1,39,2025-09-07T13:56:39.367000+00:00,26.948,27.641,26.813,314.0,318.0,False,81.402,"[2048, 2048, 2048, 2051, 2049, 2048]","[2048, 2049, 2049, 2051, 2051, 2049, 2048]","[2051, 2051, 2048, 2048, 2051, 2051, 2051, 2049, 2049]",320.0,1_9912
1268,9912,1,40,2025-09-07T13:58:00.769000+00:00,27.069,27.706,26.85,,317.0,False,81.625,"[None, 2048, 2048, 2048, 2049, 2048]","[2048, 2048, 2049, 2049, 2048, 2049, 2048]","[2048, 2048, 2049, 2048, 2048, 2048, 2049, 2049, 2049]",,1_9912
1268,9912,1,41,2025-09-07T13:59:22.284000+00:00,27.001,27.602,26.755,316.0,320.0,False,81.358,"[None, 2048, 2048, 2048, 2049, 2048]","[2048, 2048, 2048, 2048, 2051, 2049, 2048]","[2049, 2051, 2049, 2048, 2051, 2048, 2049, 2048, 2049]",323.0,1_9912
1268,9912,1,42,2025-09-07T14:00:43.697000+00:00,26.898,27.654,26.893,314.0,319.0,False,81.445,"[None, 2048, 2048, 2048, 2048, 2048]","[2048, 2048, 2048, 2048, 2048, 2048, 2048]","[2048, 2048, 2048, 2048, 2048, 2048, 2048, 2049, 2048]",324.0,1_9912
1268,9912,1,43,2025-09-07T14:02:05.179000+00:00,27.013,27.52,26.787,316.0,320.0,False,81.32,"[None, 2048, 2048, 2048, 2048, 2048]","[2048, 2049, 2049, 2049, 2048, 2049, 2048]","[2048, 2048, 2048, 2048, 2048, 2048, 2049, 2048, 2048]",325.0,1_9912
1268,9912,1,44,2025-09-07T14:03:26.439000+00:00,26.934,27.623,26.732,315.0,321.0,False,81.289,"[None, 2048, 2048, 2048, 2049, 2048]","[2049, 2048, 2048, 2048, 2048, 2049, 2048]","[2049, 2048, 2049, 2048, 2048, 2051, 2048, 2049, 2048]",,1_9912
1268,9912,1,45,2025-09-07T14:04:47.776000+00:00,27.033,27.59,26.73,,321.0,False,81.353,"[None, 2048, 2048, 2048, 2049, 2048]","[2048, 2048, 2048, 2048, 2048, 2049, 2048]","[2051, 2048, 2049, 2049, 2048, 2048, 2049, 2049, 2049]",,1_9912
1268,9912,1,46,2025-09-07T14:06:09.035000+00:00,26.974,27.565,26.786,316.0,321.0,False,81.325,"[None, 2048, 2048, 2048, 2049, 2048]","[2049, 2048, 2048, 2049, 2048, 2049, 2048]","[2048, 2048, 2049, 2048, 2048, 2048, 2049, 2049, 2049]",,1_9912
1268,9912,1,47,2025-09-07T14:07:30.317000+00:00,27.153,27.536,26.647,315.0,320.0,False,81.336,"[None, 2048, 2048, 2048, 2048, 2048]","[2048, 2048, 2049, 2048, 2048, 2049, 2048]","[2048, 2049, 2049, 2049, 2051, 2051, 2049, 2049, 2049]",324.0,1_9912
1268,9912,1,48,2025-09-07T14:08:51.693000+00:00,27.088,27.533,26.695,318.0,322.0,False,81.316,"[None, 2048, 2048, 2048, 2048, 2049]","[2048, 2048, 2048, 2048, 2048, 2049, 2048]","[2048, 2048, 2048, 2048, 2048, 2051, 2048, 2049, 2049]",,1_9912
1268,9912,1,49,2025-09-07T14:10:13.068000+00:00,26.925,27.674,26.729,,322.0,False,81.328,"[None, 2048, 2048, 2048, 2049, 2049]","[2048, 2048, 2048, 2048, 2048, 2048, 2048]","[2048, 2048, 2049, 2048, 2048, 2048, 2049, 2049, 2049]",325.0,1_9912
1268,9912,1,50,2025-09-07T14:11:34.383000+00:00,26.934,27.544,26.819,,324.0,False,81.297,"[2049, 2048, 2048, 2048, 2048, 2048]","[2048, 2048, 2048, 2048, 2048, 2049, 2048]","[2048, 2048, 2051, 2049, 2048, 2048, 2051, 2048, 2049]",327.0,1_9912
1268,9912,1,51,2025-09-07T14:12:55.722000+00:00,27.306,27.69,26.753,315.0,319.0,False,81.749,"[2048, 2048, 2048, 2048, 2048, 2048]","[2048, 2048, 2048, 2048, 2048, 2048, 2048]","[2048, 2049, 2048, 2048, 2048, 2048, 2048, 2048, 2048]",324.0,1_9912
1268,9912,1,52,2025-09-07T14:14:17.467000+00:00,26.927,27.512,26.564,316.0,322.0,False,81.003,"[None, 2048, 2048, 2048, 2048, 2048]","[2048, 2048, 2048, 2048, 2049, 2048, 2048]","[2051, 2051, 2048, 2048, 2049, 2049, 2048, 2048, 2048]",325.0,1_9912
1268,9912,1,53,2025-09-07T14:15:38.620000+00:00,26.987,27.527,26.586,320.0,322.0,False,81.1,"[2049, 2048, 2048, 2048, 2049, 2049]","[2048, 2048, 2048, 2048, 2048, 2051, 2048]","[2048, 2048, 2048, 2049, 2048, 2048, 2048, 2048, 2048]",329.0,1_9912
1268,9912,4,1,2025-09-07T13:03:34.805000+00:00,30.109,29.911,27.903,330.0,312.0,False,87.923,"[2048, 2049, 2051, 2049, 2049, 2049]","[2049, 2049, 2049, 2049, 2049, 2049, 2049]","[2049, 2051, 2049, 2049, 2051, 2051, 2049, 2051, 2051]",267.0,4_9912
1268,9912,4,2,2025-09-07T13:05:02.727000+00:00,27.675,28.557,27.657,311.0,311.0,False,83.889,"[2049, 2049, 2049, 2049, 2048, 2048]","[2048, 2051, 2051, 2051, 2051, 2049, 2048]","[2049, 2051, 2048, 2049, 2051, 2051, 2048, 2048, 2048]",322.0,4_9912
1268,9912,4,3,2025-09-07T13:06:26.418000+00:00,27.624,28.43,27.62,307.0,311.0,False,83.674,"[2048, 2048, 2048, 2049, 2049, 2048]","[2048, 2051, 2051, 2051, 2051, 2049, 2048]","[2049, 2051, 2048, 2048, 2048, 2048, 2048, 2048, 2048]",329.0,4_9912
1268,9912,4,4,2025-09-07T13:07:50.319000+00:00,28.346,28.762,27.711,305.0,321.0,False,84.819,"[None, 2048, 2049, 2048, 2048, 2048]","[2048, 2048, 2048, 2048, 2048, 2049, 2049]","[2049, 2048, 2049, 2049, 2048, 2048, 2048, 2049, 2048]",322.0,4_9912
1268,9912,4,5,2025-09-07T13:09:14.966000+00:00,27.645,28.659,27.934,308.0,309.0,False,84.238,"[None, 2049, 2048, 2049, 2049, 2048]","[2048, 2049, 2048, 2048, 2048, 2048, 2048]","[2048, 2048, 2048, 2048, 2048, 2048, 2048, 2048, 2048]",316.0,4_9912
1268,9912,4,6,2025-09-07T13:10:39.295000+00:00,27.407,28.595,27.885,309.0,311.0,False,83.887,"[None, 2049, 2048, 2049, 2048, 2048]","[2048, 2048, 2048, 2048, 2048, 2048, 2048]","[2048, 2048, 2048, 2048, 2048, 2048, 2048, 2048, 2048]",324.0,4_9912
1268,9912,4,7,2025-09-07T13:12:03.164000+00:00,27.4,28.426,27.712,311.0,313.0,False,83.538,"[None, 2048, 2048, 2048, 2048, 2048]","[2048, 2048, 2048, 2048, 2048, 2048, 2048]","[2048, 2048, 2048, 2048, 2048, 2048, 2048, 2049, 2048]",325.0,4_9912
1268,9912,4,8,2025-09-07T13:13:26.720000+00:00,27.424,28.333,27.761,309.0,312.0,False,83.518,"[None, 2048, 2048, 2048, 2048, 2048]","[2048, 2049, 2049, 2048, 2048, 2048, 2048]","[2048, 2048, 2048, 2048, 2048, 2048, 2048, 2048, 2048]",324.0,4_9912
1268,9912,4,9,2025-09-07T13:14:50.258000+00:00,27.397,28.356,27.724,,312.0,False,83.477,"[None, 2048, 2048, 2048, 2048, 2048]","[2048, 2048, 2048, 2048, 2048, 2048, 2048]","[2048, 2048, 2048, 2048, 2048, 2048, 2048, 2049, 2048]",326.0,4_9912
1268,9912,4,10,2025-09-07T13:16:13.731000+00:00,27.42,28.351,27.645,311.0,312.0,False,83.416,"[None, 2048, 2048, 2048, 2048, 2048]","[2048, 2048, 2049, 2048, 2048, 2048, 2048]","[2048, 2048, 2048, 2049, 2048, 2048, 2048, 2048, 2048]",325.0,4_9912
1268,9912,4,11,2025-09-07T13:17:37.128000+00:00,27.415,28.315,27.63,310.0,311.0,False,83.36,"[None, 2048, 2048, 2048, 2048, 2048]","[2048, 2048, 2049, 2048, 2048, 2048, 2048]","[2048, 2048, 2048, 2048, 2048, 2048, 2048, 2049, 2048]",323.0,4_9912
1268,9912,4,12,2025-09-07T13:19:00.493000+00:00,27.388,28.246,27.66,312.0,311.0,False,83.294,"[None, 2048, 2048, 2048, 2048, 2048]","[2048, 2049, 2049, 2049, 2048, 2048, 2048]","[2048, 2048, 2048, 2048, 2048, 2048, 2048, 2048, 2048]",326.0,4_9912
1268,9912,4,13,2025-09-07T13:20:23.703000+00:00,27.372,28.292,27.629,311.0,311.0,False,83.293,"[None, 2048, 2049, 2048, 2048, 2048]","[2049, 2048, 2048, 2048, 2048, 2048, 2048]","[2048, 2048, 2048, 2048, 2048, 2048, 2048, 2049, 2048]",324.0,4_9912
1268,9912,4,14,2025-09-07T13:21:47.085000+00:00,27.443,28.39,27.676,309.0,309.0,False,83.509,"[None, 2048, 2048, 2048, 2048, 2048]","[2048, 2048, 2048, 2048, 2048, 2048, 2048]","[2048, 2048, 2048, 2048, 2048, 2049, 2048, 2048, 2048]",,4_9912
1268,9912,4,15,2025-09-07T13:23:10.586000+00:00,27.359,28.176,27.524,312.0,312.0,False,83.059,"[None, 2048, 2048, 2048, 2048, 2048]","[2048, 2048, 2051, 2048, 2048, 2048, 2048]","[2048, 2048, 2048, 2048, 2048, 2051, 2049, 2049, 2048]",325.0,4_9912
1268,9912,4,16,2025-09-07T13:24:33.708000+00:00,27.325,28.191,27.573,,313.0,False,83.089,"[None, 2048, 2048, 2048, 2048, 2048]","[2048, 2048, 2048, 2048, 2048, 2048, 2048]","[2048, 2048, 2048, 2048, 2048, 2048, 2048, 2048, 2048]",,4_9912
1268,9912,4,17,2025-09-07T13:25:56.714000+00:00,27.369,28.33,27.533,310.0,312.0,False,83.232,"[None, 2048, 2048, 2048, 2048, 2048]","[2048, 2048, 2048, 2048, 2048, 2048, 2048]","[2048, 2048, 2048, 2048, 2048, 2048, 2049, 2048, 2049]",326.0,4_9912
1268,9912,4,18,2025-09-07T13:27:19.972000+00:00,27.378,28.26,27.551,,312.0,False,83.189,"[None, 2048, 2048, 2048, 2048, 2048]","[2048, 2048, 2048, 2049, 2048, 2048, 2048]","[2049, 2048, 2048, 2048, 2048, 2048, 2049, 2048, 2048]",325.0,4_9912
1268,9912,4,19,2025-09-07T13:28:43.208000+00:00,27.463,28.271,27.555,311.0,312.0,False,83.289,"[None, 2048, 2048, 2048, 2048, 2048]","[2049, 2048, 2048, 2049, 2048, 2048, 2048]","[2049, 2048, 2048, 2048, 2048, 2048, 2048, 2048, 2048]",323.0,4_9912
1268,9912,4,20,2025-09-07T13:30:06.408000+00:00,27.373,28.181,27.495,310.0,313.0,False,83.049,"[None, 2048, 2048, 2048, 2048, 2048]","[2048, 2048, 2048, 2048, 2048, 2048, 2048]","[2048, 2049, 2048, 2048, 2048, 2048, 2048, 2048, 2048]",322.0,4_9912
1268,9912,4,21,2025-09-07T13:31:29.525000+00:00,27.322,28.18,27.496,,313.0,False,82.998,"[None, 2048, 2048, 2048, 2049, 2048]","[2048, 2048, 2048, 2048, 2048, 2048, 2048]","[2049, 2048, 2048, 2048, 2048, 2048, 2048, 2048, 2048]",323.0,4_9912
1268,9912,4,22,2025-09-07T13:32:52.451000+00:00,27.303,28.211,27.451,313.0,313.0,False,82.965,"[None, 2048, 2049, 2048, 2048, 2048]","[2048, 2048, 2048, 2048, 2048, 2048, 2048]","[2048, 2048, 2048, 2048, 2048, 2048, 2048, 2048, 2048]",,4_9912
1268,9912,4,23,2025-09-07T13:34:15.416000+00:00,27.333,28.127,27.432,311.0,313.0,False,82.892,"[None, 2048, 2048, 2048, 2048, 2048]","[2048, 2049, 2048, 2048, 2049, 2048, 2048]","[2049, 2048, 2049, 2048, 2048, 2048, 2048, 2048, 2048]",325.0,4_9912
1268,9912,4,24,2025-09-07T13:35:38.362000+00:00,27.303,28.17,27.494,312.0,314.0,False,82.967,"[None, 2048, 2048, 2048, 2049, 2048]","[2048, 2048, 2049, 2048, 2048, 2048, 2048]","[2048, 2048, 2048, 2048, 2048, 2049, 2049, 2048, 2049]",326.0,4_9912
1268,9912,4,25,2025-09-07T13:37:01.309000+00:00,27.328,28.136,27.618,309.0,312.0,False,83.082,"[None, 2048, 2048, 2048, 2049, 2048]","[2048, 2048, 2048, 2049, 2048, 2048, 2048]","[2048, 2048, 2048, 2048, 2048, 2048, 2048, 2048, 2048]",325.0,4_9912
1268,9912,4,26,2025-09-07T13:38:24.497000+00:00,27.295,28.092,27.454,312.0,314.0,False,82.841,"[None, 2048, 2048, 2048, 2049, 2048]","[2048, 2048, 2049, 2049, 2048, 2048, 2048]","[2048, 2048, 2048, 2048, 2048, 2048, 2048, 2048, 2048]",,4_9912
1268,9912,4,27,2025-09-07T13:39:47.207000+00:00,27.299,28.152,27.384,311.0,314.0,False,82.835,"[None, 2048, 2048, 2048, 2048, 2048]","[2048, 2048, 2048, 2048, 2048, 2048, 2048]","[2049, 2048, 2049, 2048, 2048, 2048, 2049, 2048, 2048]",324.0,4_9912
1268,9912,4,28,2025-09-07T13:41:10.086000+00:00,27.401,28.201,27.47,312.0,313.0,False,83.072,"[None, 2048, 2048, 2048, 2048, 2048]","[2048, 2048, 2048, 2048, 2048, 2048, 2048]","[2048, 2048, 2049, 2048, 2048, 2048, 2049, 2048, 2048]",,4_9912
1268,9912,4,29,2025-09-07T13:42:33.117000+00:00,27.403,28.076,27.278,310.0,313.0,False,82.757,"[None, 2048, 2048, 2048, 2048, 2048]","[2048, 2048, 2048, 2048, 2049, 2048, 2048]","[2048, 2051, 2049, 2048, 2049, 2051, 2049, 2048, 2048]",321.0,4_9912
1268,9912,4,30,2025-09-07T13:43:55.935000+00:00,27.274,28.098,27.267,311.0,313.0,False,82.639,"[None, 2048, 2048, 2049, 2049, 2048]","[2048, 2049, 2049, 2048, 2048, 2048, 2048]","[2048, 2048, 2049, 2048, 2049, 2048, 2048, 2048, 2049]",322.0,4_9912
1268,9912,4,31,2025-09-07T13:45:18.613000+00:00,27.283,28.559,27.347,,313.0,False,83.189,"[None, 2048, 2048, 2048, 2048, 2048]","[2048, 2048, 2048, 2048, 2048, 2049, 2048]","[2048, 2048, 2048, 2048, 2048, 2051, 2049, 2049, 2049]",,4_9912
1268,9912,4,32,2025-09-07T13:46:41.771000+00:00,27.34,28.078,27.358,313.0,314.0,False,82.776,"[None, 2048, 2048, 2048, 2048, 2048]","[2048, 2048, 2049, 2048, 2048, 2049, 2048]","[2048, 2048, 2048, 2048, 2048, 2048, 2048, 2048, 2048]",,4_9912
1268,9912,4,33,2025-09-07T13:48:04.489000+00:00,27.31,28.052,27.293,,314.0,False,82.655,"[None, 2048, 2048, 2048, 2048, 2048]","[2048, 2048, 2048, 2048, 2049, 2049, 2048]","[2048, 2048, 2049, 2049, 2048, 2051, 2049, 2049, 2049]",324.0,4_9912
1268,9912,4,34,2025-09-07T13:49:27.138000+00:00,27.279,28.032,27.243,,313.0,False,82.554,"[None, 2048, 2048, 2048, 2048, 2048]","[2048, 2048, 2049, 2048, 2048, 2048, 2048]","[2048, 2048, 2048, 2049, 2049, 2051, 2048, 2048, 2048]",325.0,4_9912
1268,9912,4,35,2025-09-07T13:50:49.676000+00:00,27.325,28.104,27.218,311.0,313.0,False,82.647,"[None, 2048, 2048, 2048, 2049, 2048]","[2048, 2048, 2048, 2048, 2048, 2049, 2048]","[2049, 2048, 2049, 2048, 2048, 2048, 2049, 2049, 2049]",324.0,4_9912
1268,9912,4,36,2025-09-07T13:52:12.353000+00:00,27.305,27.978,27.355,314.0,316.0,False,82.638,"[None, 2048, 2048, 2048, 2049, 2048]","[2048, 2048, 2048, 2048, 2048, 2049, 2048]","[2048, 2048, 2049, 2049, 2048, 2048, 2048, 2048, 2048]",325.0,4_9912
1268,9912,4,37,2025-09-07T13:53:35.038000+00:00,27.19,28.027,27.263,315.0,318.0,False,82.48,"[None, 2049, 2048, 2048, 2048, 2048]","[2048, 2048, 2048, 2048, 2048, 2049, 2048]","[2048, 2048, 2049, 2049, 2048, 2048, 2048, 2049, 2049]",327.0,4_9912
1268,9912,4,38,2025-09-07T13:54:57.562000+00:00,27.325,28.166,27.318,312.0,316.0,False,82.809,"[None, 2048, 2048, 2048, 2049, 2048]","[2048, 2048, 2048, 2048, 2048, 2048, 2048]","[2048, 2048, 2048, 2048, 2048, 2048, 2048, 2048, 2048]",326.0,4_9912
1268,9912,4,39,2025-09-07T13:56:20.260000+00:00,27.255,28.124,27.312,314.0,318.0,False,82.691,"[None, 2049, 2048, 2048, 2048, 2048]","[2048, 2048, 2048, 2048, 2048, 2048, 2049]","[2049, 2048, 2048, 2049, 2048, 2048, 2049, 2048, 2049]",330.0,4_9912
1268,9912,4,40,2025-09-07T13:57:42.979000+00:00,27.283,28.154,27.184,310.0,312.0,False,82.621,"[2049, 2049, 2048, 2048, 2048, 2048]","[2048, 2048, 2048, 2048, 2048, 2048, 2048]","[2048, 2048, 2048, 2048, 2049, 2049, 2049, 2049, 2048]",340.0,4_9912
1268,9912,4,41,2025-09-07T13:59:05.690000+00:00,27.742,28.393,27.314,280.0,314.0,False,83.449,"[2048, 2048, 2048, 2049, 2048, 2048]","[2048, 2048, 2048, 2048, 2048, 2048, 2048]","[2048, 2048, 2048, 2048, 2048, 2048, 2048, 2049, 2048]",324.0,4_9912
1268,9912,4,42,2025-09-07T14:00:29.011000+00:00,27.188,28.172,27.23,309.0,314.0,False,82.59,"[None, 2048, 2048, 2048, 2049, 2048]","[2048, 2048, 2048, 2048, 2048, 2048, 2048]","[2048, 2048, 2048, 2048, 2048, 2049, 2048, 2049, 2048]",330.0,4_9912
1268,9912,4,43,2025-09-07T14:01:51.639000+00:00,27.31,28.285,27.309,310.0,315.0,False,82.904,"[None, 2048, 2049, 2048, 2048, 2048]","[2048, 2048, 2048, 2048, 2048, 2048, 2048]","[2048, 2048, 2048, 2048, 2048, 2048, 2048, 2048, 2048]",324.0,4_9912
1268,9912,4,44,2025-09-07T14:03:14.593000+00:00,27.25,27.955,27.183,311.0,317.0,False,82.388,"[None, 2048, 2048, 2048, 2048, 2048]","[2048, 2048, 2049, 2048, 2049, 2049, 2048]","[2048, 2048, 2048, 2048, 2048, 2048, 2048, 2048, 2048]",325.0,4_9912
1268,9912,4,45,2025-09-07T14:04:36.869000+00:00,27.334,28.182,27.265,,316.0,False,82.781,"[None, 2048, 2048, 2048, 2048, 2048]","[2048, 2048, 2048, 2048, 2048, 2048, 2048]","[2048, 2048, 2048, 2048, 2048, 2048, 2048, 2048, 2048]",,4_9912
1268,9912,4,46,2025-09-07T14:05:59.707000+00:00,27.307,28.158,31.822,312.0,317.0,False,87.287,"[None, 2048, 2048, 2048, 2049, 2048]","[2048, 2048, 2048, 2048, 2048, 2048, 2048]","[2048, 2048, 2049, 2048, 2048, 2048, 2048, 2064, 2064]",327.0,4_9912
1268,9912,4,47,2025-09-07T14:07:27.035000+00:00,50.245,27.741,27.0,315.0,310.0,True,104.986,"[2064, 2064, 2048, 2048, 2048, 2048]","[2049, 2048, 2048, 2049, 2051, 2049, 2048]","[2048, 2049, 2048, 2048, 2049, 2049, 2049, 2049, 2048]",285.0,4_9912
1268,9912,4,48,2025-09-07T14:09:11.955000+00:00,26.902,27.314,26.822,311.0,315.0,False,81.038,"[2048, 2048, 2048, 2049, 2048, 2048]","[2048, 2049, 2049, 2049, 2051, 2049, 2048]","[2049, 2049, 2048, 2048, 2049, 2051, 2049, 2048, 2049]",325.0,4_9912
1268,9912,4,49,2025-09-07T14:10:33.158000+00:00,26.989,27.391,26.774,308.0,311.0,False,81.154,"[2049, 2048, 2048, 2049, 2048, 2048]","[2048, 2048, 2048, 2048, 2051, 2048, 2048]","[2048, 2051, 2048, 2048, 2051, 2051, 2048, 2048, 2048]",318.0,4_9912
1268,9912,4,50,2025-09-07T14:11:54.167000+00:00,27.009,27.252,26.862,,313.0,False,81.123,"[2048, 2048, 2049, 2048, 2048, 2048]","[2048, 2048, 2049, 2051, 2051, 2048, 2048]","[2048, 2048, 2048, 2048, 2051, 2048, 2048, 2049, 2048]",322.0,4_9912
1268,9912,4,51,2025-09-07T14:13:15.268000+00:00,27.018,27.346,26.951,310.0,312.0,False,81.315,"[None, 2048, 2048, 2048, 2048, 2048]","[2049, 2048, 2048, 2051, 2048, 2048, 2048]","[2048, 2048, 2048, 2048, 2048, 2048, 2048, 2049, 2048]",321.0,4_9912
1268,9912,4,52,2025-09-07T14:14:36.655000+00:00,27.019,27.406,26.834,,313.0,False,81.259,"[None, 2048, 2048, 2048, 2048, 2048]","[2048, 2048, 2048, 2048, 2048, 2049, 2048]","[2049, 2048, 2048, 2048, 2048, 2048, 2048, 2049, 2048]",,4_9912
1268,9912,4,53,2025-09-07T14:15:57.846000+00:00,26.81,27.381,26.71,311.0,318.0,False,80.901,"[None, 2048, 2048, 2048, 2049, 2048]","[2049, 2048, 2048, 2048, 2048, 2048, 2048]","[2048, 2048, 2048, 2049, 2048, 2048, 2048, 2048, 2048]",336.0,4_9912
1268,9912,5,1,2025-09-07T13:03:34.805000+00:00,30.83,30.99,28.607,340.0,320.0,False,90.427,"[2048, 2049, 2049, 2049, 2049, 2049]","[2049, 2049, 2049, 2049, 2049, 2049, 2049]","[2049, 2049, 2049, 2049, 2049, 2049, 2049, 2049, 2049]",294.0,5_9912
1268,9912,5,2,2025-09-07T13:05:05.231000+00:00,27.588,28.937,28.298,319.0,339.0,False,84.823,"[2049, 2049, 2048, 2049, 2049, 2048]","[2049, 2049, 2049, 2049, 2049, 2049, 2049]","[2049, 2048, 2048, 2049, 2049, 2048, 2048, 2049, 2048]",342.0,5_9912
1268,9912,5,3,2025-09-07T13:06:30.115000+00:00,27.553,29.583,28.218,323.0,341.0,False,85.354,"[2049, 2049, 2049, 2048, 2049, 2048]","[2048, 2048, 2048, 2049, 2048, 2049, 2049]","[2048, 2048, 2049, 2049, 2049, 2049, 2048, 2049, 2048]",347.0,5_9912
1268,9912,5,4,2025-09-07T13:07:55.569000+00:00,27.484,29.009,28.251,315.0,334.0,False,84.744,"[2048, 2048, 2048, 2049, 2048, 2048]","[2048, 2049, 2049, 2048, 2049, 2048, 2048]","[2049, 2049, 2049, 2048, 2048, 2048, 2048, 2051, 2048]",334.0,5_9912
1268,9912,5,5,2025-09-07T13:09:20.281000+00:00,27.524,28.79,28.015,318.0,326.0,False,84.329,"[None, 2048, 2048, 2048, 2048, 2048]","[2048, 2049, 2049, 2049, 2049, 2048, 2048]","[2048, 2049, 2049, 2048, 2049, 2048, 2051, 2048, 2049]",330.0,5_9912
1268,9912,5,6,2025-09-07T13:10:44.571000+00:00,27.473,28.841,28.288,,334.0,False,84.602,"[None, 2048, 2048, 2049, 2048, 2048]","[2048, 2048, 2048, 2048, 2049, 2048, 2048]","[2048, 2048, 2048, 2048, 2048, 2048, 2048, 2048, 2048]",332.0,5_9912
1268,9912,5,7,2025-09-07T13:12:09.273000+00:00,27.824,29.009,28.208,315.0,332.0,False,85.041,"[None, 2048, 2048, 2048, 2048, 2048]","[2048, 2048, 2048, 2048, 2048, 2048, 2048]","[2048, 2048, 2048, 2048, 2048, 2048, 2048, 2048, 2048]",329.0,5_9912
1268,9912,5,8,2025-09-07T13:13:34.192000+00:00,27.585,28.901,28.243,317.0,331.0,False,84.729,"[None, 2048, 2048, 2048, 2048, 2048]","[2048, 2048, 2048, 2048, 2048, 2048, 2048]","[2048, 2048, 2048, 2048, 2048, 2048, 2048, 2048, 2048]",331.0,5_9912
1268,9912,5,9,2025-09-07T13:14:58.912000+00:00,27.405,28.944,28.082,318.0,322.0,False,84.431,"[None, 2048, 2049, 2048, 2048, 2048]","[2048, 2048, 2048, 2049, 2048, 2048, 2048]","[2048, 2049, 2048, 2048, 2048, 2048, 2048, 2048, 2048]",329.0,5_9912
1268,9912,5,10,2025-09-07T13:16:23.342000+00:00,27.729,28.736,28.052,315.0,321.0,False,84.517,"[None, 2048, 2049, 2048, 2048, 2048]","[2048, 2048, 2049, 2049, 2049, 2048, 2048]","[2048, 2048, 2048, 2048, 2048, 2048, 2048, 2048, 2048]",323.0,5_9912
1268,9912,5,11,2025-09-07T13:17:47.915000+00:00,27.589,28.775,28.185,,320.0,False,84.549,"[None, 2048, 2048, 2049, 2048, 2048]","[2048, 2048, 2048, 2048, 2048, 2048, 2048]","[2048, 2048, 2048, 2048, 2048, 2048, 2048, 2048, 2048]",326.0,5_9912
1268,9912,5,12,2025-09-07T13:19:12.477000+00:00,27.604,28.843,28.082,314.0,318.0,False,84.529,"[None, 2048, 2048, 2048, 2048, 2048]","[2048, 2048, 2048, 2048, 2048, 2048, 2048]","[2048, 2049, 2048, 2048, 2048, 2048, 2048, 2048, 2048]",322.0,5_9912
1268,9912,5,13,2025-09-07T13:20:36.906000+00:00,27.608,28.877,28.153,,317.0,False,84.638,"[None, 2048, 2048, 2048, 2048, 2048]","[2048, 2049, 2048, 2048, 2048, 2048, 2048]","[2048, 2048, 2048, 2048, 2048, 2048, 2048, 2048, 2048]",323.0,5_9912
1268,9912,5,14,2025-09-07T13:22:01.695000+00:00,27.531,28.759,28.037,,321.0,False,84.327,"[None, 2048, 2048, 2048, 2048, 2048]","[2048, 2049, 2049, 2048, 2048, 2048, 2048]","[2048, 2049, 2048, 2048, 2048, 2048, 2048, 2048, 2048]",325.0,5_9912
1268,9912,5,15,2025-09-07T13:23:25.929000+00:00,27.489,28.761,28.135,315.0,319.0,False,84.385,"[None, 2048, 2048, 2048, 2048, 2048]","[2048, 2049, 2048, 2048, 2048, 2048, 2048]","[2048, 2048, 2048, 2048, 2048, 2048, 2048, 2048, 2048]",324.0,5_9912
1268,9912,5,16,2025-09-07T13:24:50.364000+00:00,27.412,28.74,27.975,,319.0,False,84.127,"[None, 2048, 2049, 2048, 2048, 2048]","[2048, 2048, 2048, 2048, 2048, 2048, 2048]","[2048, 2049, 2048, 2048, 2048, 2048, 2048, 2048, 2048]",,5_9912
1268,9912,5,17,2025-09-07T13:26:14.402000+00:00,27.485,28.682,28.035,314.0,318.0,False,84.202,"[None, 2048, 2048, 2048, 2048, 2048]","[2048, 2049, 2049, 2048, 2049, 2048, 2048]","[2048, 2048, 2048, 2048, 2048, 2048, 2048, 2048, 2048]",322.0,5_9912
1268,9912,5,18,2025-09-07T13:27:38.622000+00:00,27.554,28.682,28.005,,317.0,False,84.241,"[None, 2048, 2048, 2048, 2048, 2048]","[2048, 2048, 2048, 2048, 2049, 2048, 2048]","[2048, 2048, 2048, 2048, 2048, 2048, 2048, 2048, 2048]",323.0,5_9912
1268,9912,5,19,2025-09-07T13:29:02.965000+00:00,27.528,28.702,28.002,315.0,318.0,False,84.232,"[None, 2048, 2048, 2049, 2048, 2048]","[2048, 2048, 2048, 2048, 2049, 2048, 2048]","[2049, 2048, 2048, 2048, 2048, 2048, 2048, 2048, 2048]",322.0,5_9912
1268,9912,5,20,2025-09-07T13:30:27.132000+00:00,27.52,28.658,32.581,313.0,319.0,False,88.759,"[None, 2048, 2048, 2049, 2048, 2048]","[2048, 2048, 2048, 2048, 2049, 2048, 2048]","[2048, 2048, 2048, 2048, 2048, 2048, 2048, 2064, 2064]",,5_9912
1268,9912,5,21,2025-09-07T13:31:55.950000+00:00,49.722,28.978,28.007,334.0,345.0,True,106.707,"[2064, 2064, 2048, 2048, 2049, 2048]","[2048, 2048, 2049, 2048, 2048, 2049, 2049]","[2048, 2048, 2049, 2049, 2048, 2049, 2051, 2049, 2049]",285.0,5_9912
1268,9912,5,22,2025-09-07T13:33:42.557000+00:00,27.364,28.691,27.862,331.0,320.0,False,83.917,"[2049, 2049, 2048, 2048, 2051, 2048]","[2049, 2048, 2048, 2048, 2048, 2048, 2048]","[2048, 2048, 2048, 2048, 2049, 2049, 2048, 2048, 2048]",351.0,5_9912
1268,9912,5,23,2025-09-07T13:35:06.504000+00:00,27.473,28.486,27.856,318.0,321.0,False,83.815,"[2048, 2048, 2048, 2049, 2048, 2048]","[2048, 2048, 2049, 2049, 2049, 2048, 2048]","[2048, 2049, 2048, 2048, 2048, 2048, 2048, 2048, 2048]",323.0,5_9912
1268,9912,5,24,2025-09-07T13:36:30.356000+00:00,27.391,28.509,27.984,315.0,319.0,False,83.884,"[None, 2048, 2048, 2048, 2048, 2048]","[2048, 2048, 2048, 2049, 2049, 2048, 2048]","[2048, 2049, 2048, 2048, 2048, 2048, 2048, 2048, 2048]",319.0,5_9912
1268,9912,5,25,2025-09-07T13:37:54.169000+00:00,27.491,28.62,27.959,309.0,315.0,False,84.07,"[None, 2048, 2049, 2048, 2048, 2048]","[2048, 2049, 2048, 2048, 2048, 2048, 2048]","[2048, 2048, 2048, 2048, 2048, 2048, 2048, 2048, 2048]",,5_9912
1268,9912,5,26,2025-09-07T13:39:18.400000+00:00,27.642,28.587,27.744,310.0,316.0,False,83.973,"[None, 2048, 2048, 2048, 2048, 2048]","[2048, 2048, 2048, 2048, 2048, 2048, 2048]","[2049, 2049, 2048, 2048, 2049, 2048, 2048, 2048, 2048]",318.0,5_9912
1268,9912,5,27,2025-09-07T13:40:42.302000+00:00,27.427,28.262,27.503,313.0,317.0,False,83.192,"[None, 2048, 2048, 2048, 2048, 2048]","[2048, 2049, 2049, 2049, 2049, 2048, 2048]","[2049, 2049, 2048, 2048, 2049, 2048, 2048, 2048, 2048]",321.0,5_9912
1268,9912,5,28,2025-09-07T13:42:05.477000+00:00,27.4,28.173,27.408,315.0,319.0,False,82.981,"[None, 2048, 2048, 2048, 2048, 2048]","[2048, 2049, 2049, 2049, 2049, 2048, 2048]","[2048, 2048, 2048, 2049, 2049, 2049, 2048, 2048, 2048]",322.0,5_9912
1268,9912,5,29,2025-09-07T13:43:28.362000+00:00,27.405,28.5,27.812,316.0,331.0,False,83.717,"[None, 2048, 2048, 2048, 2048, 2048]","[2048, 2048, 2048, 2048, 2048, 2051, 2048]","[2048, 2048, 2048, 2048, 2048, 2048, 2048, 2048, 2048]",340.0,5_9912
1268,9912,5,30,2025-09-07T13:44:52.262000+00:00,27.406,28.325,27.612,,322.0,False,83.343,"[None, 2048, 2048, 2048, 2048, 2048]","[2048, 2048, 2048, 2048, 2048, 2048, 2048]","[2048, 2048, 2049, 2048, 2048, 2048, 2048, 2049, 2048]",325.0,5_9912
1268,9912,5,31,2025-09-07T13:46:15.542000+00:00,27.307,28.299,27.402,318.0,321.0,False,83.008,"[None, 2048, 2048, 2049, 2048, 2048]","[2049, 2048, 2048, 2048, 2048, 2048, 2048]","[2049, 2048, 2051, 2048, 2048, 2048, 2048, 2048, 2048]",324.0,5_9912
1268,9912,5,32,2025-09-07T13:47:38.490000+00:00,27.344,28.23,27.466,,322.0,False,83.04,"[None, 2048, 2048, 2048, 2048, 2048]","[2048, 2048, 2049, 2048, 2048, 2048, 2048]","[2048, 2048, 2048, 2048, 2048, 2048, 2048, 2049, 2048]",325.0,5_9912
1268,9912,5,33,2025-09-07T13:49:01.536000+00:00,27.375,28.318,27.55,316.0,320.0,False,83.243,"[None, 2048, 2048, 2048, 2048, 2048]","[2048, 2048, 2048, 2048, 2048, 2048, 2048]","[2048, 2048, 2048, 2048, 2048, 2048, 2048, 2048, 2048]",324.0,5_9912
1268,9912,5,34,2025-09-07T13:50:24.892000+00:00,27.339,28.128,27.352,,321.0,False,82.819,"[None, 2048, 2048, 2049, 2048, 2048]","[2048, 2049, 2049, 2048, 2048, 2048, 2048]","[2048, 2049, 2049, 2048, 2048, 2048, 2048, 2048, 2048]",,5_9912
1268,9912,5,35,2025-09-07T13:51:47.495000+00:00,27.271,28.255,27.352,,321.0,False,82.878,"[None, 2048, 2048, 2048, 2048, 2048]","[2048, 2048, 2048, 2048, 2048, 2048, 2048]","[2049, 2048, 2048, 2048, 2048, 2048, 2048, 2048, 2048]",,5_9912
1268,9912,5,36,2025-09-07T13:53:10.459000+00:00,27.218,28.051,27.221,317.0,323.0,False,82.49,"[None, 2048, 2048, 2049, 2048, 2048]","[2048, 2048, 2048, 2049, 2049, 2048, 2048]","[2049, 2048, 2048, 2048, 2049, 2049, 2049, 2048, 2048]",323.0,5_9912
1268,9912,5,37,2025-09-07T13:54:32.980000+00:00,27.234,28.21,27.371,318.0,324.0,False,82.815,"[None, 2048, 2048, 2048, 2048, 2048]","[2048, 2048, 2048, 2049, 2048, 2048, 2048]","[2049, 2048, 2048, 2048, 2048, 2048, 2049, 2048, 2048]",324.0,5_9912
1268,9912,5,38,2025-09-07T13:55:55.738000+00:00,27.149,28.102,27.286,,325.0,False,82.537,"[None, 2048, 2048, 2048, 2048, 2048]","[2049, 2048, 2049, 2048, 2048, 2048, 2048]","[2048, 2048, 2048, 2048, 2048, 2048, 2049, 2049, 2049]",327.0,5_9912
1268,9912,5,39,2025-09-07T13:57:18.257000+00:00,27.155,28.12,27.663,319.0,338.0,False,82.938,"[None, 2048, 2048, 2048, 2048, 2048]","[2048, 2048, 2048, 2048, 2048, 2049, 2048]","[2048, 2048, 2048, 2048, 2048, 2048, 2051, 2051, 2049]",,5_9912
1268,9912,5,40,2025-09-07T13:58:41.237000+00:00,27.314,28.773,27.588,322.0,336.0,False,83.675,"[2049, 2048, 2048, 2048, 2048, 2048]","[2048, 2048, 2048, 2048, 2048, 2048, 2048]","[2048, 2048, 2051, 2048, 2048, 2049, 2051, 2051, 2051]",346.0,5_9912
1268,9912,5,41,2025-09-07T14:00:04.988000+00:00,27.016,28.352,27.37,316.0,321.0,False,82.738,"[2048, 2048, 2048, 2048, 2048, 2048]","[2048, 2048, 2048, 2048, 2048, 2048, 2048]","[2048, 2049, 2048, 2048, 2048, 2048, 2048, 2048, 2048]",356.0,5_9912
1268,9912,5,42,2025-09-07T14:01:27.705000+00:00,27.159,28.468,27.545,,322.0,False,83.172,"[None, 2048, 2048, 2048, 2048, 2048]","[2048, 2048, 2048, 2048, 2048, 2048, 2048]","[2048, 2048, 2048, 2048, 2048, 2048, 2048, 2048, 2048]",340.0,5_9912
1268,9912,5,43,2025-09-07T14:02:50.788000+00:00,27.239,28.239,27.347,314.0,322.0,False,82.825,"[None, 2048, 2048, 2048, 2048, 2048]","[2048, 2048, 2048, 2048, 2048, 2048, 2048]","[2048, 2048, 2048, 2048, 2048, 2048, 2048, 2048, 2048]",325.0,5_9912
1268,9912,5,44,2025-09-07T14:04:13.699000+00:00,27.324,28.12,27.392,315.0,323.0,False,82.836,"[None, 2048, 2048, 2048, 2048, 2048]","[2048, 2048, 2048, 2048, 2048, 2048, 2048]","[2048, 2048, 2048, 2048, 2048, 2048, 2048, 2048, 2048]",322.0,5_9912
1268,9912,5,45,2025-09-07T14:05:36.535000+00:00,27.168,28.145,27.297,317.0,322.0,False,82.61,"[None, 2048, 2048, 2048, 2048, 2048]","[2048, 2048, 2049, 2048, 2048, 2048, 2048]","[2048, 2048, 2048, 2048, 2048, 2048, 2048, 2048, 2048]",325.0,5_9912
1268,9912,5,46,2025-09-07T14:06:59.067000+00:00,27.246,27.905,27.267,316.0,323.0,False,82.418,"[None, 2048, 2048, 2048, 2048, 2048]","[2049, 2049, 2049, 2048, 2048, 2048, 2048]","[2048, 2048, 2048, 2048, 2048, 2048, 2048, 2048, 2048]",,5_9912
1268,9912,5,47,2025-09-07T14:08:21.489000+00:00,27.166,28.02,27.281,318.0,322.0,False,82.467,"[None, 2048, 2048, 2048, 2048, 2048]","[2048, 2048, 2048, 2048, 2048, 2048, 2048]","[2048, 2048, 2048, 2048, 2048, 2048, 2048, 2048, 2048]",322.0,5_9912
1268,9912,5,48,2025-09-07T14:09:44.026000+00:00,27.159,28.047,27.144,316.0,321.0,False,82.35,"[None, 2048, 2048, 2048, 2048, 2048]","[2048, 2048, 2048, 2049, 2048, 2048, 2048]","[2048, 2049, 2048, 2048, 2048, 2049, 2048, 2048, 2048]",323.0,5_9912
1268,9912,5,49,2025-09-07T14:11:06.423000+00:00,27.129,28.103,27.182,317.0,321.0,False,82.414,"[None, 2048, 2048, 2048, 2048, 2048]","[2048, 2048, 2048, 2049, 2048, 2048, 2048]","[2048, 2048, 2048, 2048, 2048, 2048, 2048, 2048, 2048]",324.0,5_9912
1268,9912,5,50,2025-09-07T14:12:28.796000+00:00,27.092,27.89,27.169,318.0,324.0,False,82.151,"[None, 2048, 2049, 2048, 2048, 2048]","[2048, 2048, 2049, 2049, 2048, 2048, 2048]","[2048, 2048, 2048, 2048, 2048, 2048, 2048, 2048, 2048]",326.0,5_9912
1268,9912,5,51,2025-09-07T14:13:50.889000+00:00,26.996,27.988,27.155,319.0,324.0,False,82.139,"[None, 2048, 2049, 2048, 2048, 2048]","[2048, 2048, 2048, 2048, 2048, 2048, 2048]","[2049, 2048, 2048, 2048, 2049, 2049, 2048, 2048, 2048]",,5_9912
1268,9912,5,52,2025-09-07T14:15:13.082000+00:00,27.274,28.131,27.214,315.0,322.0,False,82.619,"[None, 2048, 2049, 2049, 2048, 2048]","[2048, 2048, 2048, 2048, 2048, 2048, 2048]","[2048, 2048, 2048, 2048, 2048, 2048, 2048, 2048, 2048]",328.0,5_9912
1268,9912,5,53,2025-09-07T14:16:35.569000+00:00,27.042,28.042,27.236,321.0,325.0,False,82.32,"[None, 2048, 2048, 2048, 2048, 2048]","[2049, 2048, 2048, 2048, 2048, 2048, 2048]","[2048, 2048, 2048, 2048, 2048, 2048, 2048, 2048]",327.0,5_9912
1268,9912,6,1,2025-09-07T13:03:34.805000+00:00,36.913,29.816,28.549,328.0,324.0,False,95.278,"[None, 2064, 2049, 2051, 2049, 2049]","[2049, 2049, 2049, 2049, 2049, 2049, 2049]","[2049, 2049, 2049, 2049, 2049, 2049, 2049, 2049, 2049]",283.0,6_9912
1268,9912,6,2,2025-09-07T13:05:10.082000+00:00,28.158,30.04,28.534,322.0,332.0,False,86.732,"[2049, 2049, 2049, 2048, 2049, 2048]","[2048, 2049, 2049, 2048, 2048, 2051, 2049]","[2049, 2048, 2048, 2049, 2049, 2049, 2049, 2049, 2049]",328.0,6_9912
1268,9912,6,3,2025-09-07T13:06:36.803000+00:00,27.609,29.65,28.208,316.0,342.0,False,85.467,"[None, 2049, 2048, 2049, 2048, 2048]","[2048, 2049, 2048, 2048, 2048, 2048, 2049]","[2049, 2049, 2049, 2051, 2049, 2049, 2049, 2048, 2049]",323.0,6_9912
1268,9912,6,4,2025-09-07T13:08:02.335000+00:00,27.616,29.235,28.367,321.0,341.0,False,85.218,"[None, 2049, 2049, 2048, 2048, 2048]","[2048, 2049, 2049, 2048, 2048, 2048, 2048]","[2049, 2048, 2049, 2048, 2048, 2048, 2048, 2048, 2048]",337.0,6_9912
1268,9912,6,5,2025-09-07T13:09:27.428000+00:00,27.34,29.36,28.187,320.0,340.0,False,84.887,"[2048, 2048, 2048, 2049, 2049, 2048]","[2048, 2049, 2048, 2048, 2048, 2048, 2048]","[2049, 2049, 2048, 2048, 2048, 2048, 2048, 2048, 2049]",333.0,6_9912
1268,9912,6,6,2025-09-07T13:10:52.351000+00:00,27.407,29.369,28.148,317.0,336.0,False,84.924,"[2049, 2048, 2048, 2048, 2048, 2048]","[2048, 2048, 2048, 2048, 2049, 2048, 2048]","[2049, 2049, 2048, 2048, 2049, 2048, 2048, 2049, 2048]",335.0,6_9912
1268,9912,6,7,2025-09-07T13:12:17.329000+00:00,27.494,28.929,28.183,326.0,341.0,False,84.606,"[2048, 2048, 2048, 2048, 2048, 2048]","[2048, 2048, 2048, 2048, 2048, 2048, 2048]","[2048, 2048, 2048, 2049, 2048, 2048, 2048, 2049, 2049]",334.0,6_9912
1268,9912,6,8,2025-09-07T13:13:41.856000+00:00,28.656,29.041,28.031,315.0,326.0,False,85.728,"[None, 2049, 2049, 2048, 2048, 2048]","[2048, 2048, 2048, 2048, 2049, 2048, 2048]","[2049, 2048, 2048, 2048, 2049, 2049, 2049, 2048, 2048]",362.0,6_9912
1268,9912,6,9,2025-09-07T13:15:07.644000+00:00,27.403,28.666,28.098,318.0,337.0,False,84.167,"[None, 2048, 2048, 2049, 2048, 2048]","[2048, 2049, 2049, 2048, 2049, 2048, 2048]","[2048, 2048, 2049, 2048, 2048, 2048, 2049, 2048, 2049]",326.0,6_9912
1268,9912,6,10,2025-09-07T13:16:31.717000+00:00,27.505,29.292,28.067,,332.0,False,84.864,"[None, 2048, 2048, 2048, 2048, 2048]","[2048, 2048, 2048, 2048, 2048, 2048, 2048]","[2048, 2049, 2051, 2051, 2048, 2049, 2049, 2048, 2048]",342.0,6_9912
1268,9912,6,11,2025-09-07T13:17:56.602000+00:00,27.595,28.82,28.234,320.0,335.0,False,84.649,"[None, 2048, 2048, 2048, 2048, 2048]","[2049, 2049, 2048, 2048, 2048, 2048, 2048]","[2048, 2048, 2048, 2048, 2048, 2048, 2048, 2048, 2048]",336.0,6_9912
1268,9912,6,12,2025-09-07T13:19:21.312000+00:00,27.546,28.975,28.074,314.0,334.0,False,84.595,"[None, 2048, 2048, 2048, 2048, 2048]","[2048, 2048, 2048, 2048, 2048, 2048, 2048]","[2048, 2048, 2048, 2051, 2048, 2049, 2049, 2049, 2049]",358.0,6_9912
1268,9912,6,13,2025-09-07T13:20:45.882000+00:00,27.378,28.714,27.989,315.0,320.0,False,84.081,"[2049, 2048, 2048, 2048, 2048, 2048]","[2048, 2049, 2049, 2049, 2049, 2048, 2048]","[2048, 2048, 2048, 2048, 2049, 2049, 2048, 2048, 2048]",348.0,6_9912
1268,9912,6,14,2025-09-07T13:22:09.945000+00:00,27.452,28.77,27.96,314.0,322.0,False,84.182,"[2048, 2048, 2048, 2048, 2048, 2048]","[2048, 2048, 2048, 2049, 2048, 2048, 2048]","[2048, 2049, 2048, 2048, 2048, 2048, 2048, 2048, 2048]",326.0,6_9912
1268,9912,6,15,2025-09-07T13:23:34.164000+00:00,27.411,28.754,27.871,318.0,322.0,False,84.036,"[None, 2048, 2048, 2048, 2048, 2048]","[2049, 2048, 2048, 2048, 2048, 2048, 2048]","[2049, 2049, 2048, 2048, 2048, 2048, 2048, 2048, 2048]",331.0,6_9912
1268,9912,6,16,2025-09-07T13:24:58.244000+00:00,27.456,28.783,28.048,319.0,326.0,False,84.287,"[None, 2048, 2048, 2048, 2048, 2048]","[2048, 2048, 2048, 2048, 2048, 2048, 2048]","[2048, 2048, 2048, 2048, 2048, 2048, 2048, 2048, 2048]",330.0,6_9912
1268,9912,6,17,2025-09-07T13:26:22.527000+00:00,27.463,28.77,28.214,317.0,325.0,False,84.447,"[None, 2048, 2048, 2048, 2048, 2048]","[2048, 2048, 2048, 2048, 2048, 2048, 2048]","[2048, 2048, 2048, 2048, 2048, 2048, 2048, 2048, 2048]",,6_9912
1268,9912,6,18,2025-09-07T13:27:46.981000+00:00,27.39,28.77,27.872,,326.0,False,84.032,"[None, 2048, 2048, 2048, 2048, 2048]","[2048, 2048, 2048, 2048, 2048, 2048, 2048]","[2048, 2048, 2048, 2048, 2048, 2048, 2048, 2048, 2048]",332.0,6_9912
1268,9912,6,19,2025-09-07T13:29:10.928000+00:00,27.372,28.781,28.089,319.0,328.0,False,84.242,"[None, 2048, 2048, 2048, 2048, 2048]","[2048, 2048, 2048, 2048, 2048, 2048, 2048]","[2048, 2048, 2048, 2048, 2048, 2048, 2048, 2048, 2048]",,6_9912
1268,9912,6,20,2025-09-07T13:30:35.333000+00:00,27.465,28.682,27.993,320.0,328.0,False,84.14,"[None, 2048, 2048, 2048, 2048, 2048]","[2048, 2048, 2048, 2048, 2049, 2048, 2048]","[2049, 2048, 2048, 2048, 2048, 2048, 2048, 2048, 2048]",336.0,6_9912
1268,9912,6,21,2025-09-07T13:31:59.262000+00:00,27.438,28.723,27.961,319.0,326.0,False,84.122,"[None, 2048, 2048, 2048, 2048, 2048]","[2048, 2048, 2048, 2048, 2048, 2048, 2048]","[2048, 2048, 2048, 2048, 2048, 2048, 2048, 2048, 2048]",335.0,6_9912
1268,9912,6,22,2025-09-07T13:33:23.433000+00:00,27.368,28.576,27.9,322.0,328.0,False,83.844,"[None, 2048, 2048, 2048, 2048, 2048]","[2048, 2048, 2049, 2048, 2049, 2048, 2048]","[2049, 2048, 2048, 2048, 2048, 2048, 2048, 2048, 2048]",336.0,6_9912
1268,9912,6,23,2025-09-07T13:34:47.315000+00:00,27.383,28.695,27.895,320.0,325.0,False,83.973,"[None, 2048, 2048, 2048, 2048, 2048]","[2049, 2048, 2048, 2049, 2048, 2048, 2048]","[2048, 2048, 2048, 2048, 2048, 2048, 2048, 2049, 2048]",334.0,6_9912
1268,9912,6,24,2025-09-07T13:36:11.261000+00:00,27.421,28.585,27.795,318.0,324.0,False,83.801,"[None, 2048, 2048, 2048, 2049, 2048]","[2048, 2048, 2048, 2049, 2048, 2048, 2048]","[2048, 2048, 2048, 2048, 2048, 2048, 2048, 2048, 2048]",333.0,6_9912
1268,9912,6,25,2025-09-07T13:37:35.090000+00:00,27.355,28.692,27.835,,331.0,False,83.882,"[None, 2048, 2048, 2048, 2049, 2048]","[2048, 2048, 2049, 2048, 2048, 2048, 2048]","[2049, 2048, 2048, 2048, 2048, 2048, 2048, 2048, 2048]",335.0,6_9912
1268,9912,6,26,2025-09-07T13:38:58.988000+00:00,27.335,28.707,27.984,319.0,328.0,False,84.026,"[None, 2048, 2048, 2048, 2049, 2048]","[2048, 2048, 2048, 2048, 2048, 2048, 2048]","[2048, 2048, 2048, 2048, 2048, 2048, 2048, 2048, 2048]",,6_9912
1268,9912,6,27,2025-09-07T13:40:23.008000+00:00,27.363,28.743,27.779,321.0,328.0,False,83.885,"[None, 2048, 2048, 2048, 2048, 2048]","[2048, 2048, 2048, 2048, 2048, 2048, 2048]","[2048, 2048, 2048, 2048, 2048, 2049, 2048, 2048, 2048]",336.0,6_9912
1268,9912,6,28,2025-09-07T13:41:46.883000+00:00,27.39,28.558,27.738,319.0,327.0,False,83.686,"[None, 2048, 2048, 2048, 2048, 2048]","[2048, 2048, 2049, 2048, 2048, 2048, 2048]","[2048, 2048, 2051, 2048, 2048, 2048, 2048, 2049, 2048]",333.0,6_9912
1268,9912,6,29,2025-09-07T13:43:10.432000+00:00,27.271,28.313,27.805,322.0,340.0,False,83.389,"[None, 2048, 2048, 2048, 2049, 2048]","[2048, 2048, 2049, 2048, 2048, 2049, 2048]","[2048, 2048, 2048, 2048, 2048, 2048, 2048, 2048, 2048]",336.0,6_9912
1268,9912,6,30,2025-09-07T13:44:33.941000+00:00,27.312,28.622,27.767,319.0,338.0,False,83.701,"[None, 2048, 2048, 2048, 2049, 2048]","[2048, 2048, 2048, 2048, 2048, 2048, 2048]","[2048, 2048, 2051, 2048, 2048, 2048, 2048, 2049, 2048]",346.0,6_9912
1268,9912,6,31,2025-09-07T13:45:57.590000+00:00,27.163,28.48,27.788,322.0,338.0,False,83.431,"[None, 2048, 2048, 2048, 2048, 2049]","[2048, 2048, 2048, 2048, 2048, 2051, 2048]","[2048, 2048, 2048, 2048, 2048, 2048, 2048, 2048, 2048]",347.0,6_9912
1268,9912,6,32,2025-09-07T13:47:21.084000+00:00,27.312,28.834,32.196,323.0,337.0,False,88.342,"[None, 2048, 2048, 2048, 2048, 2049]","[2048, 2048, 2048, 2048, 2048, 2048, 2048]","[2048, 2048, 2051, 2048, 2048, 2048, 2048, 2064, 2064]",346.0,6_9912
1268,9912,6,33,2025-09-07T13:48:49.416000+00:00,47.595,28.068,27.329,318.0,320.0,True,102.992,"[2064, 2064, 2048, 2048, 2048, 2048]","[2048, 2049, 2049, 2049, 2049, 2048, 2048]","[2049, 2049, 2048, 2048, 2049, 2049, 2049, 2048, 2048]",287.0,6_9912
1268,9912,6,34,2025-09-07T13:50:32.392000+00:00,27.387,27.946,27.324,317.0,321.0,False,82.657,"[2048, 2048, 2048, 2049, 2048, 2048]","[2049, 2049, 2049, 2048, 2049, 2048, 2048]","[2048, 2049, 2048, 2048, 2049, 2048, 2049, 2048, 2048]",323.0,6_9912
1268,9912,6,35,2025-09-07T13:51:55.121000+00:00,27.198,28.047,27.336,,322.0,False,82.581,"[None, 2048, 2048, 2049, 2048, 2048]","[2049, 2048, 2048, 2048, 2049, 2048, 2048]","[2048, 2048, 2048, 2048, 2048, 2048, 2048, 2048, 2048]",326.0,6_9912
1268,9912,6,36,2025-09-07T13:53:17.709000+00:00,27.214,28.042,27.446,318.0,324.0,False,82.702,"[None, 2048, 2048, 2048, 2048, 2048]","[2048, 2048, 2048, 2048, 2048, 2048, 2048]","[2048, 2048, 2048, 2048, 2048, 2048, 2049, 2048, 2048]",325.0,6_9912
1268,9912,6,37,2025-09-07T13:54:40.370000+00:00,27.218,28.348,27.432,317.0,323.0,False,82.998,"[None, 2048, 2048, 2048, 2048, 2048]","[2049, 2048, 2048, 2048, 2048, 2048, 2048]","[2048, 2048, 2048, 2048, 2048, 2048, 2049, 2048, 2048]",,6_9912
1268,9912,6,38,2025-09-07T13:56:03.443000+00:00,27.32,28.351,27.411,,323.0,False,83.082,"[None, 2048, 2048, 2048, 2048, 2048]","[2048, 2048, 2048, 2048, 2048, 2048, 2048]","[2048, 2048, 2048, 2048, 2048, 2048, 2048, 2048, 2048]",326.0,6_9912
1268,9912,6,39,2025-09-07T13:57:26.432000+00:00,27.273,28.007,27.465,318.0,325.0,False,82.745,"[None, 2048, 2048, 2048, 2048, 2048]","[2048, 2048, 2048, 2048, 2048, 2048, 2048]","[2048, 2048, 2048, 2048, 2048, 2049, 2049, 2049, 2048]",,6_9912
1268,9912,6,40,2025-09-07T13:58:49.268000+00:00,27.319,29.124,27.309,,322.0,False,83.752,"[None, 2048, 2048, 2048, 2049, 2048]","[2048, 2048, 2048, 2048, 2048, 2048, 2048]","[2048, 2049, 2048, 2048, 2049, 2049, 2049, 2049, 2048]",,6_9912
1268,9912,6,41,2025-09-07T14:00:12.965000+00:00,27.23,28.063,27.232,316.0,323.0,False,82.525,"[None, 2048, 2048, 2048, 2048, 2048]","[2048, 2048, 2048, 2049, 2048, 2048, 2048]","[2049, 2048, 2048, 2048, 2049, 2048, 2048, 2048, 2048]",327.0,6_9912
1268,9912,6,42,2025-09-07T14:01:35.424000+00:00,27.277,28.063,27.255,317.0,322.0,False,82.595,"[None, 2048, 2048, 2048, 2048, 2048]","[2048, 2048, 2048, 2048, 2048, 2048, 2048]","[2049, 2048, 2048, 2048, 2049, 2049, 2049, 2048, 2048]",326.0,6_9912
1268,9912,6,43,2025-09-07T14:02:58.084000+00:00,27.259,27.937,27.252,,323.0,False,82.448,"[None, 2048, 2048, 2048, 2048, 2048]","[2048, 2048, 2048, 2049, 2048, 2048, 2048]","[2048, 2049, 2048, 2048, 2048, 2048, 2048, 2048, 2048]",325.0,6_9912
1268,9912,6,44,2025-09-07T14:04:20.558000+00:00,27.204,28.006,27.217,316.0,323.0,False,82.427,"[None, 2048, 2048, 2048, 2049, 2048]","[2048, 2048, 2049, 2048, 2048, 2048, 2048]","[2048, 2048, 2048, 2048, 2048, 2048, 2048, 2048, 2048]",327.0,6_9912
1268,9912,6,45,2025-09-07T14:05:42.925000+00:00,27.2,27.999,27.131,317.0,323.0,False,82.33,"[None, 2048, 2048, 2048, 2049, 2048]","[2048, 2048, 2048, 2048, 2048, 2048, 2048]","[2049, 2048, 2048, 2048, 2049, 2049, 2049, 2048, 2048]",325.0,6_9912
1268,9912,6,46,2025-09-07T14:07:05.285000+00:00,27.184,27.867,27.082,,324.0,False,82.133,"[None, 2048, 2048, 2048, 2048, 2048]","[2048, 2049, 2049, 2048, 2049, 2048, 2048]","[2048, 2049, 2049, 2048, 2048, 2048, 2049, 2048, 2049]",327.0,6_9912
1268,9912,6,47,2025-09-07T14:08:27.415000+00:00,27.266,27.854,27.089,318.0,323.0,False,82.209,"[None, 2048, 2048, 2048, 2049, 2048]","[2048, 2048, 2048, 2048, 2049, 2049, 2048]","[2048, 2048, 2049, 2048, 2048, 2048, 2048, 2048, 2048]",326.0,6_9912
1268,9912,6,48,2025-09-07T14:09:49.594000+00:00,27.132,27.988,27.119,319.0,324.0,False,82.239,"[None, 2048, 2048, 2048, 2049, 2048]","[2048, 2048, 2048, 2048, 2048, 2048, 2048]","[2048, 2048, 2051, 2048, 2048, 2048, 2048, 2049, 2049]",328.0,6_9912
1268,9912,6,49,2025-09-07T14:11:11.845000+00:00,27.123,27.927,27.219,,326.0,False,82.269,"[None, 2048, 2048, 2048, 2049, 2048]","[2048, 2048, 2048, 2048, 2048, 2048, 2048]","[2048, 2048, 2051, 2048, 2048, 2048, 2048, 2049, 2048]",329.0,6_9912
1268,9912,6,50,2025-09-07T14:12:34.262000+00:00,27.241,27.917,27.153,317.0,322.0,False,82.311,"[None, 2048, 2048, 2048, 2048, 2048]","[2048, 2048, 2049, 2048, 2048, 2048, 2048]","[2048, 2048, 2048, 2048, 2048, 2049, 2048, 2048, 2048]",326.0,6_9912
1268,9912,6,51,2025-09-07T14:13:56.436000+00:00,27.235,27.92,27.071,316.0,322.0,False,82.226,"[None, 2048, 2048, 2048, 2048, 2048]","[2048, 2049, 2048, 2049, 2048, 2048, 2048]","[2048, 2049, 2048, 2048, 2049, 2049, 2048, 2049, 2048]",324.0,6_9912
1268,9912,6,52,2025-09-07T14:15:18.729000+00:00,27.238,27.877,27.1,317.0,320.0,False,82.215,"[None, 2048, 2048, 2048, 2048, 2048]","[2048, 2048, 2048, 2048, 2048, 2048, 2048]","[2048, 2049, 2048, 2048, 2048, 2048, 2049, 2048, 2048]",326.0,6_9912
1268,9912,6,53,2025-09-07T14:16:40.852000+00:00,27.306,28.104,27.126,,322.0,False,82.536,"[None, 2048, 2048, 2048, 2048, 2048]","[2048, 2048, 2048, 2048, 2048, 2048, 2048]","[2048, 2048, 2048, 2051, 2048, 2048, 2048, 2048, 2048]",340.0,6_9912
1268,9912,10,1,2025-09-07T13:03:34.805000+00:00,37.708,29.724,28.616,328.0,321.0,False,96.048,"[None, 2064, 2049, 2049, 2049, 2049]","[2049, 2051, 2049, 2049, 2049, 2049, 2049]","[2049, 2049, 2049, 2049, 2049, 2049, 2049, 2049, 2049]",261.0,10_9912
1268,9912,10,2,2025-09-07T13:05:10.852000+00:00,28.186,29.769,28.608,315.0,333.0,False,86.563,"[2049, 2049, 2049, 2049, 2048, 2048]","[2048, 2048, 2049, 2049, 2048, 2049, 2049]","[2049, 2048, 2048, 2048, 2049, 2049, 2049, 2049, 2049]",313.0,10_9912
1268,9912,10,3,2025-09-07T13:06:37.443000+00:00,27.716,29.646,28.144,312.0,330.0,False,85.506,"[None, 2049, 2048, 2049, 2049, 2048]","[2048, 2049, 2049, 2049, 2048, 2048, 2048]","[2049, 2049, 2049, 2048, 2049, 2049, 2049, 2049, 2049]",335.0,10_9912
1268,9912,10,4,2025-09-07T13:08:03.054000+00:00,27.402,29.516,28.402,316.0,331.0,False,85.32,"[None, 2049, 2049, 2051, 2049, 2048]","[2048, 2048, 2049, 2049, 2049, 2049, 2048]","[2048, 2048, 2048, 2048, 2048, 2048, 2048, 2048, 2048]",338.0,10_9912
1268,9912,10,5,2025-09-07T13:09:28.307000+00:00,27.542,29.258,29.191,313.0,329.0,False,85.991,"[2048, 2048, 2049, 2048, 2048, 2048]","[2048, 2049, 2049, 2049, 2048, 2048, 2048]","[2049, 2048, 2048, 2048, 2048, 2048, 2048, 2048, 2048]",337.0,10_9912
1268,9912,10,6,2025-09-07T13:10:54.273000+00:00,27.609,29.118,28.26,,318.0,False,84.987,"[None, 2048, 2049, 2048, 2048, 2048]","[2049, 2048, 2049, 2049, 2049, 2048, 2048]","[2048, 2049, 2048, 2048, 2048, 2048, 2048, 2048, 2048]",326.0,10_9912
1268,9912,10,7,2025-09-07T13:12:19.345000+00:00,27.756,28.944,28.072,312.0,317.0,False,84.772,"[None, 2048, 2048, 2048, 2048, 2048]","[2049, 2049, 2048, 2049, 2049, 2048, 2048]","[2048, 2048, 2048, 2048, 2049, 2049, 2048, 2049, 2048]",325.0,10_9912
1268,9912,10,8,2025-09-07T13:13:44.002000+00:00,27.673,29.362,28.123,314.0,317.0,False,85.158,"[None, 2048, 2048, 2048, 2048, 2048]","[2048, 2048, 2048, 2048, 2048, 2048, 2048]","[2048, 2048, 2048, 2048, 2048, 2048, 2048, 2048, 2048]",324.0,10_9912
1268,9912,10,9,2025-09-07T13:15:09.257000+00:00,27.594,29.195,28.079,312.0,316.0,False,84.868,"[None, 2048, 2048, 2049, 2048, 2048]","[2048, 2048, 2048, 2048, 2049, 2048, 2048]","[2048, 2048, 2048, 2048, 2049, 2049, 2048, 2048, 2048]",322.0,10_9912
1268,9912,10,10,2025-09-07T13:16:34.029000+00:00,27.684,28.875,28.001,311.0,315.0,False,84.56,"[None, 2048, 2048, 2048, 2048, 2048]","[2049, 2048, 2049, 2049, 2049, 2048, 2048]","[2048, 2049, 2048, 2048, 2049, 2049, 2048, 2049, 2048]",321.0,10_9912
1268,9912,10,11,2025-09-07T13:17:58.555000+00:00,27.653,28.981,28.033,312.0,315.0,False,84.667,"[None, 2048, 2049, 2048, 2048, 2048]","[2048, 2048, 2048, 2049, 2049, 2048, 2048]","[2048, 2048, 2048, 2048, 2049, 2048, 2048, 2048, 2048]",323.0,10_9912
1268,9912,10,12,2025-09-07T13:19:23.265000+00:00,27.695,28.997,28.171,311.0,315.0,False,84.863,"[None, 2048, 2048, 2048, 2048, 2048]","[2049, 2048, 2048, 2048, 2049, 2048, 2048]","[2048, 2048, 2048, 2048, 2048, 2048, 2048, 2048, 2048]",322.0,10_9912
1268,9912,10,13,2025-09-07T13:20:48.226000+00:00,27.678,28.995,28.111,,313.0,False,84.784,"[None, 2048, 2048, 2048, 2048, 2048]","[2048, 2048, 2048, 2048, 2048, 2048, 2048]","[2048, 2048, 2048, 2048, 2048, 2048, 2048, 2048, 2048]",321.0,10_9912
1268,9912,10,14,2025-09-07T13:22:13.007000+00:00,27.619,29.456,28.039,,313.0,False,85.114,"[None, 2048, 2048, 2048, 2048, 2048]","[2049, 2048, 2048, 2048, 2048, 2048, 2048]","[2048, 2048, 2048, 2048, 2048, 2048, 2048, 2048, 2048]",322.0,10_9912
1268,9912,10,15,2025-09-07T13:23:38.124000+00:00,27.602,29.765,28.081,312.0,314.0,False,85.448,"[None, 2048, 2048, 2048, 2048, 2048]","[2049, 2048, 2048, 2048, 2048, 2048, 2048]","[2048, 2048, 2048, 2048, 2048, 2048, 2049, 2049, 2048]",323.0,10_9912
1268,9912,10,16,2025-09-07T13:25:03.585000+00:00,27.598,28.966,27.96,,315.0,False,84.524,"[None, 2048, 2048, 2048, 2048, 2048]","[2048, 2048, 2048, 2048, 2048, 2048, 2048]","[2048, 2049, 2048, 2048, 2048, 2048, 2048, 2048, 2048]",322.0,10_9912
1268,9912,10,17,2025-09-07T13:26:28.042000+00:00,27.651,28.915,27.807,311.0,314.0,False,84.373,"[None, 2048, 2048, 2048, 2048, 2048]","[2048, 2048, 2048, 2049, 2048, 2048, 2048]","[2048, 2049, 2048, 2048, 2049, 2049, 2049, 2049, 2049]",321.0,10_9912
1268,9912,10,18,2025-09-07T13:27:52.450000+00:00,27.594,29.205,28.042,309.0,312.0,False,84.841,"[None, 2048, 2048, 2048, 2048, 2048]","[2048, 2049, 2048, 2048, 2048, 2048, 2048]","[2048, 2048, 2048, 2048, 2048, 2048, 2048, 2048, 2049]",,10_9912
1268,9912,10,19,2025-09-07T13:29:17.282000+00:00,27.625,28.814,27.855,310.0,314.0,False,84.294,"[None, 2048, 2048, 2048, 2048, 2048]","[2048, 2049, 2048, 2048, 2049, 2048, 2048]","[2048, 2049, 2048, 2048, 2048, 2048, 2048, 2049, 2048]",320.0,10_9912
1268,9912,10,20,2025-09-07T13:30:41.593000+00:00,27.515,28.859,27.875,309.0,313.0,False,84.249,"[None, 2048, 2049, 2048, 2048, 2048]","[2048, 2048, 2048, 2049, 2048, 2048, 2048]","[2048, 2049, 2048, 2048, 2048, 2048, 2048, 2048]",,10_9912
1268,9912,10,21,2025-09-07T13:32:05.703000+00:00,27.629,28.659,27.837,311.0,314.0,False,84.125,"[None, 2048, 2048, 2048, 2048, 2048]","[2048, 2049, 2048, 2048, 2049, 2048, 2048]","[2048, 2049, 2048, 2048, 2048, 2048, 2048, 2049, 2049]",,10_9912
1268,9912,10,22,2025-09-07T13:33:29.832000+00:00,27.529,28.772,27.802,312.0,313.0,False,84.103,"[None, 2048, 2048, 2048, 2048, 2048]","[2048, 2049, 2049, 2048, 2048, 2048, 2048]","[2048, 2048, 2049, 2048, 2048, 2048, 2048, 2049, 2049]",,10_9912
1268,9912,10,23,2025-09-07T13:34:53.981000+00:00,27.574,28.859,27.986,311.0,313.0,False,84.419,"[None, 2048, 2048, 2048, 2048, 2048]","[2048, 2048, 2048, 2048, 2048, 2048, 2048]","[2048, 2048, 2048, 2048, 2048, 2048, 2048, 2048, 2048]",,10_9912
1268,9912,10,24,2025-09-07T13:36:18.375000+00:00,27.659,28.723,27.91,309.0,312.0,False,84.292,"[None, 2048, 2048, 2048, 2048, 2048]","[2048, 2048, 2048, 2048, 2049, 2048, 2048]","[2048, 2048, 2048, 2048, 2048, 2048, 2048, 2048, 2048]",319.0,10_9912
1268,9912,10,25,2025-09-07T13:37:42.825000+00:00,27.471,28.773,27.862,310.0,314.0,False,84.106,"[None, 2048, 2049, 2048, 2049, 2048]","[2048, 2048, 2049, 2048, 2048, 2048, 2048]","[2048, 2048, 2048, 2048, 2048, 2048, 2048, 2048, 2049]",320.0,10_9912
1268,9912,10,26,2025-09-07T13:39:06.761000+00:00,27.617,28.662,27.834,311.0,314.0,False,84.113,"[None, 2048, 2048, 2048, 2048, 2048]","[2048, 2048, 2048, 2048, 2048, 2048, 2048]","[2048, 2048, 2048, 2048, 2048, 2048, 2049, 2048, 2048]",319.0,10_9912
1268,9912,10,27,2025-09-07T13:40:30.993000+00:00,27.608,28.705,27.684,313.0,315.0,False,83.997,"[None, 2048, 2048, 2048, 2048, 2048]","[2048, 2048, 2048, 2048, 2049, 2048, 2048]","[2048, 2049, 2049, 2048, 2049, 2048, 2048, 2049, 2049]",320.0,10_9912
1268,9912,10,28,2025-09-07T13:41:54.883000+00:00,27.747,28.756,27.63,310.0,314.0,False,84.133,"[None, 2048, 2048, 2048, 2048, 2048]","[2048, 2048, 2048, 2048, 2048, 2048, 2048]","[2048, 2048, 2049, 2049, 2048, 2048, 2048, 2048, 2049]",318.0,10_9912
1268,9912,10,29,2025-09-07T13:43:19.026000+00:00,27.502,28.656,27.769,311.0,322.0,False,83.927,"[None, 2048, 2048, 2048, 2049, 2048]","[2048, 2048, 2048, 2048, 2048, 2049, 2048]","[2048, 2048, 2048, 2048, 2048, 2048, 2049, 2048, 2049]",329.0,10_9912
1268,9912,10,30,2025-09-07T13:44:42.902000+00:00,27.34,28.834,27.577,330.0,312.0,False,83.751,"[None, 2048, 2048, 2049, 2049, 2049]","[2048, 2048, 2048, 2048, 2048, 2048, 2048]","[2048, 2049, 2048, 2048, 2049, 2049, 2048, 2048, 2048]",320.0,10_9912
1268,9912,10,31,2025-09-07T13:46:06.717000+00:00,27.681,28.501,27.711,306.0,309.0,False,83.893,"[None, 2048, 2048, 2049, 2048, 2048]","[2048, 2049, 2048, 2049, 2049, 2048, 2048]","[2048, 2049, 2048, 2048, 2048, 2049, 2048, 2048, 2048]",315.0,10_9912
1268,9912,10,32,2025-09-07T13:47:30.568000+00:00,27.603,28.491,27.667,310.0,310.0,False,83.761,"[None, 2048, 2048, 2048, 2048, 2048]","[2048, 2048, 2048, 2048, 2048, 2048, 2048]","[2048, 2048, 2048, 2048, 2048, 2048, 2048, 2048, 2048]",,10_9912
1268,9912,10,33,2025-09-07T13:48:54.432000+00:00,27.579,29.141,27.717,308.0,309.0,False,84.437,"[None, 2048, 2048, 2048, 2048, 2048]","[2048, 2048, 2048, 2048, 2048, 2048, 2048]","[2048, 2048, 2048, 2048, 2048, 2048, 2048, 2048, 2048]",316.0,10_9912
1268,9912,10,34,2025-09-07T13:50:18.847000+00:00,27.644,28.539,27.489,,309.0,False,83.672,"[None, 2048, 2048, 2048, 2048, 2048]","[2048, 2048, 2048, 2049, 2048, 2048, 2048]","[2048, 2049, 2048, 2048, 2049, 2049, 2049, 2049, 2048]",,10_9912
1268,9912,10,35,2025-09-07T13:51:42.542000+00:00,27.481,28.346,27.493,309.0,311.0,False,83.32,"[None, 2048, 2048, 2049, 2048, 2048]","[2048, 2048, 2049, 2049, 2049, 2048, 2048]","[2048, 2048, 2048, 2048, 2049, 2048, 2049, 2048, 2048]",,10_9912
1268,9912,10,36,2025-09-07T13:53:05.819000+00:00,27.5,28.3,27.393,,311.0,False,83.193,"[None, 2048, 2048, 2049, 2048, 2048]","[2048, 2049, 2049, 2049, 2049, 2048, 2048]","[2048, 2048, 2048, 2048, 2051, 2049, 2049, 2049, 2049]",314.0,10_9912
1268,9912,10,37,2025-09-07T13:54:29.011000+00:00,27.47,28.393,27.531,,311.0,False,83.394,"[None, 2048, 2048, 2049, 2048, 2048]","[2048, 2048, 2048, 2048, 2048, 2048, 2048]","[2048, 2048, 2048, 2048, 2048, 2048, 2048, 2048, 2048]",,10_9912
1268,9912,10,38,2025-09-07T13:55:52.537000+00:00,27.417,28.341,27.408,,311.0,False,83.166,"[None, 2048, 2048, 2048, 2048, 2048]","[2048, 2048, 2049, 2048, 2049, 2048, 2048]","[2048, 2048, 2048, 2048, 2048, 2048, 2048, 2048, 2048]",333.0,10_9912
1268,9912,10,39,2025-09-07T13:57:15.539000+00:00,28.055,29.341,27.877,307.0,323.0,False,85.273,"[None, 2048, 2048, 2048, 2048, 2048]","[2048, 2048, 2048, 2048, 2048, 2049, 2048]","[2048, 2048, 2048, 2048, 2048, 2048, 2048, 2049, 2049]",314.0,10_9912
1268,9912,10,40,2025-09-07T13:58:40.924000+00:00,27.45,28.791,27.541,313.0,315.0,False,83.782,"[None, 2048, 2048, 2048, 2049, 2048]","[2048, 2048, 2048, 2048, 2048, 2048, 2048]","[2048, 2048, 2049, 2048, 2048, 2048, 2048, 2048, 2048]",328.0,10_9912
1268,9912,10,41,2025-09-07T14:00:04.630000+00:00,27.809,28.692,27.376,315.0,325.0,False,83.877,"[None, 2048, 2048, 2048, 2049, 2048]","[2048, 2048, 2048, 2048, 2048, 2049, 2048]","[2048, 2048, 2049, 2049, 2048, 2048, 2048, 2049, 2049]",320.0,10_9912
1268,9912,10,42,2025-09-07T14:01:28.533000+00:00,27.264,28.484,27.699,312.0,324.0,False,83.447,"[None, 2048, 2048, 2048, 2049, 2048]","[2048, 2048, 2048, 2048, 2048, 2048, 2048]","[2048, 2048, 2048, 2048, 2048, 2048, 2048, 2049, 2048]",331.0,10_9912
1268,9912,10,43,2025-09-07T14:02:51.944000+00:00,27.423,28.458,27.482,313.0,315.0,False,83.363,"[None, 2048, 2048, 2048, 2048, 2048]","[2048, 2048, 2048, 2048, 2048, 2048, 2048]","[2048, 2048, 2048, 2048, 2048, 2048, 2048, 2048, 2048]",320.0,10_9912
1268,9912,10,44,2025-09-07T14:04:15.324000+00:00,27.396,28.344,27.445,311.0,316.0,False,83.185,"[None, 2048, 2048, 2048, 2048, 2048]","[2048, 2048, 2049, 2048, 2048, 2048, 2048]","[2048, 2048, 2048, 2048, 2048, 2048, 2048, 2049, 2049]",319.0,10_9912
1268,9912,10,45,2025-09-07T14:05:38.488000+00:00,27.346,28.147,27.407,312.0,315.0,False,82.9,"[None, 2048, 2048, 2048, 2048, 2048]","[2048, 2048, 2049, 2049, 2049, 2048, 2048]","[2048, 2048, 2048, 2048, 2048, 2048, 2048, 2048, 2049]",318.0,10_9912
1268,9912,10,46,2025-09-07T14:07:01.457000+00:00,27.389,28.159,27.249,311.0,314.0,False,82.797,"[None, 2048, 2048, 2048, 2048, 2048]","[2048, 2048, 2049, 2048, 2049, 2048, 2048]","[2048, 2048, 2048, 2048, 2048, 2049, 2049, 2049, 2049]",319.0,10_9912
1268,9912,10,47,2025-09-07T14:08:24.301000+00:00,27.405,28.248,27.298,313.0,314.0,False,82.951,"[None, 2048, 2049, 2048, 2048, 2048]","[2048, 2049, 2048, 2048, 2048, 2048, 2048]","[2048, 2048, 2048, 2048, 2048, 2048, 2048, 2048, 2048]",317.0,10_9912
1268,9912,10,48,2025-09-07T14:09:47.230000+00:00,27.422,28.103,27.285,312.0,314.0,False,82.81,"[None, 2048, 2048, 2048, 2048, 2048]","[2048, 2048, 2048, 2048, 2048, 2048, 2048]","[2048, 2048, 2048, 2048, 2048, 2048, 2048, 2048, 2048]",,10_9912
1268,9912,10,49,2025-09-07T14:11:09.908000+00:00,27.429,28.268,31.638,311.0,313.0,False,87.335,"[None, 2048, 2048, 2048, 2048, 2048]","[2048, 2048, 2048, 2049, 2048, 2048, 2048]","[2048, 2048, 2048, 2048, 2048, 2048, 2048, 2064, 2064]",,10_9912
1268,9912,10,50,2025-09-07T14:12:37.381000+00:00,48.333,28.059,27.181,312.0,314.0,True,103.573,"[2064, 2064, 2048, 2048, 2048, 2048]","[2048, 2049, 2049, 2049, 2049, 2049, 2048]","[2049, 2048, 2048, 2048, 2049, 2049, 2049, 2048, 2049]",286.0,10_9912
1268,9912,10,51,2025-09-07T14:14:20.889000+00:00,27.013,28.133,27.178,313.0,322.0,False,82.324,"[2049, 2048, 2048, 2049, 2049, 2048]","[2048, 2048, 2048, 2048, 2048, 2049, 2048]","[2048, 2048, 2048, 2048, 2048, 2049, 2048, 2048, 2048]",331.0,10_9912
1268,9912,10,52,2025-09-07T14:15:43.136000+00:00,27.293,27.771,27.121,309.0,314.0,False,82.185,"[2048, 2048, 2048, 2048, 2048, 2048]","[2048, 2049, 2049, 2049, 2049, 2048, 2048]","[2048, 2049, 2048, 2048, 2049, 2048, 2048, 2048, 2048]",316.0,10_9912
1268,9912,12,1,2025-09-07T13:03:34.805000+00:00,31.713,31.496,28.871,333.0,314.0,False,92.08,"[2048, 2049, 2049, 2049, 2049, 2049]","[2049, 2049, 2049, 2049, 2049, 2049, 2049]","[2049, 2049, 2049, 2049, 2049, 2049, 2049, 2049, 2049]",266.0,12_9912
1268,9912,12,2,2025-09-07T13:05:06.884000+00:00,27.625,29.637,28.191,326.0,338.0,False,85.453,"[2049, 2049, 2049, 2049, 2049, 2048]","[2049, 2049, 2049, 2049, 2049, 2049, 2049]","[2049, 2049, 2049, 2049, 2049, 2049, 2049, 2049, 2049]",342.0,12_9912
1268,9912,12,3,2025-09-07T13:06:32.381000+00:00,27.462,29.648,28.351,312.0,338.0,False,85.461,"[None, 2049, 2048, 2051, 2048, 2048]","[2048, 2049, 2049, 2049, 2049, 2049, 2049]","[2048, 2048, 2049, 2048, 2048, 2048, 2048, 2049, 2048]",336.0,12_9912
1268,9912,12,4,2025-09-07T13:07:57.725000+00:00,27.359,29.466,28.016,320.0,338.0,False,84.841,"[None, 2049, 2048, 2048, 2049, 2048]","[2048, 2049, 2049, 2048, 2049, 2049, 2049]","[2049, 2049, 2049, 2048, 2049, 2049, 2049, 2049, 2049]",342.0,12_9912
1268,9912,12,5,2025-09-07T13:09:22.763000+00:00,27.253,29.309,28.088,319.0,336.0,False,84.65,"[None, 2049, 2049, 2048, 2048, 2048]","[2048, 2048, 2049, 2049, 2049, 2048, 2048]","[2048, 2049, 2049, 2048, 2048, 2048, 2048, 2048, 2049]",348.0,12_9912
1268,9912,12,6,2025-09-07T13:10:47.357000+00:00,27.114,29.695,28.271,327.0,329.0,False,85.08,"[None, 2048, 2048, 2048, 2049, 2048]","[2048, 2048, 2048, 2048, 2048, 2048, 2048]","[2048, 2049, 2048, 2048, 2048, 2048, 2048, 2048, 2048]",342.0,12_9912
1268,9912,12,7,2025-09-07T13:12:12.531000+00:00,27.509,29.028,27.964,316.0,329.0,False,84.501,"[2048, 2048, 2049, 2048, 2048, 2048]","[2049, 2049, 2049, 2049, 2049, 2048, 2048]","[2048, 2049, 2048, 2048, 2048, 2049, 2048, 2048, 2049]",340.0,12_9912
1268,9912,12,8,2025-09-07T13:13:36.812000+00:00,27.352,29.08,27.966,,330.0,False,84.398,"[None, 2048, 2048, 2048, 2048, 2048]","[2049, 2049, 2048, 2048, 2048, 2048, 2048]","[2049, 2048, 2049, 2048, 2048, 2048, 2048, 2048, 2049]",338.0,12_9912
1268,9912,12,9,2025-09-07T13:15:01.405000+00:00,27.38,29.168,28.018,319.0,329.0,False,84.566,"[None, 2048, 2048, 2048, 2048, 2048]","[2048, 2048, 2048, 2049, 2048, 2048, 2048]","[2048, 2048, 2049, 2049, 2048, 2048, 2048, 2048, 2048]",340.0,12_9912
1268,9912,12,10,2025-09-07T13:16:25.826000+00:00,27.321,29.201,28.049,322.0,330.0,False,84.571,"[None, 2048, 2048, 2048, 2048, 2048]","[2048, 2048, 2048, 2048, 2048, 2048, 2048]","[2048, 2048, 2048, 2048, 2048, 2048, 2049, 2048, 2048]",346.0,12_9912
1268,9912,12,11,2025-09-07T13:17:50.399000+00:00,27.407,29.11,27.993,312.0,326.0,False,84.51,"[None, 2048, 2048, 2048, 2048, 2048]","[2049, 2048, 2048, 2049, 2049, 2048, 2048]","[2048, 2049, 2048, 2048, 2048, 2048, 2048, 2048, 2048]",337.0,12_9912
1268,9912,12,12,2025-09-07T13:19:14.931000+00:00,,28.904,28.136,313.0,327.0,False,84.447,"[None, 2048, 2048, 2048, 2048, 2048]","[2048, 2049, 2048, 2048, 2048, 2048, 2048]","[2048, 2048, 2048, 2048, 2048, 2048, 2048, 2048, 2048]",328.0,12_9912
1268,9912,12,13,2025-09-07T13:20:39.312000+00:00,27.218,29.106,28.211,317.0,329.0,False,84.535,"[None, 2048, 2049, 2048, 2048, 2048]","[2049, 2048, 2048, 2048, 2048, 2048, 2048]","[2048, 2048, 2048, 2048, 2048, 2048, 2048, 2048, 2048]",338.0,12_9912
1268,9912,12,14,2025-09-07T13:22:03.882000+00:00,27.199,29.015,28.168,318.0,331.0,False,84.382,"[None, 2048, 2048, 2048, 2048, 2048]","[2049, 2048, 2048, 2048, 2048, 2048, 2048]","[2048, 2048, 2048, 2049, 2048, 2048, 2048, 2048, 2048]",341.0,12_9912
1268,9912,12,15,2025-09-07T13:23:28.336000+00:00,27.243,29.025,28.188,,330.0,False,84.456,"[None, 2048, 2048, 2048, 2048, 2048]","[2049, 2048, 2048, 2048, 2048, 2048, 2048]","[2048, 2048, 2048, 2048, 2048, 2048, 2048, 2048, 2048]",,12_9912
1268,9912,12,16,2025-09-07T13:24:52.662000+00:00,27.281,29.095,28.14,320.0,327.0,False,84.516,"[None, 2048, 2048, 2048, 2048, 2048]","[2048, 2048, 2048, 2048, 2048, 2048, 2048]","[2048, 2048, 2048, 2048, 2048, 2048, 2048, 2048, 2048]",336.0,12_9912
1268,9912,12,17,2025-09-07T13:26:17.308000+00:00,27.267,29.08,27.88,319.0,330.0,False,84.227,"[None, 2048, 2049, 2048, 2048, 2048]","[2048, 2048, 2048, 2048, 2048, 2048, 2048]","[2048, 2048, 2048, 2048, 2048, 2048, 2048, 2048, 2048]",338.0,12_9912
1268,9912,12,18,2025-09-07T13:27:41.497000+00:00,27.272,28.7,28.007,323.0,318.0,False,83.979,"[None, 2048, 2049, 2048, 2048, 2048]","[2049, 2049, 2048, 2048, 2049, 2048, 2048]","[2048, 2049, 2048, 2048, 2048, 2048, 2048, 2048, 2048]",345.0,12_9912
1268,9912,12,19,2025-09-07T13:29:05.355000+00:00,27.344,28.709,27.887,315.0,318.0,False,83.94,"[None, 2048, 2048, 2049, 2048, 2048]","[2048, 2048, 2048, 2049, 2049, 2048, 2048]","[2048, 2049, 2048, 2048, 2048, 2048, 2048, 2048, 2048]",330.0,12_9912
1268,9912,12,20,2025-09-07T13:30:29.460000+00:00,27.31,28.591,27.845,316.0,321.0,False,83.746,"[None, 2048, 2048, 2049, 2048, 2048]","[2048, 2049, 2049, 2049, 2048, 2048, 2048]","[2048, 2049, 2048, 2048, 2048, 2048, 2048, 2048, 2048]",332.0,12_9912
1268,9912,12,21,2025-09-07T13:31:53.106000+00:00,27.322,28.578,27.788,315.0,316.0,False,83.688,"[None, 2048, 2048, 2049, 2048, 2048]","[2049, 2048, 2048, 2049, 2049, 2048, 2048]","[2048, 2048, 2048, 2048, 2049, 2049, 2048, 2048, 2048]",326.0,12_9912
1268,9912,12,22,2025-09-07T13:33:16.933000+00:00,27.295,28.439,27.561,317.0,316.0,False,83.295,"[None, 2048, 2048, 2048, 2048, 2048]","[2048, 2049, 2049, 2048, 2049, 2048, 2048]","[2049, 2049, 2048, 2048, 2049, 2049, 2048, 2048, 2048]",327.0,12_9912
1268,9912,12,23,2025-09-07T13:34:40.076000+00:00,27.257,28.65,27.764,312.0,313.0,False,83.671,"[None, 2048, 2048, 2048, 2048, 2048]","[2048, 2049, 2048, 2048, 2048, 2048, 2048]","[2048, 2048, 2048, 2048, 2048, 2048, 2048, 2048, 2048]",,12_9912
1268,9912,12,24,2025-09-07T13:36:03.831000+00:00,27.369,28.484,27.662,315.0,316.0,False,83.515,"[None, 2048, 2048, 2048, 2048, 2048]","[2048, 2048, 2049, 2049, 2049, 2048, 2048]","[2049, 2048, 2048, 2048, 2048, 2048, 2048, 2048, 2048]",325.0,12_9912
1268,9912,12,25,2025-09-07T13:37:27.231000+00:00,27.265,28.475,27.709,314.0,316.0,False,83.449,"[None, 2048, 2048, 2048, 2048, 2048]","[2048, 2048, 2048, 2048, 2048, 2048, 2048]","[2048, 2049, 2048, 2048, 2048, 2048, 2048, 2048, 2048]",327.0,12_9912
1268,9912,12,26,2025-09-07T13:38:50.771000+00:00,27.984,28.946,27.769,317.0,316.0,False,84.699,"[None, 2048, 2049, 2048, 2048, 2048]","[2048, 2048, 2048, 2048, 2048, 2048, 2048]","[2048, 2048, 2048, 2048, 2048, 2048, 2048, 2048, 2048]",,12_9912
1268,9912,12,27,2025-09-07T13:40:15.414000+00:00,27.452,28.663,27.585,,316.0,False,83.7,"[None, 2048, 2048, 2048, 2048, 2048]","[2048, 2048, 2048, 2048, 2049, 2048, 2048]","[2049, 2048, 2048, 2048, 2048, 2049, 2048, 2048, 2048]",326.0,12_9912
1268,9912,12,28,2025-09-07T13:41:39.195000+00:00,27.497,28.513,31.74,315.0,314.0,False,87.75,"[None, 2048, 2048, 2048, 2048, 2048]","[2048, 2048, 2048, 2048, 2049, 2048, 2048]","[2048, 2048, 2048, 2048, 2048, 2048, 2048, 2064, 2064]",324.0,12_9912
1268,9912,12,29,2025-09-07T13:43:06.885000+00:00,48.192,28.33,27.423,317.0,313.0,True,103.945,"[2064, 2064, 2048, 2048, 2048, 2048]","[2048, 2048, 2048, 2049, 2049, 2049, 2048]","[2049, 2049, 2048, 2048, 2049, 2049, 2049, 2048, 2048]",284.0,12_9912
1268,9912,12,30,2025-09-07T13:44:50.871000+00:00,27.217,28.099,27.459,312.0,315.0,False,82.775,"[2048, 2048, 2048, 2049, 2048, 2048]","[2048, 2048, 2049, 2049, 2048, 2048, 2048]","[2048, 2048, 2048, 2048, 2048, 2049, 2049, 2048, 2048]",324.0,12_9912
1268,9912,12,31,2025-09-07T13:46:13.570000+00:00,27.219,28.037,27.407,317.0,318.0,False,82.663,"[None, 2048, 2048, 2048, 2048, 2048]","[2048, 2048, 2049, 2048, 2048, 2048, 2048]","[2049, 2049, 2048, 2048, 2048, 2048, 2048, 2048, 2048]",325.0,12_9912
1268,9912,12,32,2025-09-07T13:47:36.264000+00:00,27.311,28.06,27.481,318.0,318.0,False,82.852,"[None, 2048, 2048, 2048, 2048, 2048]","[2048, 2048, 2048, 2049, 2048, 2048, 2048]","[2048, 2048, 2048, 2048, 2048, 2048, 2049, 2048, 2048]",326.0,12_9912
1268,9912,12,33,2025-09-07T13:48:59.158000+00:00,27.174,28.21,27.321,,320.0,False,82.705,"[None, 2048, 2048, 2048, 2048, 2048]","[2048, 2048, 2048, 2048, 2048, 2048, 2048]","[2048, 2048, 2049, 2049, 2048, 2049, 2049, 2048, 2048]",328.0,12_9912
1268,9912,12,34,2025-09-07T13:50:21.783000+00:00,27.242,28.106,27.301,317.0,320.0,False,82.649,"[None, 2048, 2048, 2048, 2048, 2048]","[2048, 2048, 2048, 2048, 2048, 2049, 2048]","[2049, 2048, 2048, 2048, 2048, 2048, 2048, 2048, 2048]",,12_9912
1268,9912,12,35,2025-09-07T13:51:44.495000+00:00,27.146,28.138,27.369,318.0,321.0,False,82.653,"[None, 2048, 2048, 2048, 2048, 2048]","[2048, 2048, 2048, 2048, 2048, 2048, 2048]","[2048, 2048, 2049, 2048, 2048, 2048, 2048, 2048, 2048]",330.0,12_9912
1268,9912,12,36,2025-09-07T13:53:07.194000+00:00,27.276,28.288,27.389,319.0,321.0,False,82.953,"[None, 2048, 2048, 2048, 2048, 2048]","[2048, 2048, 2048, 2048, 2048, 2048, 2048]","[2048, 2048, 2049, 2048, 2048, 2048, 2048, 2048, 2048]",329.0,12_9912
1268,9912,12,37,2025-09-07T13:54:30.167000+00:00,27.131,28.371,27.48,,329.0,False,82.982,"[None, 2048, 2048, 2048, 2048, 2048]","[2048, 2048, 2048, 2048, 2048, 2049, 2048]","[2048, 2048, 2049, 2048, 2048, 2048, 2049, 2048, 2049]",330.0,12_9912
1268,9912,12,38,2025-09-07T13:55:53.119000+00:00,27.04,28.459,27.511,321.0,331.0,False,83.01,"[None, 2048, 2048, 2048, 2048, 2048]","[2048, 2048, 2048, 2048, 2048, 2049, 2048]","[2048, 2048, 2049, 2048, 2048, 2048, 2048, 2049, 2049]",340.0,12_9912
1268,9912,12,39,2025-09-07T13:57:16.086000+00:00,27.483,28.495,28.176,316.0,317.0,False,84.154,"[None, 2048, 2048, 2048, 2048, 2048]","[2048, 2048, 2048, 2048, 2048, 2048, 2048]","[2048, 2048, 2048, 2048, 2048, 2049, 2048, 2049, 2048]",350.0,12_9912
1268,9912,12,40,2025-09-07T13:58:40.159000+00:00,27.262,28.394,27.451,314.0,316.0,False,83.107,"[None, 2048, 2048, 2048, 2048, 2048]","[2048, 2048, 2048, 2048, 2048, 2048, 2048]","[2048, 2048, 2048, 2048, 2048, 2049, 2048, 2048, 2048]",327.0,12_9912
1268,9912,12,41,2025-09-07T14:00:03.442000+00:00,27.181,28.052,27.27,317.0,319.0,False,82.503,"[None, 2048, 2048, 2048, 2048, 2048]","[2048, 2048, 2048, 2049, 2048, 2048, 2048]","[2048, 2049, 2048, 2048, 2049, 2048, 2048, 2048, 2048]",326.0,12_9912
1268,9912,12,42,2025-09-07T14:01:25.830000+00:00,27.091,28.046,27.118,,320.0,False,82.255,"[None, 2048, 2048, 2048, 2048, 2048]","[2048, 2048, 2048, 2048, 2048, 2048, 2048]","[2048, 2049, 2048, 2048, 2049, 2049, 2049, 2048, 2048]",328.0,12_9912
1268,9912,12,43,2025-09-07T14:02:48.038000+00:00,27.122,27.931,27.269,315.0,318.0,False,82.322,"[None, 2048, 2048, 2048, 2048, 2048]","[2048, 2048, 2048, 2049, 2048, 2048, 2048]","[2048, 2048, 2048, 2048, 2048, 2048, 2048, 2048, 2048]",,12_9912
1268,9912,12,44,2025-09-07T14:04:10.496000+00:00,27.538,28.684,27.626,316.0,329.0,False,83.848,"[None, 2048, 2048, 2048, 2048, 2048]","[2048, 2048, 2048, 2048, 2048, 2049, 2048]","[2048, 2048, 2048, 2048, 2048, 2048, 2048, 2048, 2048]",326.0,12_9912
1268,9912,12,45,2025-09-07T14:05:34.379000+00:00,27.125,28.16,27.366,,320.0,False,82.651,"[None, 2048, 2048, 2048, 2048, 2048]","[2048, 2048, 2048, 2048, 2048, 2048, 2048]","[2048, 2048, 2048, 2048, 2048, 2048, 2048, 2048, 2048]",328.0,12_9912
1268,9912,12,46,2025-09-07T14:06:56.895000+00:00,27.144,28.014,27.208,,319.0,False,82.366,"[None, 2048, 2048, 2048, 2048, 2048]","[2048, 2048, 2049, 2048, 2048, 2048, 2048]","[2048, 2048, 2049, 2048, 2048, 2048, 2049, 2048, 2048]",329.0,12_9912
1268,9912,12,47,2025-09-07T14:08:19.301000+00:00,27.146,27.959,27.222,318.0,319.0,False,82.327,"[None, 2048, 2048, 2048, 2048, 2048]","[2048, 2048, 2048, 2048, 2049, 2048, 2048]","[2048, 2048, 2049, 2048, 2048, 2049, 2048, 2049, 2048]",328.0,12_9912
1268,9912,12,48,2025-09-07T14:09:41.683000+00:00,27.112,27.939,27.15,317.0,319.0,False,82.201,"[None, 2048, 2048, 2048, 2048, 2048]","[2048, 2048, 2048, 2048, 2048, 2048, 2048]","[2048, 2048, 2049, 2048, 2048, 2049, 2049, 2049, 2048]",,12_9912
1268,9912,12,49,2025-09-07T14:11:03.861000+00:00,27.095,27.962,27.117,,319.0,False,82.174,"[None, 2048, 2048, 2048, 2048, 2048]","[2048, 2048, 2048, 2049, 2049, 2048, 2048]","[2048, 2048, 2049, 2048, 2048, 2048, 2049, 2049, 2049]",,12_9912
1268,9912,12,50,2025-09-07T14:12:25.995000+00:00,27.043,27.841,27.113,,319.0,False,81.997,"[None, 2048, 2048, 2048, 2048, 2048]","[2048, 2048, 2049, 2048, 2048, 2049, 2048]","[2048, 2049, 2048, 2048, 2048, 2048, 2048, 2048, 2048]",329.0,12_9912
1268,9912,12,51,2025-09-07T14:13:47.952000+00:00,27.108,27.935,27.164,315.0,317.0,False,82.207,"[None, 2048, 2048, 2048, 2048, 2048]","[2048, 2048, 2048, 2048, 2048, 2048, 2048]","[2048, 2048, 2048, 2048, 2048, 2048, 2049, 2049, 2049]",328.0,12_9912
1268,9912,12,52,2025-09-07T14:15:10.168000+00:00,27.047,27.979,27.082,324.0,322.0,False,82.108,"[None, 2048, 2048, 2048, 2048, 2048]","[2048, 2048, 2048, 2048, 2048, 2048, 2048]","[2048, 2049, 2048, 2048, 2048, 2048, 2048, 2048, 2048]",341.0,12_9912
1268,9912,12,53,2025-09-07T14:16:32.359000+00:00,27.095,27.877,26.996,316.0,317.0,False,81.968,"[None, 2048, 2048, 2048, 2048, 2048]","[2048, 2048, 2048, 2048, 2049, 2049, 2048]","[2048, 2049, 2049, 2049, 2048, 2048, 2048, 2048, 2048]",332.0,12_9912
1268,9912,14,1,2025-09-07T13:03:34.805000+00:00,30.987,30.38,28.63,340.0,317.0,False,89.997,"[2048, 2049, 2049, 2049, 2049, 2049]","[2049, 2049, 2049, 2049, 2049, 2049, 2049]","[2049, 2049, 2049, 2049, 2049, 2049, 2049, 2049, 2049]",298.0,14_9912
1268,9912,14,2,2025-09-07T13:05:04.801000+00:00,28.102,29.35,28.474,321.0,337.0,False,85.926,"[2049, 2049, 2049, 2049, 2048, 2048]","[2049, 2049, 2049, 2049, 2049, 2049, 2049]","[2049, 2049, 2049, 2048, 2048, 2049, 2048, 2049, 2049]",322.0,14_9912
1268,9912,14,3,2025-09-07T13:06:30.896000+00:00,27.618,29.576,28.209,318.0,333.0,False,85.403,"[None, 2049, 2048, 2049, 2048, 2048]","[2048, 2049, 2049, 2048, 2048, 2048, 2048]","[2049, 2049, 2049, 2049, 2049, 2049, 2049, 2049, 2049]",349.0,14_9912
1268,9912,14,4,2025-09-07T13:07:56.241000+00:00,27.621,28.963,28.277,309.0,327.0,False,84.861,"[None, 2048, 2048, 2049, 2048, 2048]","[2048, 2049, 2049, 2049, 2049, 2048, 2048]","[2048, 2049, 2049, 2048, 2048, 2048, 2048, 2048, 2049]",336.0,14_9912
1268,9912,14,5,2025-09-07T13:09:21.132000+00:00,27.854,29.048,28.227,317.0,332.0,False,85.129,"[2048, 2048, 2048, 2048, 2048, 2048]","[2049, 2048, 2048, 2048, 2048, 2048, 2048]","[2048, 2048, 2048, 2049, 2049, 2048, 2049, 2048, 2049]",351.0,14_9912
1268,9912,14,6,2025-09-07T13:10:46.155000+00:00,27.317,28.657,28.222,,335.0,False,84.196,"[2049, 2048, 2048, 2049, 2048, 2048]","[2048, 2049, 2049, 2049, 2049, 2049, 2048]","[2049, 2048, 2048, 2048, 2048, 2049, 2048, 2048, 2049]",335.0,14_9912
1268,9912,14,7,2025-09-07T13:12:10.336000+00:00,27.303,29.015,28.305,318.0,330.0,False,84.623,"[None, 2048, 2048, 2048, 2048, 2048]","[2048, 2048, 2048, 2048, 2048, 2048, 2048]","[2048, 2048, 2048, 2048, 2048, 2048, 2048, 2048, 2049]",337.0,14_9912
1268,9912,14,8,2025-09-07T13:13:34.943000+00:00,27.4,29.022,28.302,317.0,331.0,False,84.724,"[2048, 2048, 2048, 2048, 2048, 2048]","[2049, 2048, 2048, 2048, 2048, 2048, 2048]","[2048, 2048, 2048, 2048, 2048, 2048, 2048, 2048, 2048]",334.0,14_9912
1268,9912,14,9,2025-09-07T13:14:59.737000+00:00,27.287,28.913,28.285,320.0,328.0,False,84.485,"[None, 2048, 2048, 2048, 2048, 2048]","[2049, 2048, 2048, 2048, 2048, 2048, 2048]","[2048, 2048, 2048, 2049, 2048, 2048, 2048, 2048, 2048]",341.0,14_9912
1268,9912,14,10,2025-09-07T13:16:24.279000+00:00,27.472,28.902,28.132,318.0,327.0,False,84.506,"[None, 2048, 2048, 2048, 2048, 2048]","[2049, 2048, 2048, 2048, 2048, 2048, 2048]","[2048, 2048, 2048, 2048, 2048, 2048, 2048, 2048, 2048]",337.0,14_9912
1268,9912,14,11,2025-09-07T13:17:48.696000+00:00,27.504,28.795,28.161,316.0,326.0,False,84.46,"[None, 2048, 2048, 2048, 2048, 2048]","[2049, 2048, 2048, 2049, 2048, 2048, 2048]","[2048, 2048, 2048, 2048, 2048, 2048, 2048, 2048, 2048]",,14_9912
1268,9912,14,12,2025-09-07T13:19:13.243000+00:00,27.549,28.811,28.264,315.0,325.0,False,84.624,"[None, 2048, 2048, 2048, 2048, 2048]","[2048, 2048, 2048, 2048, 2048, 2048, 2048]","[2048, 2048, 2048, 2048, 2048, 2048, 2048, 2048, 2049]",331.0,14_9912
1268,9912,14,13,2025-09-07T13:20:37.796000+00:00,27.422,28.874,28.281,317.0,325.0,False,84.577,"[None, 2048, 2048, 2048, 2048, 2048]","[2048, 2048, 2048, 2048, 2048, 2048, 2048]","[2048, 2048, 2048, 2048, 2048, 2048, 2048, 2048, 2048]",334.0,14_9912
1268,9912,14,14,2025-09-07T13:22:02.429000+00:00,27.398,28.875,28.123,316.0,327.0,False,84.396,"[None, 2048, 2048, 2048, 2048, 2048]","[2048, 2048, 2049, 2048, 2048, 2048, 2048]","[2048, 2048, 2048, 2048, 2048, 2048, 2049, 2048, 2049]",336.0,14_9912
1268,9912,14,15,2025-09-07T13:23:26.742000+00:00,27.364,28.745,28.167,317.0,326.0,False,84.276,"[None, 2048, 2048, 2048, 2048, 2048]","[2049, 2048, 2048, 2048, 2049, 2048, 2048]","[2048, 2049, 2048, 2048, 2048, 2048, 2049, 2048, 2048]",338.0,14_9912
1268,9912,14,16,2025-09-07T13:24:51.036000+00:00,27.355,28.648,28.203,316.0,326.0,False,84.206,"[None, 2048, 2048, 2048, 2048, 2048]","[2049, 2048, 2048, 2049, 2049, 2048, 2048]","[2048, 2048, 2048, 2048, 2048, 2048, 2048, 2048, 2048]",336.0,14_9912
1268,9912,14,17,2025-09-07T13:26:15.292000+00:00,27.408,28.672,28.144,,325.0,False,84.224,"[None, 2048, 2048, 2048, 2048, 2048]","[2048, 2048, 2049, 2049, 2048, 2048, 2048]","[2048, 2048, 2048, 2048, 2048, 2048, 2048, 2048, 2048]",337.0,14_9912
1268,9912,14,18,2025-09-07T13:27:39.497000+00:00,27.469,28.633,28.044,,327.0,False,84.146,"[None, 2048, 2048, 2048, 2048, 2048]","[2048, 2048, 2049, 2048, 2049, 2048, 2048]","[2048, 2049, 2048, 2048, 2048, 2048, 2048, 2049, 2048]",336.0,14_9912
1268,9912,14,19,2025-09-07T13:29:03.683000+00:00,27.425,28.752,28.008,314.0,325.0,False,84.185,"[None, 2048, 2048, 2048, 2048, 2048]","[2048, 2048, 2048, 2048, 2049, 2048, 2048]","[2049, 2049, 2048, 2048, 2048, 2048, 2048, 2048, 2048]",,14_9912
1268,9912,14,20,2025-09-07T13:30:27.886000+00:00,27.533,28.663,32.27,315.0,327.0,False,88.466,"[None, 2048, 2048, 2048, 2048, 2048]","[2048, 2048, 2048, 2048, 2048, 2048, 2048]","[2048, 2049, 2048, 2048, 2048, 2048, 2048, 2064, 2064]",,14_9912
1268,9912,14,21,2025-09-07T13:31:56.231000+00:00,48.615,28.592,27.983,319.0,310.0,True,105.19,"[2064, 2064, 2048, 2048, 2048, 2048]","[2048, 2049, 2048, 2049, 2049, 2048, 2048]","[2048, 2048, 2048, 2048, 2049, 2049, 2048, 2048, 2048]",282.0,14_9912
1268,9912,14,22,2025-09-07T13:33:41.510000+00:00,27.592,28.716,27.77,310.0,309.0,False,84.078,"[2048, 2048, 2049, 2048, 2048, 2048]","[2048, 2049, 2048, 2048, 2048, 2048, 2048]","[2048, 2049, 2048, 2048, 2048, 2048, 2048, 2048, 2048]",328.0,14_9912
1268,9912,14,23,2025-09-07T13:35:05.616000+00:00,27.558,28.504,27.695,313.0,313.0,False,83.757,"[None, 2048, 2048, 2049, 2048, 2048]","[2048, 2049, 2049, 2049, 2048, 2048, 2048]","[2048, 2048, 2048, 2048, 2048, 2048, 2048, 2048, 2048]",324.0,14_9912
1268,9912,14,24,2025-09-07T13:36:29.278000+00:00,27.553,28.447,51.419,311.0,312.0,False,107.419,"[None, 2048, 2048, 2048, 2048, 2048]","[2048, 2049, 2048, 2049, 2048, 2048, 2048]","[2048, 2048, 2048, 2048, 2048, 2048, 2048, 2064, 2064]",322.0,14_9912
1268,9912,14,25,2025-09-07T13:38:16.700000+00:00,,,,,,False,,,,,,14_9912
1268,9912,16,1,2025-09-07T13:03:34.805000+00:00,30.132,30.558,28.013,339.0,318.0,False,88.703,"[2048, 2049, 2049, 2049, 2049, 2049]","[2049, 2049, 2049, 2049, 2049, 2051, 2049]","[2049, 2049, 2049, 2051, 2049, 2049, 2051, 2051, 2051]",292.0,16_9912
1268,9912,16,2,2025-09-07T13:05:03.507000+00:00,27.47,29.358,28.35,325.0,331.0,False,85.178,"[2051, 2051, 2049, 2049, 2048, 2048]","[2048, 2049, 2049, 2049, 2049, 2049, 2049]","[2049, 2048, 2048, 2048, 2048, 2048, 2048, 2048, 2048]",352.0,16_9912
1268,9912,16,3,2025-09-07T13:06:28.646000+00:00,27.995,29.025,27.945,315.0,318.0,False,84.965,"[2048, 2048, 2049, 2048, 2048, 2048]","[2049, 2049, 2049, 2049, 2048, 2048, 2048]","[2048, 2049, 2048, 2048, 2049, 2049, 2048, 2048, 2048]",336.0,16_9912
1268,9912,16,4,2025-09-07T13:07:53.632000+00:00,27.653,29.02,27.852,308.0,318.0,False,84.525,"[None, 2048, 2049, 2049, 2048, 2048]","[2049, 2048, 2048, 2048, 2049, 2048, 2048]","[2048, 2049, 2048, 2048, 2048, 2049, 2048, 2049, 2048]",323.0,16_9912
1268,9912,16,5,2025-09-07T13:09:18.122000+00:00,27.531,28.968,27.942,314.0,314.0,False,84.441,"[None, 2048, 2048, 2048, 2048, 2048]","[2049, 2048, 2048, 2048, 2048, 2048, 2048]","[2048, 2049, 2048, 2048, 2048, 2048, 2048, 2048, 2048]",333.0,16_9912
1268,9912,16,6,2025-09-07T13:10:42.665000+00:00,27.986,28.969,27.903,320.0,325.0,False,84.858,"[None, 2048, 2048, 2048, 2048, 2048]","[2048, 2048, 2048, 2049, 2048, 2048, 2048]","[2048, 2048, 2048, 2051, 2048, 2048, 2048, 2049, 2048]",322.0,16_9912
1268,9912,16,7,2025-09-07T13:12:07.508000+00:00,27.478,28.744,27.752,315.0,317.0,False,83.974,"[None, 2048, 2048, 2048, 2048, 2048]","[2048, 2048, 2048, 2049, 2049, 2048, 2048]","[2048, 2049, 2048, 2049, 2048, 2048, 2048, 2049, 2048]",334.0,16_9912
1268,9912,16,8,2025-09-07T13:13:31.369000+00:00,27.508,28.746,27.787,314.0,316.0,False,84.041,"[None, 2048, 2048, 2048, 2048, 2048]","[2048, 2049, 2051, 2048, 2048, 2048, 2048]","[2048, 2049, 2048, 2048, 2048, 2048, 2048, 2048, 2048]",325.0,16_9912
1268,9912,16,9,2025-09-07T13:14:55.437000+00:00,27.413,28.811,27.828,315.0,316.0,False,84.052,"[None, 2048, 2048, 2049, 2048, 2048]","[2048, 2048, 2048, 2048, 2048, 2048, 2048]","[2048, 2049, 2048, 2048, 2048, 2048, 2048, 2048, 2048]",344.0,16_9912
1268,9912,16,10,2025-09-07T13:16:19.579000+00:00,27.535,28.793,27.812,314.0,315.0,False,84.14,"[None, 2048, 2048, 2048, 2048, 2048]","[2049, 2048, 2048, 2048, 2048, 2048, 2048]","[2048, 2049, 2048, 2048, 2048, 2048, 2048, 2048, 2048]",342.0,16_9912
1268,9912,16,11,2025-09-07T13:17:43.657000+00:00,27.383,28.78,27.873,,315.0,False,84.036,"[None, 2048, 2048, 2049, 2048, 2048]","[2048, 2049, 2049, 2048, 2048, 2048, 2048]","[2048, 2048, 2048, 2048, 2048, 2048, 2048, 2048, 2048]",330.0,16_9912
1268,9912,16,12,2025-09-07T13:19:07.618000+00:00,27.412,28.684,27.797,316.0,315.0,False,83.893,"[None, 2048, 2048, 2048, 2048, 2048]","[2048, 2049, 2049, 2048, 2048, 2048, 2048]","[2048, 2048, 2048, 2048, 2048, 2048, 2048, 2048, 2048]",323.0,16_9912
1268,9912,16,13,2025-09-07T13:20:31.546000+00:00,27.337,28.665,27.681,317.0,317.0,False,83.683,"[None, 2048, 2048, 2048, 2048, 2048]","[2049, 2048, 2048, 2048, 2049, 2048, 2048]","[2048, 2049, 2048, 2048, 2048, 2049, 2051, 2049, 2048]",325.0,16_9912
1268,9912,16,14,2025-09-07T13:21:55.289000+00:00,27.297,28.666,27.674,,318.0,False,83.637,"[None, 2048, 2048, 2048, 2048, 2048]","[2048, 2048, 2048, 2048, 2048, 2048, 2048]","[2049, 2048, 2048, 2048, 2048, 2048, 2048, 2048, 2048]",337.0,16_9912
1268,9912,16,15,2025-09-07T13:23:18.851000+00:00,27.43,28.54,27.665,,318.0,False,83.635,"[None, 2048, 2048, 2048, 2048, 2048]","[2048, 2049, 2048, 2048, 2049, 2048, 2048]","[2048, 2048, 2048, 2049, 2048, 2048, 2048, 2048, 2048]",325.0,16_9912
1268,9912,16,16,2025-09-07T13:24:42.473000+00:00,27.245,28.594,27.756,318.0,318.0,False,83.595,"[None, 2048, 2048, 2049, 2048, 2048]","[2048, 2048, 2048, 2048, 2048, 2048, 2048]","[2049, 2048, 2048, 2048, 2048, 2048, 2048, 2048, 2048]",326.0,16_9912
1268,9912,16,17,2025-09-07T13:26:06.214000+00:00,27.332,28.668,27.67,316.0,317.0,False,83.67,"[None, 2048, 2048, 2048, 2048, 2048]","[2049, 2048, 2048, 2048, 2048, 2048, 2048]","[2048, 2049, 2048, 2048, 2048, 2048, 2048, 2048, 2048]",,16_9912
1268,9912,16,18,2025-09-07T13:27:29.832000+00:00,27.349,28.443,27.657,315.0,316.0,False,83.449,"[None, 2048, 2048, 2048, 2048, 2048]","[2049, 2049, 2048, 2048, 2049, 2048, 2048]","[2048, 2049, 2048, 2048, 2048, 2048, 2048, 2048, 2048]",325.0,16_9912
1268,9912,16,19,2025-09-07T13:28:53.269000+00:00,27.361,28.424,27.706,317.0,317.0,False,83.491,"[None, 2048, 2048, 2048, 2048, 2048]","[2048, 2048, 2048, 2049, 2049, 2048, 2048]","[2049, 2048, 2048, 2048, 2048, 2048, 2048, 2048, 2048]",,16_9912
1268,9912,16,20,2025-09-07T13:30:16.689000+00:00,27.411,28.472,27.607,315.0,317.0,False,83.49,"[None, 2048, 2048, 2048, 2048, 2048]","[2048, 2049, 2049, 2048, 2048, 2048, 2048]","[2048, 2049, 2049, 2048, 2048, 2048, 2048, 2048, 2048]",324.0,16_9912
1268,9912,16,21,2025-09-07T13:31:40.215000+00:00,27.317,28.516,27.661,316.0,317.0,False,83.494,"[None, 2048, 2048, 2048, 2048, 2048]","[2048, 2049, 2048, 2048, 2048, 2048, 2048]","[2048, 2048, 2048, 2048, 2048, 2048, 2048, 2048, 2048]",,16_9912
1268,9912,16,22,2025-09-07T13:33:03.725000+00:00,27.348,28.45,27.515,317.0,318.0,False,83.313,"[None, 2048, 2048, 2048, 2048, 2048]","[2048, 2048, 2048, 2048, 2048, 2048, 2048]","[2049, 2048, 2048, 2048, 2049, 2048, 2048, 2048, 2048]",,16_9912
1268,9912,16,23,2025-09-07T13:34:27.088000+00:00,27.243,28.354,27.555,316.0,317.0,False,83.152,"[None, 2048, 2048, 2048, 2048, 2048]","[2048, 2049, 2048, 2048, 2048, 2048, 2048]","[2048, 2048, 2048, 2048, 2048, 2048, 2048, 2048, 2048]",325.0,16_9912
1268,9912,16,24,2025-09-07T13:35:50.174000+00:00,27.41,28.33,27.523,,317.0,False,83.263,"[None, 2048, 2048, 2048, 2048, 2048]","[2049, 2049, 2048, 2049, 2049, 2048, 2048]","[2048, 2048, 2048, 2048, 2048, 2049, 2048, 2048, 2048]",324.0,16_9912
1268,9912,16,25,2025-09-07T13:37:13.387000+00:00,27.296,28.31,27.505,,318.0,False,83.111,"[None, 2048, 2048, 2048, 2048, 2048]","[2048, 2048, 2048, 2048, 2048, 2048, 2048]","[2049, 2049, 2048, 2048, 2048, 2048, 2048, 2048, 2048]",,16_9912
1268,9912,16,26,2025-09-07T13:38:36.609000+00:00,27.437,28.438,27.499,315.0,317.0,False,83.374,"[None, 2048, 2048, 2048, 2048, 2048]","[2048, 2048, 2048, 2048, 2049, 2048, 2048]","[2048, 2048, 2048, 2048, 2048, 2048, 2048, 2048, 2048]",323.0,16_9912
1268,9912,16,27,2025-09-07T13:39:59.921000+00:00,27.327,28.242,27.411,319.0,319.0,False,82.98,"[None, 2048, 2048, 2048, 2048, 2048]","[2049, 2049, 2049, 2048, 2049, 2048, 2048]","[2048, 2049, 2049, 2048, 2048, 2048, 2048, 2048, 2048]",325.0,16_9912
1268,9912,16,28,2025-09-07T13:41:22.883000+00:00,27.377,28.225,27.491,317.0,318.0,False,83.093,"[None, 2048, 2048, 2048, 2048, 2048]","[2048, 2049, 2048, 2048, 2049, 2049, 2048]","[2049, 2048, 2048, 2048, 2048, 2048, 2048, 2048, 2048]",323.0,16_9912
1268,9912,16,29,2025-09-07T13:42:46.021000+00:00,27.232,28.215,27.289,,318.0,False,82.736,"[None, 2048, 2048, 2049, 2049, 2048]","[2048, 2048, 2048, 2049, 2048, 2049, 2048]","[2048, 2048, 2049, 2048, 2049, 2049, 2049, 2048, 2048]",324.0,16_9912
1268,9912,16,30,2025-09-07T13:44:08.698000+00:00,27.316,28.281,27.375,315.0,317.0,False,82.972,"[None, 2048, 2048, 2048, 2049, 2048]","[2048, 2048, 2048, 2048, 2048, 2048, 2048]","[2049, 2048, 2048, 2048, 2048, 2049, 2048, 2048, 2048]",322.0,16_9912
1268,9912,16,31,2025-09-07T13:45:31.748000+00:00,27.314,28.133,27.41,318.0,320.0,False,82.857,"[None, 2048, 2048, 2048, 2048, 2048]","[2049, 2049, 2049, 2048, 2048, 2048, 2048]","[2048, 2048, 2048, 2048, 2048, 2048, 2048, 2048, 2048]",324.0,16_9912
1268,9912,16,32,2025-09-07T13:46:54.599000+00:00,27.279,28.197,27.499,,319.0,False,82.975,"[None, 2048, 2048, 2048, 2048, 2048]","[2048, 2048, 2048, 2048, 2048, 2049, 2048]","[2048, 2048, 2048, 2048, 2048, 2048, 2048, 2048, 2048]",322.0,16_9912
1268,9912,16,33,2025-09-07T13:48:17.490000+00:00,27.235,28.22,31.564,319.0,320.0,False,87.019,"[None, 2048, 2048, 2048, 2048, 2048]","[2048, 2048, 2048, 2048, 2048, 2048, 2048]","[2048, 2048, 2048, 2048, 2048, 2048, 2048, 2064, 2064]",325.0,16_9912
1268,9912,16,34,2025-09-07T13:49:44.685000+00:00,47.385,28.318,27.27,327.0,315.0,True,102.973,"[2064, 2064, 2048, 2048, 2048, 2048]","[2048, 2048, 2048, 2049, 2048, 2049, 2048]","[2048, 2048, 2049, 2048, 2049, 2049, 2051, 2048, 2048]",288.0,16_9912
1268,9912,16,35,2025-09-07T13:51:27.490000+00:00,27.134,27.818,27.218,319.0,319.0,False,82.17,"[2048, 2048, 2048, 2049, 2048, 2048]","[2048, 2049, 2051, 2049, 2049, 2049, 2048]","[2048, 2048, 2049, 2048, 2049, 2048, 2048, 2048, 2048]",323.0,16_9912
1268,9912,16,36,2025-09-07T13:52:49.603000+00:00,27.131,28.028,27.202,317.0,319.0,False,82.361,"[None, 2048, 2048, 2048, 2049, 2048]","[2048, 2048, 2048, 2049, 2048, 2048, 2048]","[2048, 2048, 2048, 2048, 2049, 2048, 2048, 2048, 2048]",322.0,16_9912
1268,9912,16,37,2025-09-07T13:54:12.137000+00:00,27.15,28.004,27.22,,320.0,False,82.374,"[None, 2048, 2048, 2048, 2048, 2048]","[2049, 2048, 2048, 2048, 2048, 2049, 2048]","[2048, 2048, 2049, 2048, 2048, 2048, 2049, 2049, 2048]",,16_9912
1268,9912,16,38,2025-09-07T13:55:34.438000+00:00,27.066,27.938,27.121,319.0,322.0,False,82.125,"[None, 2048, 2048, 2048, 2049, 2048]","[2049, 2048, 2048, 2048, 2048, 2049, 2048]","[2048, 2048, 2049, 2048, 2049, 2048, 2049, 2049, 2049]",325.0,16_9912
1268,9912,16,39,2025-09-07T13:56:56.648000+00:00,27.122,28.053,27.256,317.0,320.0,False,82.431,"[None, 2048, 2048, 2048, 2049, 2048]","[2048, 2048, 2048, 2048, 2048, 2048, 2048]","[2048, 2048, 2048, 2048, 2048, 2048, 2048, 2049, 2049]",324.0,16_9912
1268,9912,16,40,2025-09-07T13:58:18.893000+00:00,27.069,27.939,27.29,320.0,322.0,False,82.298,"[None, 2048, 2048, 2048, 2049, 2048]","[2048, 2048, 2048, 2048, 2048, 2048, 2048]","[2048, 2048, 2049, 2048, 2048, 2048, 2048, 2048, 2048]",326.0,16_9912
1268,9912,16,41,2025-09-07T13:59:41.315000+00:00,26.991,28.015,27.266,319.0,322.0,False,82.272,"[None, 2048, 2048, 2048, 2049, 2048]","[2048, 2048, 2048, 2048, 2048, 2049, 2048]","[2048, 2048, 2049, 2048, 2048, 2048, 2048, 2048, 2048]",,16_9912
1268,9912,16,42,2025-09-07T14:01:03.588000+00:00,27.08,27.854,27.101,315.0,318.0,False,82.035,"[None, 2048, 2048, 2048, 2048, 2048]","[2048, 2048, 2048, 2049, 2049, 2048, 2048]","[2049, 2049, 2048, 2048, 2049, 2049, 2048, 2048, 2048]",322.0,16_9912
1268,9912,16,43,2025-09-07T14:02:25.664000+00:00,27.094,27.743,26.981,317.0,319.0,False,81.818,"[None, 2048, 2048, 2048, 2048, 2048]","[2048, 2048, 2049, 2049, 2049, 2048, 2048]","[2049, 2049, 2048, 2048, 2048, 2049, 2048, 2048, 2048]",323.0,16_9912
1268,9912,16,44,2025-09-07T14:03:47.415000+00:00,27.037,27.683,27.018,315.0,317.0,False,81.738,"[None, 2048, 2048, 2048, 2048, 2048]","[2048, 2049, 2049, 2049, 2048, 2049, 2048]","[2048, 2049, 2048, 2048, 2048, 2048, 2048, 2048, 2048]",321.0,16_9912
1268,9912,16,45,2025-09-07T14:05:09.198000+00:00,26.998,27.708,26.967,316.0,319.0,False,81.673,"[None, 2048, 2048, 2048, 2048, 2048]","[2048, 2048, 2048, 2048, 2048, 2048, 2048]","[2048, 2048, 2048, 2048, 2049, 2048, 2048, 2048, 2048]",322.0,16_9912
1268,9912,16,46,2025-09-07T14:06:30.816000+00:00,27.034,27.926,27.015,318.0,320.0,False,81.975,"[None, 2048, 2048, 2048, 2049, 2048]","[2049, 2048, 2048, 2048, 2048, 2048, 2048]","[2048, 2048, 2049, 2048, 2048, 2048, 2049, 2049, 2048]",323.0,16_9912
1268,9912,16,47,2025-09-07T14:07:52.848000+00:00,27.047,27.755,27.044,319.0,320.0,False,81.846,"[None, 2048, 2048, 2048, 2049, 2048]","[2048, 2048, 2048, 2048, 2048, 2049, 2048]","[2048, 2048, 2049, 2048, 2048, 2048, 2049, 2049, 2049]",,16_9912
1268,9912,16,48,2025-09-07T14:09:14.622000+00:00,26.902,27.719,26.965,323.0,324.0,False,81.586,"[None, 2048, 2048, 2048, 2049, 2048]","[2049, 2048, 2048, 2048, 2048, 2049, 2048]","[2048, 2048, 2049, 2048, 2048, 2048, 2048, 2048, 2048]",327.0,16_9912
1268,9912,16,49,2025-09-07T14:10:36.205000+00:00,27.281,27.846,27.092,319.0,321.0,False,82.219,"[None, 2048, 2048, 2048, 2048, 2048]","[2048, 2048, 2048, 2048, 2048, 2049, 2048]","[2048, 2048, 2048, 2048, 2048, 2048, 2048, 2048, 2048]",323.0,16_9912
1268,9912,16,50,2025-09-07T14:11:58.542000+00:00,26.898,27.712,26.965,322.0,323.0,False,81.575,"[None, 2048, 2048, 2048, 2048, 2048]","[2048, 2048, 2049, 2048, 2048, 2048, 2048]","[2048, 2048, 2049, 2048, 2048, 2048, 2048, 2048, 2048]",329.0,16_9912
1268,9912,16,51,2025-09-07T14:13:20.077000+00:00,27.022,27.726,27.153,321.0,324.0,False,81.901,"[None, 2048, 2049, 2048, 2048, 2048]","[2048, 2048, 2048, 2049, 2048, 2048, 2048]","[2048, 2048, 2048, 2048, 2048, 2048, 2048, 2048, 2049]",326.0,16_9912
1268,9912,16,52,2025-09-07T14:14:41.874000+00:00,27.031,27.73,27.152,322.0,324.0,False,81.913,"[None, 2048, 2048, 2048, 2048, 2048]","[2048, 2048, 2048, 2048, 2048, 2049, 2048]","[2048, 2048, 2048, 2048, 2048, 2048, 2048, 2049, 2048]",329.0,16_9912
1268,9912,16,53,2025-09-07T14:16:03.877000+00:00,26.839,27.546,26.909,327.0,329.0,False,81.294,"[None, 2048, 2048, 2048, 2049, 2048]","[2049, 2048, 2048, 2048, 2049, 2049, 2048]","[2049, 2048, 2049, 2049, 2048, 2048, 2048, 2048, 2048]",332.0,16_9912
1268,9912,18,1,2025-09-07T13:03:34.805000+00:00,32.917,32.185,29.244,303.0,316.0,False,94.346,"[2048, 2049, 2049, 2049, 2049, 2049]","[2049, 2049, 2049, 2049, 2049, 2049, 2049]","[2049, 2049, 2049, 2049, 2049, 2049, 2049, 2049, 2049]",268.0,18_9912
1268,9912,18,2,2025-09-07T13:05:09.150000+00:00,27.702,30.488,28.316,333.0,338.0,False,86.506,"[2049, 2049, 2049, 2049, 2049, 2049]","[2049, None, None, 2049, 2049, 2049, 2049]","[2049, 2049, 2049, 2049, 2049, 2049, 2049, 2048, 2048]",321.0,18_9912
1268,9912,18,3,2025-09-07T13:06:35.693000+00:00,27.603,29.126,28.335,313.0,335.0,False,85.064,"[None, 2049, 2049, 2049, 2048, 2048]","[2048, 2049, 2049, 2049, 2049, 2049, 2048]","[2048, 2049, 2048, 2048, 2049, 2049, 2049, 2048, 2048]",338.0,18_9912
1268,9912,18,4,2025-09-07T13:08:00.804000+00:00,27.515,29.373,28.321,314.0,334.0,False,85.209,"[2048, 2048, 2049, 2049, 2048, 2048]","[2048, 2048, 2048, 2048, 2048, 2048, 2048]","[2049, 2048, 2049, 2048, 2048, 2049, 2049, 2049, 2049]",334.0,18_9912
1268,9912,18,5,2025-09-07T13:09:25.878000+00:00,27.56,29.143,28.212,316.0,334.0,False,84.915,"[2049, 2048, 2048, 2048, 2048, 2048]","[2048, 2048, 2048, 2049, 2048, 2048, 2048]","[2048, 2049, 2049, 2048, 2048, 2048, 2048, 2048, 2048]",326.0,18_9912
1268,9912,18,6,2025-09-07T13:10:50.851000+00:00,27.32,29.081,28.412,319.0,336.0,False,84.813,"[2048, 2049, 2049, 2048, 2048, 2048]","[2048, 2048, 2048, 2049, 2049, 2049, 2048]","[2048, 2048, 2048, 2048, 2048, 2048, 2048, 2048, 2048]",345.0,18_9912
1268,9912,18,7,2025-09-07T13:12:15.673000+00:00,27.479,28.959,28.24,316.0,335.0,False,84.678,"[None, 2048, 2048, 2048, 2048, 2048]","[2048, 2049, 2049, 2049, 2048, 2048, 2048]","[2048, 2048, 2048, 2048, 2048, 2049, 2049, 2048, 2049]",338.0,18_9912
1268,9912,18,8,2025-09-07T13:13:40.281000+00:00,27.566,29.007,28.262,314.0,335.0,False,84.835,"[None, 2048, 2048, 2049, 2048, 2048]","[2048, 2048, 2048, 2048, 2049, 2049, 2048]","[2049, 2048, 2048, 2048, 2049, 2048, 2048, 2048, 2048]",327.0,18_9912
1268,9912,18,9,2025-09-07T13:15:05.148000+00:00,27.365,28.874,28.302,318.0,335.0,False,84.541,"[None, 2048, 2048, 2049, 2048, 2048]","[2048, 2048, 2049, 2049, 2048, 2048, 2048]","[2048, 2049, 2049, 2048, 2048, 2048, 2048, 2048]",341.0,18_9912
1268,9912,18,10,2025-09-07T13:16:29.561000+00:00,27.347,28.774,28.088,315.0,323.0,False,84.209,"[None, 2048, 2049, 2049, 2048, 2048]","[2048, 2049, 2049, 2049, 2049, 2048, 2048]","[2048, 2048, 2048, 2048, 2049, 2049, 2048, 2048, 2048]",339.0,18_9912
1268,9912,18,11,2025-09-07T13:17:53.883000+00:00,27.401,28.787,28.174,314.0,330.0,False,84.362,"[None, 2048, 2049, 2049, 2048, 2048]","[2048, 2049, 2048, 2049, 2048, 2049, 2048]","[2048, 2048, 2048, 2048, 2048, 2048, 2048, 2048, 2048]",334.0,18_9912
1268,9912,18,12,2025-09-07T13:19:18.337000+00:00,27.318,29.015,28.195,318.0,323.0,False,84.528,"[None, 2048, 2048, 2048, 2048, 2048]","[2048, 2048, 2048, 2048, 2048, 2048, 2048]","[2048, 2048, 2048, 2048, 2048, 2048, 2048, 2048, 2048]",344.0,18_9912
1268,9912,18,13,2025-09-07T13:20:42.820000+00:00,27.27,28.842,28.141,319.0,333.0,False,84.253,"[None, 2048, 2049, 2048, 2048, 2048]","[2048, 2048, 2048, 2048, 2049, 2049, 2048]","[2049, 2048, 2049, 2048, 2048, 2048, 2048, 2049, 2049]",343.0,18_9912
1268,9912,18,14,2025-09-07T13:22:07.039000+00:00,27.416,28.816,28.069,,335.0,False,84.301,"[None, 2048, 2048, 2048, 2048, 2048]","[2048, 2048, 2048, 2048, 2048, 2049, 2048]","[2048, 2048, 2049, 2049, 2048, 2048, 2048, 2048, 2048]",337.0,18_9912
1268,9912,18,15,2025-09-07T13:23:31.351000+00:00,27.378,28.909,28.118,317.0,333.0,False,84.405,"[None, 2048, 2048, 2048, 2048, 2048]","[2048, 2048, 2048, 2048, 2048, 2048, 2048]","[2048, 2049, 2049, 2048, 2048, 2048, 2048, 2048, 2049]",342.0,18_9912
1268,9912,18,16,2025-09-07T13:24:55.763000+00:00,27.46,28.864,28.105,318.0,335.0,False,84.429,"[None, 2048, 2048, 2048, 2048, 2048]","[2048, 2048, 2048, 2048, 2049, 2049, 2048]","[2048, 2048, 2048, 2048, 2048, 2048, 2049, 2048, 2049]",331.0,18_9912
1268,9912,18,17,2025-09-07T13:26:20.167000+00:00,27.415,28.874,28.076,,336.0,False,84.365,"[None, 2048, 2048, 2048, 2048, 2048]","[2048, 2048, 2048, 2048, 2048, 2048, 2049]","[2048, 2048, 2049, 2048, 2048, 2049, 2049, 2048, 2048]",338.0,18_9912
1268,9912,18,18,2025-09-07T13:27:44.638000+00:00,27.531,28.837,28.154,317.0,337.0,False,84.522,"[None, 2048, 2048, 2048, 2048, 2048]","[2048, 2048, 2048, 2048, 2048, 2048, 2048]","[2048, 2048, 2048, 2048, 2048, 2048, 2048, 2048, 2049]",330.0,18_9912
1268,9912,18,19,2025-09-07T13:29:09.013000+00:00,27.655,28.764,28.196,316.0,335.0,False,84.615,"[2049, 2048, 2048, 2048, 2048, 2048]","[2048, 2048, 2048, 2048, 2049, 2049, 2048]","[2048, 2048, 2049, 2048, 2048, 2048, 2048, 2048, 2048]",336.0,18_9912
1268,9912,18,20,2025-09-07T13:30:33.686000+00:00,27.493,28.615,28.089,318.0,335.0,False,84.197,"[2048, 2048, 2048, 2048, 2048, 2048]","[2048, 2049, 2049, 2048, 2049, 2048, 2048]","[2048, 2048, 2049, 2048, 2048, 2048, 2049, 2048, 2048]",338.0,18_9912
1268,9912,18,21,2025-09-07T13:31:57.841000+00:00,27.406,28.72,27.99,,333.0,False,84.116,"[None, 2048, 2048, 2048, 2048, 2048]","[2048, 2049, 2048, 2048, 2049, 2048, 2048]","[2049, 2048, 2048, 2048, 2048, 2048, 2049, 2048, 2048]",339.0,18_9912
1268,9912,18,22,2025-09-07T13:33:21.941000+00:00,27.325,28.717,27.885,,331.0,False,83.927,"[None, 2048, 2048, 2048, 2048, 2048]","[2048, 2049, 2048, 2048, 2048, 2048, 2048]","[2049, 2049, 2048, 2048, 2049, 2049, 2049, 2048, 2048]",337.0,18_9912
1268,9912,18,23,2025-09-07T13:34:45.943000+00:00,27.338,28.704,27.949,317.0,322.0,False,83.991,"[None, 2048, 2048, 2048, 2048, 2048]","[2048, 2048, 2048, 2049, 2049, 2048, 2048]","[2048, 2049, 2048, 2048, 2049, 2048, 2048, 2048, 2048]",336.0,18_9912
1268,9912,18,24,2025-09-07T13:36:09.974000+00:00,27.324,28.638,27.916,316.0,321.0,False,83.878,"[None, 2048, 2049, 2048, 2048, 2048]","[2048, 2049, 2048, 2049, 2049, 2048, 2048]","[2048, 2049, 2048, 2048, 2048, 2048, 2048, 2048, 2048]",334.0,18_9912
1268,9912,18,25,2025-09-07T13:37:33.825000+00:00,27.314,28.594,27.963,318.0,333.0,False,83.871,"[None, 2048, 2048, 2048, 2048, 2048]","[2048, 2049, 2048, 2048, 2048, 2048, 2048]","[2048, 2048, 2048, 2048, 2048, 2048, 2049, 2048, 2048]",,18_9912
1268,9912,18,26,2025-09-07T13:38:57.800000+00:00,27.427,28.717,28.043,,331.0,False,84.187,"[None, 2048, 2048, 2048, 2048, 2048]","[2048, 2048, 2048, 2048, 2048, 2048, 2048]","[2048, 2048, 2048, 2049, 2048, 2048, 2048, 2048, 2048]",342.0,18_9912
1268,9912,18,27,2025-09-07T13:40:21.883000+00:00,27.376,28.544,27.848,,332.0,False,83.768,"[None, 2048, 2048, 2048, 2048, 2048]","[2048, 2048, 2048, 2048, 2048, 2048, 2048]","[2048, 2048, 2048, 2049, 2048, 2048, 2048, 2048, 2048]",343.0,18_9912
1268,9912,18,28,2025-09-07T13:41:45.680000+00:00,27.391,28.649,27.821,,330.0,False,83.861,"[None, 2048, 2048, 2048, 2048, 2048]","[2048, 2048, 2048, 2048, 2048, 2048, 2048]","[2048, 2048, 2049, 2048, 2048, 2048, 2049, 2048]",337.0,18_9912
1268,9912,18,29,2025-09-07T13:43:09.385000+00:00,27.354,28.466,27.853,,331.0,False,83.673,"[None, 2048, 2048, 2048, 2048, 2048]","[2048, 2048, 2049, 2048, 2049, 2049, 2048]","[2048, 2048, 2048, 2048, 2049, 2048, 2048, 2048, 2048]",338.0,18_9912
1268,9912,18,30,2025-09-07T13:44:33.191000+00:00,27.328,28.518,27.739,317.0,331.0,False,83.585,"[None, 2048, 2048, 2048, 2048, 2048]","[2048, 2048, 2049, 2049, 2049, 2048, 2048]","[2048, 2049, 2049, 2048, 2049, 2049, 2049, 2048, 2048]",340.0,18_9912
1268,9912,18,31,2025-09-07T13:45:56.654000+00:00,27.26,28.632,27.679,318.0,328.0,False,83.571,"[None, 2048, 2048, 2048, 2048, 2048]","[2048, 2048, 2049, 2048, 2048, 2049, 2048]","[2048, 2048, 2049, 2049, 2048, 2049, 2049, 2048, 2048]",341.0,18_9912
1268,9912,18,32,2025-09-07T13:47:20.365000+00:00,27.624,28.55,27.907,315.0,325.0,False,84.081,"[None, 2048, 2048, 2048, 2048, 2048]","[2048, 2048, 2049, 2049, 2049, 2048, 2048]","[2048, 2048, 2049, 2048, 2048, 2048, 2048, 2048, 2048]",336.0,18_9912
1268,9912,18,33,2025-09-07T13:48:44.479000+00:00,27.497,28.493,27.729,314.0,326.0,False,83.719,"[None, 2048, 2048, 2048, 2048, 2048]","[2048, 2048, 2048, 2048, 2049, 2049, 2048]","[2048, 2048, 2048, 2048, 2049, 2049, 2048, 2048, 2048]",330.0,18_9912
1268,9912,18,34,2025-09-07T13:50:08.091000+00:00,27.529,28.324,27.606,315.0,327.0,False,83.459,"[None, 2048, 2048, 2048, 2048, 2048]","[2048, 2048, 2049, 2049, 2049, 2048, 2048]","[2048, 2049, 2049, 2049, 2048, 2048, 2048, 2048, 2048]",332.0,18_9912
1268,9912,18,35,2025-09-07T13:51:31.631000+00:00,27.899,28.714,27.72,317.0,329.0,False,84.333,"[None, 2048, 2048, 2048, 2048, 2048]","[2048, 2048, 2048, 2048, 2048, 2049, 2048]","[2048, 2048, 2048, 2048, 2049, 2048, 2048, 2048, 2048]",325.0,18_9912
1268,9912,18,36,2025-09-07T13:52:55.977000+00:00,27.392,28.543,27.654,318.0,322.0,False,83.589,"[None, 2048, 2048, 2048, 2048, 2048]","[2048, 2048, 2049, 2048, 2048, 2048, 2048]","[2048, 2049, 2048, 2048, 2048, 2048, 2048, 2048, 2048]",331.0,18_9912
1268,9912,18,37,2025-09-07T13:54:19.461000+00:00,27.45,28.541,27.578,317.0,319.0,False,83.569,"[None, 2048, 2048, 2048, 2048, 2048]","[2048, 2048, 2048, 2048, 2048, 2048, 2048]","[2048, 2049, 2048, 2048, 2049, 2049, 2049, 2048, 2048]",327.0,18_9912
1268,9912,18,38,2025-09-07T13:55:43.091000+00:00,27.275,28.377,27.572,315.0,318.0,False,83.224,"[None, 2048, 2049, 2048, 2048, 2048]","[2048, 2049, 2049, 2048, 2049, 2048, 2048]","[2048, 2049, 2048, 2048, 2049, 2048, 2048, 2048, 2048]",329.0,18_9912
1268,9912,18,39,2025-09-07T13:57:06.304000+00:00,27.297,28.36,27.691,317.0,318.0,False,83.348,"[None, 2048, 2048, 2048, 2048, 2048]","[2048, 2048, 2049, 2048, 2049, 2048, 2048]","[2048, 2048, 2048, 2048, 2048, 2048, 2049, 2049, 2049]",328.0,18_9912
1268,9912,18,40,2025-09-07T13:58:29.643000+00:00,27.408,28.328,27.447,316.0,319.0,False,83.183,"[None, 2048, 2048, 2048, 2048, 2048]","[2048, 2049, 2048, 2048, 2049, 2048, 2048]","[2048, 2049, 2048, 2048, 2049, 2048, 2048, 2048, 2048]",,18_9912
1268,9912,18,41,2025-09-07T13:59:52.800000+00:00,27.866,28.405,27.655,317.0,329.0,False,83.926,"[None, 2048, 2048, 2048, 2048, 2048]","[2048, 2048, 2048, 2048, 2048, 2049, 2048]","[2048, 2048, 2048, 2048, 2048, 2048, 2048, 2048, 2048]",326.0,18_9912
1268,9912,18,42,2025-09-07T14:01:16.845000+00:00,27.356,28.44,27.628,318.0,323.0,False,83.424,"[None, 2048, 2048, 2048, 2048, 2048]","[2048, 2048, 2048, 2048, 2048, 2048, 2048]","[2049, 2048, 2048, 2048, 2048, 2048, 2048, 2048, 2048]",330.0,18_9912
1268,9912,18,43,2025-09-07T14:02:40.131000+00:00,,28.373,27.688,,320.0,False,83.417,"[None, 2048, 2048, 2048, 2048, 2048]","[2048, 2048, 2048, 2049, 2048, 2048, 2048]","[2048, 2048, 2048, 2048, 2048, 2048, 2048, 2048, 2048]",332.0,18_9912
1268,9912,18,44,2025-09-07T14:04:03.631000+00:00,27.39,28.262,27.662,317.0,320.0,False,83.314,"[None, 2048, 2048, 2048, 2048, 2048]","[2048, 2048, 2049, 2049, 2048, 2048, 2048]","[2048, 2048, 2048, 2048, 2048, 2048, 2048, 2049, 2048]",327.0,18_9912
1268,9912,18,45,2025-09-07T14:05:27.003000+00:00,27.276,28.366,27.468,,319.0,False,83.11,"[None, 2048, 2048, 2048, 2048, 2048]","[2048, 2048, 2048, 2048, 2048, 2048, 2048]","[2048, 2048, 2048, 2048, 2049, 2049, 2049, 2048, 2048]",,18_9912
1268,9912,18,46,2025-09-07T14:06:50.082000+00:00,27.377,28.359,27.43,318.0,319.0,False,83.166,"[None, 2048, 2048, 2048, 2048, 2048]","[2048, 2048, 2048, 2048, 2048, 2048, 2048]","[2048, 2049, 2048, 2048, 2049, 2048, 2048, 2049, 2048]",330.0,18_9912
1268,9912,18,47,2025-09-07T14:08:13.223000+00:00,27.407,28.185,27.411,,319.0,False,83.003,"[None, 2048, 2049, 2048, 2048, 2048]","[2048, 2049, 2049, 2048, 2049, 2048, 2048]","[2049, 2048, 2048, 2048, 2048, 2049, 2048, 2048, 2048]",328.0,18_9912
1268,9912,18,48,2025-09-07T14:09:36.261000+00:00,27.418,28.234,27.471,,318.0,False,83.123,"[None, 2048, 2048, 2048, 2048, 2048]","[2048, 2048, 2049, 2048, 2048, 2048, 2048]","[2048, 2048, 2048, 2048, 2048, 2049, 2048, 2049, 2048]",,18_9912
1268,9912,18,49,2025-09-07T14:10:59.314000+00:00,27.334,28.204,32.515,317.0,327.0,False,88.053,"[None, 2048, 2048, 2048, 2048, 2048]","[2048, 2048, 2048, 2049, 2048, 2048, 2048]","[2049, 2048, 2048, 2048, 2048, 2049, 2048, 2064, 2064]",,18_9912
1268,9912,18,50,2025-09-07T14:12:27.368000+00:00,61.669,28.007,27.352,309.0,314.0,True,117.028,"[2064, 2064, 2048, 2048, 2048, 2048]","[2048, 2049, 2048, 2049, 2049, 2049, 2048]","[2048, 2049, 2048, 2048, 2049, 2049, 2049, 2048, 2048]",287.0,18_9912
1268,9912,18,51,2025-09-07T14:14:24.530000+00:00,27.07,27.867,27.227,313.0,317.0,False,82.164,"[2048, 2048, 2048, 2049, 2048, 2048]","[2048, 2048, 2049, 2049, 2049, 2048, 2048]","[2049, 2048, 2048, 2048, 2049, 2049, 2049, 2049, 2049]",326.0,18_9912
1268,9912,18,52,2025-09-07T14:15:46.553000+00:00,27.127,27.768,27.387,314.0,330.0,False,82.282,"[None, 2048, 2048, 2048, 2048, 2048]","[2048, 2048, 2048, 2048, 2048, 2049, 2048]","[2049, 2048, 2048, 2048, 2048, 2048, 2048, 2048, 2048]",325.0,18_9912
1268,9912,22,1,2025-09-07T13:03:34.805000+00:00,31.401,31.382,28.985,337.0,326.0,False,91.768,"[2048, 2049, 2049, 2049, 2049, 2049]","[2049, 2049, 2049, 2049, 2049, 2049, 2049]","[2049, 2049, 2049, 2049, 2049, 2049, 2049, 2049, 2049]",257.0,22_9912
1268,9912,22,2,2025-09-07T13:05:06.572000+00:00,27.805,29.267,28.277,327.0,342.0,False,85.349,"[2049, 2049, 2049, 2049, 2048, 2048]","[2049, 2049, 2049, 2049, 2049, 2049, 2049]","[2049, 2049, 2048, 2049, 2049, 2049, 2049, 2049, 2049]",322.0,22_9912
1268,9912,22,3,2025-09-07T13:06:31.849000+00:00,27.68,29.478,28.368,316.0,341.0,False,85.526,"[None, 2049, 2048, 2049, 2048, 2048]","[2048, 2048, 2049, 2048, 2048, 2048, 2049]","[2049, 2048, 2049, 2048, 2049, 2049, 2049, 2049, 2049]",339.0,22_9912
1268,9912,22,4,2025-09-07T13:07:57.304000+00:00,27.607,29.192,28.072,,338.0,False,84.871,"[None, 2048, 2048, 2049, 2048, 2048]","[2048, 2049, 2049, 2049, 2048, 2048, 2048]","[2049, 2049, 2049, 2049, 2049, 2048, 2049, 2049, 2049]",330.0,22_9912
1268,9912,22,5,2025-09-07T13:09:22.294000+00:00,27.424,29.067,28.103,317.0,335.0,False,84.594,"[2048, 2048, 2048, 2048, 2049, 2048]","[2048, 2049, 2049, 2049, 2049, 2048, 2048]","[2048, 2049, 2049, 2048, 2048, 2048, 2049, 2048, 2049]",341.0,22_9912
1268,9912,22,6,2025-09-07T13:10:46.879000+00:00,27.516,29.248,28.133,330.0,323.0,False,84.897,"[2049, 2048, 2048, 2048, 2049, 2048]","[2049, 2048, 2048, 2049, 2049, 2048, 2048]","[2049, 2049, 2048, 2048, 2048, 2048, 2048, 2048, 2048]",339.0,22_9912
1268,9912,22,7,2025-09-07T13:12:11.773000+00:00,27.626,28.973,28.057,314.0,321.0,False,84.656,"[2048, 2048, 2048, 2048, 2048, 2048]","[2048, 2049, 2049, 2049, 2049, 2048, 2048]","[2049, 2049, 2048, 2048, 2048, 2048, 2048, 2048, 2048]",328.0,22_9912
1268,9912,22,8,2025-09-07T13:13:36.382000+00:00,27.502,28.976,27.975,311.0,322.0,False,84.453,"[None, 2048, 2049, 2048, 2048, 2048]","[2049, 2048, 2048, 2048, 2049, 2048, 2048]","[2049, 2049, 2048, 2048, 2048, 2048, 2048, 2048, 2048]",338.0,22_9912
1268,9912,22,9,2025-09-07T13:15:00.911000+00:00,27.531,28.874,28.125,315.0,320.0,False,84.53,"[None, 2048, 2048, 2048, 2048, 2048]","[2048, 2048, 2049, 2048, 2049, 2048, 2048]","[2048, 2048, 2048, 2048, 2048, 2048, 2048, 2048, 2048]",330.0,22_9912
1268,9912,22,10,2025-09-07T13:16:25.326000+00:00,27.599,28.911,27.939,,321.0,False,84.449,"[None, 2048, 2048, 2048, 2048, 2048]","[2048, 2048, 2048, 2049, 2048, 2048, 2048]","[2048, 2049, 2049, 2048, 2048, 2049, 2049, 2048, 2048]",326.0,22_9912
1268,9912,22,11,2025-09-07T13:17:49.743000+00:00,27.572,28.861,27.981,,322.0,False,84.414,"[None, 2048, 2048, 2049, 2048, 2048]","[2049, 2048, 2048, 2048, 2048, 2048, 2048]","[2048, 2048, 2048, 2048, 2048, 2049, 2048, 2048, 2048]",324.0,22_9912
1268,9912,22,12,2025-09-07T13:19:14.181000+00:00,27.529,28.901,28.053,318.0,322.0,False,84.483,"[None, 2048, 2048, 2048, 2048, 2048]","[2048, 2049, 2049, 2048, 2048, 2048, 2048]","[2048, 2048, 2048, 2049, 2048, 2048, 2048, 2048, 2048]",,22_9912
1268,9912,22,13,2025-09-07T13:20:38.656000+00:00,27.428,29.046,28.032,316.0,321.0,False,84.506,"[None, 2048, 2048, 2048, 2048, 2048]","[2048, 2048, 2048, 2048, 2048, 2048, 2048]","[2048, 2048, 2048, 2048, 2048, 2048, 2048, 2049, 2049]",334.0,22_9912
1268,9912,22,14,2025-09-07T13:22:03.195000+00:00,27.374,29.101,28.018,320.0,327.0,False,84.493,"[None, 2048, 2048, 2048, 2048, 2048]","[2048, 2048, 2048, 2048, 2048, 2048, 2048]","[2048, 2048, 2049, 2048, 2048, 2048, 2048, 2048, 2048]",336.0,22_9912
1268,9912,22,15,2025-09-07T13:23:27.757000+00:00,27.406,28.914,28.075,319.0,322.0,False,84.395,"[None, 2048, 2048, 2048, 2048, 2048]","[2049, 2048, 2048, 2048, 2048, 2048, 2048]","[2048, 2048, 2048, 2048, 2048, 2048, 2048, 2048, 2049]",338.0,22_9912
1268,9912,22,16,2025-09-07T13:24:52.072000+00:00,27.552,28.977,27.997,318.0,322.0,False,84.526,"[None, 2048, 2048, 2048, 2048, 2048]","[2048, 2048, 2048, 2048, 2048, 2048, 2048]","[2048, 2048, 2048, 2048, 2048, 2048, 2048, 2049, 2048]",327.0,22_9912
1268,9912,22,17,2025-09-07T13:26:16.574000+00:00,27.471,28.984,27.895,315.0,320.0,False,84.35,"[None, 2048, 2048, 2048, 2048, 2048]","[2048, 2048, 2048, 2048, 2048, 2048, 2048]","[2048, 2048, 2048, 2048, 2049, 2049, 2048, 2048, 2048]",328.0,22_9912
1268,9912,22,18,2025-09-07T13:27:41.013000+00:00,28.079,29.19,28.018,321.0,330.0,False,85.287,"[None, 2048, 2048, 2048, 2049, 2048]","[2048, 2048, 2048, 2048, 2048, 2048, 2048]","[2048, 2048, 2049, 2048, 2048, 2049, 2049, 2049, 2049]",324.0,22_9912
1268,9912,22,19,2025-09-07T13:29:06.308000+00:00,27.578,29.061,32.304,317.0,320.0,False,88.943,"[None, 2048, 2048, 2048, 2048, 2048]","[2048, 2048, 2048, 2048, 2048, 2048, 2048]","[2048, 2049, 2049, 2048, 2048, 2048, 2048, 2064, 2064]",330.0,22_9912
1268,9912,22,20,2025-09-07T13:30:35.281000+00:00,48.07,29.126,27.931,324.0,332.0,True,105.127,"[2064, 2064, 2048, 2048, 2048, 2048]","[2048, 2048, 2048, 2049, 2049, 2049, 2048]","[2048, 2048, 2048, 2048, 2048, 2049, 2049, 2049, 2048]",280.0,22_9912
1268,9912,22,21,2025-09-07T13:32:20.261000+00:00,27.5,28.66,27.724,318.0,326.0,False,83.884,"[2048, 2048, 2048, 2049, 2048, 2048]","[2048, 2049, 2048, 2049, 2049, 2048, 2048]","[2048, 2048, 2048, 2048, 2049, 2048, 2048, 2048, 2049]",321.0,22_9912
1268,9912,22,22,2025-09-07T13:33:44.229000+00:00,27.449,28.724,27.926,,338.0,False,84.099,"[None, 2048, 2048, 2048, 2048, 2048]","[2048, 2048, 2048, 2048, 2048, 2049, 2048]","[2049, 2048, 2049, 2048, 2048, 2048, 2048, 2049, 2049]",332.0,22_9912
1268,9912,22,23,2025-09-07T13:35:08.375000+00:00,27.565,28.815,27.876,,334.0,False,84.256,"[2049, 2048, 2048, 2048, 2048, 2048]","[2048, 2048, 2048, 2048, 2048, 2048, 2048]","[2048, 2048, 2049, 2048, 2048, 2048, 2049, 2049, 2049]",334.0,22_9912
1268,9912,22,24,2025-09-07T13:36:32.497000+00:00,27.388,28.833,28.017,319.0,338.0,False,84.238,"[None, 2049, 2048, 2048, 2048, 2048]","[2048, 2048, 2048, 2048, 2048, 2051, 2048]","[2048, 2048, 2048, 2048, 2048, 2048, 2048, 2048, 2048]",345.0,22_9912
1268,9912,22,25,2025-09-07T13:37:56.715000+00:00,27.597,29.096,28.029,320.0,338.0,False,84.722,"[2048, 2048, 2048, 2048, 2049, 2048]","[2048, 2048, 2048, 2048, 2048, 2048, 2048]","[2048, 2048, 2048, 2048, 2048, 2048, 2048, 2048, 2048]",338.0,22_9912
1268,9912,22,26,2025-09-07T13:39:21.516000+00:00,27.765,28.719,27.9,,335.0,False,84.384,"[None, 2049, 2048, 2048, 2048, 2048]","[2048, 2048, 2048, 2048, 2048, 2048, 2048]","[2048, 2049, 2048, 2048, 2048, 2048, 2048, 2048, 2048]",337.0,22_9912
1268,9912,22,27,2025-09-07T13:40:45.836000+00:00,27.337,30.491,28.354,328.0,329.0,False,86.182,"[None, 2048, 2049, 2048, 2048, 2048]","[2049, 2048, 2048, 2048, 2048, 2048, 2048]","[2048, 2048, 2048, 2048, 2048, 2048, 2048, 2048, 2048]",355.0,22_9912
1268,9912,22,28,2025-09-07T13:42:11.992000+00:00,27.789,28.773,27.696,312.0,316.0,False,84.258,"[None, 2048, 2048, 2048, 2048, 2048]","[2048, 2048, 2048, 2049, 2048, 2048, 2048]","[2048, 2049, 2048, 2048, 2049, 2049, 2048, 2048, 2048]",318.0,22_9912
1268,9912,22,29,2025-09-07T13:43:36.362000+00:00,27.661,28.54,27.683,313.0,318.0,False,83.884,"[None, 2048, 2048, 2048, 2048, 2048]","[2048, 2049, 2048, 2049, 2049, 2048, 2048]","[2049, 2048, 2048, 2048, 2048, 2048, 2048, 2048, 2048]",,22_9912
1268,9912,22,30,2025-09-07T13:45:00.288000+00:00,27.584,28.497,27.651,310.0,317.0,False,83.732,"[None, 2048, 2048, 2048, 2048, 2048]","[2048, 2049, 2049, 2048, 2048, 2048, 2048]","[2048, 2048, 2048, 2048, 2049, 2049, 2048, 2048, 2048]",319.0,22_9912
1268,9912,22,31,2025-09-07T13:46:23.944000+00:00,27.544,28.41,27.778,314.0,318.0,False,83.732,"[None, 2048, 2048, 2048, 2048, 2048]","[2048, 2049, 2048, 2049, 2049, 2048, 2048]","[2048, 2048, 2048, 2048, 2048, 2048, 2048, 2048, 2048]",,22_9912
1268,9912,22,32,2025-09-07T13:47:47.635000+00:00,27.524,28.501,27.657,315.0,317.0,False,83.682,"[None, 2048, 2048, 2048, 2048, 2048]","[2048, 2048, 2048, 2048, 2049, 2048, 2048]","[2049, 2048, 2048, 2048, 2048, 2048, 2048, 2048, 2048]",,22_9912
1268,9912,22,33,2025-09-07T13:49:11.455000+00:00,27.336,28.536,27.633,316.0,319.0,False,83.505,"[None, 2048, 2048, 2048, 2048, 2048]","[2048, 2048, 2049, 2048, 2048, 2048, 2048]","[2048, 2048, 2048, 2048, 2048, 2049, 2048, 2048, 2048]",335.0,22_9912
1268,9912,22,34,2025-09-07T13:50:34.845000+00:00,27.631,28.417,27.599,313.0,318.0,False,83.647,"[None, 2048, 2048, 2048, 2048, 2048]","[2048, 2049, 2049, 2048, 2048, 2048, 2048]","[2048, 2049, 2048, 2048, 2048, 2048, 2048, 2048, 2048]",319.0,22_9912
1268,9912,22,35,2025-09-07T13:51:58.487000+00:00,27.467,28.442,27.592,315.0,320.0,False,83.501,"[None, 2048, 2048, 2048, 2048, 2048]","[2049, 2048, 2048, 2048, 2048, 2048, 2048]","[2048, 2048, 2048, 2048, 2048, 2048, 2049, 2048, 2048]",322.0,22_9912
1268,9912,22,36,2025-09-07T13:53:21.991000+00:00,27.531,28.429,27.659,,319.0,False,83.619,"[None, 2048, 2048, 2048, 2048, 2048]","[2048, 2048, 2048, 2048, 2048, 2048, 2048]","[2048, 2048, 2048, 2048, 2048, 2048, 2048, 2048, 2048]",318.0,22_9912
1268,9912,22,37,2025-09-07T13:54:45.671000+00:00,27.453,28.383,27.504,313.0,318.0,False,83.34,"[None, 2048, 2048, 2048, 2048, 2048]","[2049, 2048, 2048, 2048, 2048, 2048, 2048]","[2048, 2048, 2048, 2048, 2049, 2049, 2049, 2048, 2048]",321.0,22_9912
1268,9912,22,38,2025-09-07T13:56:09.065000+00:00,27.524,28.701,27.568,314.0,321.0,False,83.793,"[None, 2048, 2048, 2048, 2048, 2048]","[2048, 2048, 2048, 2048, 2048, 2048, 2048]","[2049, 2048, 2048, 2048, 2048, 2048, 2048, 2048, 2048]",319.0,22_9912
1268,9912,22,39,2025-09-07T13:57:32.744000+00:00,27.46,28.411,27.532,,320.0,False,83.403,"[None, 2048, 2048, 2048, 2048, 2048]","[2048, 2048, 2049, 2049, 2049, 2048, 2048]","[2048, 2048, 2048, 2048, 2048, 2048, 2048, 2048, 2048]",,22_9912
1268,9912,22,40,2025-09-07T13:58:56.221000+00:00,27.449,29.666,27.533,303.0,322.0,False,84.648,"[None, 2048, 2048, 2048, 2049, 2048]","[2048, 2048, 2048, 2048, 2048, 2048, 2048]","[2048, 2049, 2048, 2048, 2048, 2048, 2049, 2048, 2048]",,22_9912
1268,9912,22,41,2025-09-07T14:00:20.866000+00:00,27.395,28.365,27.5,316.0,320.0,False,83.26,"[None, 2048, 2048, 2048, 2048, 2048]","[2048, 2048, 2048, 2048, 2048, 2048, 2048]","[2048, 2049, 2048, 2048, 2048, 2049, 2049, 2048, 2048]",321.0,22_9912
1268,9912,22,42,2025-09-07T14:01:44.055000+00:00,27.393,28.369,27.515,317.0,321.0,False,83.277,"[None, 2048, 2048, 2048, 2048, 2048]","[2048, 2048, 2049, 2048, 2048, 2048, 2048]","[2048, 2048, 2048, 2048, 2048, 2049, 2049, 2048, 2048]",,22_9912
1268,9912,22,43,2025-09-07T14:03:07.366000+00:00,27.439,28.131,27.478,313.0,320.0,False,83.048,"[None, 2048, 2048, 2048, 2049, 2048]","[2048, 2049, 2049, 2049, 2049, 2048, 2048]","[2048, 2048, 2048, 2048, 2048, 2048, 2048, 2048, 2048]",320.0,22_9912
1268,9912,22,44,2025-09-07T14:04:30.465000+00:00,27.331,28.27,27.49,,321.0,False,83.091,"[None, 2048, 2048, 2048, 2049, 2048]","[2048, 2048, 2048, 2048, 2048, 2048, 2048]","[2048, 2049, 2048, 2048, 2048, 2048, 2048, 2048, 2048]",,22_9912
1268,9912,22,45,2025-09-07T14:05:53.551000+00:00,27.454,28.214,27.369,314.0,319.0,False,83.037,"[None, 2048, 2048, 2048, 2048, 2048]","[2048, 2049, 2048, 2048, 2048, 2048, 2048]","[2048, 2049, 2048, 2048, 2048, 2049, 2049, 2048, 2048]",322.0,22_9912
1268,9912,22,46,2025-09-07T14:07:16.629000+00:00,27.42,28.426,27.39,313.0,318.0,False,83.236,"[None, 2048, 2048, 2048, 2049, 2048]","[2048, 2048, 2048, 2048, 2048, 2048, 2048]","[2048, 2049, 2049, 2048, 2048, 2048, 2048, 2048, 2048]",321.0,22_9912
1268,9912,22,47,2025-09-07T14:08:39.833000+00:00,27.418,28.243,27.37,317.0,320.0,False,83.031,"[None, 2048, 2048, 2048, 2049, 2048]","[2048, 2048, 2048, 2048, 2048, 2048, 2048]","[2048, 2048, 2049, 2048, 2048, 2048, 2048, 2048, 2048]",320.0,22_9912
1268,9912,22,48,2025-09-07T14:10:02.844000+00:00,27.3,28.155,27.345,316.0,318.0,False,82.8,"[None, 2048, 2048, 2048, 2049, 2048]","[2048, 2048, 2049, 2048, 2048, 2048, 2048]","[2048, 2049, 2049, 2048, 2048, 2049, 2048, 2048, 2048]",321.0,22_9912
1268,9912,22,49,2025-09-07T14:11:25.611000+00:00,27.365,28.212,27.369,314.0,318.0,False,82.946,"[None, 2048, 2048, 2048, 2048, 2048]","[2048, 2048, 2049, 2048, 2049, 2048, 2048]","[2048, 2048, 2049, 2048, 2048, 2048, 2048, 2048, 2048]",,22_9912
1268,9912,22,50,2025-09-07T14:12:48.623000+00:00,27.336,28.11,27.384,316.0,317.0,False,82.83,"[None, 2048, 2048, 2048, 2048, 2048]","[2048, 2049, 2048, 2048, 2048, 2048, 2048]","[2048, 2048, 2048, 2048, 2048, 2049, 2048, 2048, 2048]",319.0,22_9912
1268,9912,22,51,2025-09-07T14:14:11.405000+00:00,27.358,28.265,27.374,314.0,317.0,False,82.997,"[None, 2048, 2048, 2049, 2048, 2048]","[2048, 2048, 2048, 2048, 2048, 2048, 2048]","[2048, 2048, 2048, 2048, 2048, 2048, 2048, 2048, 2048]",320.0,22_9912
1268,9912,22,52,2025-09-07T14:15:34.411000+00:00,27.316,28.073,27.323,315.0,319.0,False,82.712,"[None, 2048, 2048, 2048, 2048, 2048]","[2049, 2048, 2049, 2048, 2048, 2048, 2048]","[2048, 2049, 2048, 2048, 2048, 2048, 2048, 2048, 2048]",319.0,22_9912
1268,9912,22,53,2025-09-07T14:16:56.981000+00:00,27.413,28.264,27.448,314.0,315.0,False,83.125,"[None, 2048, 2048, 2048, 2049, 2048]","[2048, 2048, 2048, 2048, 2048, 2048, 2048]","[2048, 2048, 2048, 2048, 2048, 2048, 2048, 2048, 2048]",318.0,22_9912
1268,9912,23,1,2025-09-07T13:03:34.805000+00:00,32.744,31.206,29.271,323.0,330.0,False,93.221,"[2048, 2049, 2049, 2049, 2049, 2049]","[2049, 2049, 2049, 2049, 2049, 2049, 2049]","[2049, 2049, 2049, 2049, 2049, 2049, 2049, 2049, 2049]",272.0,23_9912
1268,9912,23,2,2025-09-07T13:05:08.025000+00:00,27.809,29.38,28.573,322.0,342.0,False,85.762,"[2049, 2049, 2049, 2049, 2049, 2049]","[2048, 2049, 2049, 2049, 2049, 2049, 2049]","[2049, 2049, 2049, 2048, 2049, 2049, 2048, 2049, 2049]",330.0,23_9912
1268,9912,23,3,2025-09-07T13:06:33.881000+00:00,27.41,29.424,28.404,319.0,340.0,False,85.238,"[None, 2049, 2049, 2049, 2048, 2048]","[2048, 2049, 2048, 2048, 2048, 2049, 2048]","[2049, 2049, 2049, 2049, 2049, 2048, 2049, 2049, 2049]",352.0,23_9912
1268,9912,23,4,2025-09-07T13:07:59.210000+00:00,27.608,29.388,28.431,315.0,336.0,False,85.427,"[None, 2048, 2048, 2049, 2049, 2048]","[2049, 2049, 2048, 2048, 2048, 2048, 2048]","[2048, 2049, 2049, 2049, 2049, 2048, 2049, 2049, 2049]",351.0,23_9912
1268,9912,23,5,2025-09-07T13:09:24.554000+00:00,27.17,29.072,28.356,317.0,340.0,False,84.598,"[None, 2049, 2049, 2049, 2048, 2048]","[2049, 2049, 2048, 2049, 2048, 2048, 2049]","[2049, 2049, 2049, 2048, 2048, 2048, 2049, 2048, 2049]",356.0,23_9912
1268,9912,23,6,2025-09-07T13:10:49.105000+00:00,27.261,29.151,28.331,320.0,335.0,False,84.743,"[None, 2048, 2048, 2048, 2049, 2049]","[2048, 2048, 2049, 2049, 2048, 2048, 2048]","[2049, 2048, 2048, 2049, 2048, 2048, 2048, 2048, 2048]",348.0,23_9912
1268,9912,23,7,2025-09-07T13:12:13.829000+00:00,27.422,29.028,28.286,316.0,333.0,False,84.736,"[2048, 2048, 2048, 2048, 2048, 2048]","[2049, 2049, 2048, 2048, 2049, 2048, 2048]","[2048, 2049, 2048, 2048, 2049, 2049, 2049, 2048, 2048]",343.0,23_9912
1268,9912,23,8,2025-09-07T13:13:38.585000+00:00,27.502,28.825,28.226,314.0,335.0,False,84.553,"[None, 2048, 2048, 2048, 2049, 2048]","[2048, 2048, 2049, 2049, 2049, 2049, 2048]","[2048, 2049, 2048, 2048, 2048, 2048, 2049, 2049, 2048]",335.0,23_9912
1268,9912,23,9,2025-09-07T13:15:03.109000+00:00,27.329,29.057,28.261,318.0,334.0,False,84.647,"[None, 2049, 2048, 2048, 2049, 2048]","[2048, 2048, 2048, 2048, 2048, 2051, 2048]","[2048, 2049, 2048, 2048, 2048, 2048, 2049, 2049, 2048]",352.0,23_9912
1268,9912,23,10,2025-09-07T13:16:27.717000+00:00,27.291,28.873,28.289,316.0,335.0,False,84.453,"[None, 2048, 2048, 2048, 2048, 2048]","[2048, 2048, 2048, 2049, 2048, 2048, 2048]","[2048, 2048, 2048, 2048, 2048, 2048, 2049, 2048, 2048]",334.0,23_9912
1268,9912,23,11,2025-09-07T13:17:52.196000+00:00,27.301,28.943,28.27,320.0,336.0,False,84.514,"[None, 2048, 2048, 2049, 2048, 2048]","[2049, 2048, 2048, 2048, 2048, 2048, 2048]","[2048, 2048, 2049, 2049, 2048, 2048, 2049, 2049, 2049]",335.0,23_9912
1268,9912,23,12,2025-09-07T13:19:16.665000+00:00,27.34,28.945,28.274,317.0,336.0,False,84.559,"[None, 2048, 2048, 2048, 2048, 2048]","[2049, 2048, 2048, 2048, 2048, 2048, 2048]","[2048, 2048, 2048, 2048, 2048, 2048, 2049, 2049, 2048]",345.0,23_9912
1268,9912,23,13,2025-09-07T13:20:41.316000+00:00,27.179,28.983,28.251,320.0,336.0,False,84.413,"[None, 2048, 2048, 2048, 2049, 2048]","[2048, 2048, 2048, 2048, 2048, 2048, 2048]","[2048, 2048, 2048, 2048, 2048, 2048, 2048, 2048, 2048]",346.0,23_9912
1268,9912,23,14,2025-09-07T13:22:05.632000+00:00,27.215,28.863,28.134,318.0,338.0,False,84.212,"[None, 2048, 2049, 2048, 2048, 2048]","[2048, 2048, 2048, 2048, 2048, 2048, 2048]","[2049, 2049, 2049, 2049, 2048, 2048, 2049, 2049, 2049]",350.0,23_9912
1268,9912,23,15,2025-09-07T13:23:29.929000+00:00,27.331,28.974,28.126,316.0,335.0,False,84.431,"[2049, 2049, 2048, 2048, 2049, 2048]","[2048, 2048, 2048, 2048, 2048, 2048, 2048]","[2048, 2049, 2048, 2048, 2048, 2049, 2049, 2048, 2048]",364.0,23_9912
1268,9912,23,16,2025-09-07T13:24:54.385000+00:00,27.216,28.982,28.301,320.0,339.0,False,84.499,"[2048, 2048, 2048, 2049, 2049, 2049]","[2048, 2048, 2048, 2048, 2048, 2051, 2048]","[2048, 2048, 2048, 2048, 2048, 2048, 2048, 2048, 2048]",342.0,23_9912
1268,9912,23,17,2025-09-07T13:26:18.839000+00:00,27.378,28.808,28.236,317.0,338.0,False,84.422,"[None, 2048, 2048, 2048, 2048, 2048]","[2048, 2049, 2048, 2048, 2048, 2051, 2048]","[2048, 2048, 2048, 2048, 2048, 2048, 2048, 2048, 2048]",349.0,23_9912
1268,9912,23,18,2025-09-07T13:27:43.263000+00:00,27.301,29.115,28.322,318.0,338.0,False,84.738,"[None, 2048, 2048, 2048, 2049, 2048]","[2048, 2048, 2048, 2048, 2048, 2048, 2049]","[2048, 2048, 2048, 2048, 2048, 2048, 2048, 2048, 2048]",347.0,23_9912
1268,9912,23,19,2025-09-07T13:29:07.950000+00:00,27.321,28.795,28.135,319.0,334.0,False,84.251,"[None, 2048, 2048, 2048, 2048, 2048]","[2048, 2048, 2049, 2049, 2048, 2048, 2048]","[2048, 2048, 2051, 2048, 2048, 2048, 2048, 2048, 2048]",340.0,23_9912
1268,9912,23,20,2025-09-07T13:30:32.186000+00:00,27.23,28.76,28.249,315.0,329.0,False,84.239,"[None, 2048, 2048, 2049, 2048, 2048]","[2048, 2049, 2049, 2048, 2048, 2048, 2048]","[2048, 2049, 2048, 2048, 2048, 2049, 2048, 2048, 2048]",345.0,23_9912
1268,9912,23,21,2025-09-07T13:31:56.544000+00:00,27.227,28.671,27.917,317.0,329.0,False,83.815,"[None, 2048, 2048, 2049, 2048, 2048]","[2049, 2048, 2048, 2049, 2049, 2048, 2048]","[2048, 2049, 2048, 2048, 2049, 2048, 2048, 2049, 2048]",338.0,23_9912
1268,9912,23,22,2025-09-07T13:33:20.227000+00:00,27.25,28.586,27.902,319.0,328.0,False,83.738,"[None, 2048, 2048, 2048, 2048, 2048]","[2048, 2049, 2048, 2049, 2048, 2048, 2048]","[2048, 2048, 2048, 2048, 2049, 2049, 2049, 2048, 2048]",339.0,23_9912
1268,9912,23,23,2025-09-07T13:34:44.036000+00:00,27.235,28.51,28.036,317.0,329.0,False,83.781,"[None, 2048, 2048, 2048, 2048, 2048]","[2049, 2048, 2049, 2049, 2048, 2048, 2048]","[2048, 2048, 2048, 2048, 2048, 2048, 2049, 2049, 2048]",338.0,23_9912
1268,9912,23,24,2025-09-07T13:36:07.857000+00:00,27.323,28.554,27.99,315.0,327.0,False,83.867,"[None, 2048, 2048, 2048, 2048, 2048]","[2048, 2048, 2048, 2048, 2048, 2048, 2048]","[2049, 2048, 2048, 2048, 2048, 2048, 2049, 2048, 2048]",,23_9912
1268,9912,23,25,2025-09-07T13:37:31.637000+00:00,27.292,28.635,27.799,313.0,316.0,False,83.726,"[None, 2048, 2048, 2048, 2048, 2048]","[2049, 2048, 2048, 2049, 2049, 2048, 2048]","[2048, 2049, 2048, 2048, 2049, 2049, 2049, 2048, 2048]",340.0,23_9912
1268,9912,23,26,2025-09-07T13:38:55.333000+00:00,27.158,28.359,27.729,316.0,318.0,False,83.246,"[None, 2048, 2049, 2049, 2048, 2048]","[2049, 2049, 2049, 2048, 2049, 2048, 2048]","[2049, 2049, 2048, 2048, 2049, 2048, 2048, 2048, 2048]",329.0,23_9912
1268,9912,23,27,2025-09-07T13:40:18.680000+00:00,27.489,28.484,27.75,314.0,316.0,False,83.723,"[None, 2048, 2049, 2048, 2048, 2048]","[2048, 2048, 2048, 2048, 2048, 2048, 2048]","[2048, 2048, 2048, 2048, 2048, 2049, 2049, 2048, 2048]",332.0,23_9912
1268,9912,23,28,2025-09-07T13:41:42.320000+00:00,27.348,28.35,27.651,316.0,316.0,False,83.349,"[None, 2048, 2048, 2048, 2048, 2048]","[2049, 2048, 2048, 2048, 2048, 2048, 2048]","[2048, 2049, 2048, 2048, 2048, 2048, 2048, 2048, 2048]",326.0,23_9912
1268,9912,23,29,2025-09-07T13:43:05.620000+00:00,27.34,28.325,27.564,314.0,315.0,False,83.229,"[None, 2048, 2048, 2049, 2048, 2048]","[2048, 2049, 2048, 2049, 2049, 2048, 2048]","[2049, 2049, 2048, 2048, 2049, 2049, 2048, 2048, 2048]",323.0,23_9912
1268,9912,23,30,2025-09-07T13:44:28.935000+00:00,27.261,28.315,27.553,313.0,316.0,False,83.129,"[None, 2048, 2048, 2048, 2048, 2048]","[2048, 2048, 2048, 2049, 2049, 2048, 2048]","[2049, 2049, 2048, 2048, 2048, 2048, 2048, 2048, 2048]",,23_9912
1268,9912,23,31,2025-09-07T13:45:52.697000+00:00,27.302,28.148,27.555,315.0,317.0,False,83.005,"[None, 2048, 2048, 2048, 2048, 2048]","[2048, 2049, 2049, 2049, 2048, 2048, 2048]","[2048, 2048, 2048, 2048, 2048, 2049, 2049, 2048, 2048]",324.0,23_9912
1268,9912,23,32,2025-09-07T13:47:15.115000+00:00,27.322,28.232,27.595,317.0,317.0,False,83.149,"[None, 2048, 2048, 2048, 2048, 2048]","[2048, 2048, 2049, 2049, 2048, 2048, 2048]","[2048, 2049, 2048, 2048, 2048, 2048, 2048, 2048, 2048]",323.0,23_9912
1268,9912,23,33,2025-09-07T13:48:38.197000+00:00,27.208,28.145,27.642,314.0,315.0,False,82.995,"[None, 2048, 2048, 2048, 2048, 2048]","[2048, 2048, 2049, 2048, 2049, 2048, 2048]","[2048, 2048, 2048, 2048, 2048, 2049, 2048, 2048, 2048]",327.0,23_9912
1268,9912,23,34,2025-09-07T13:50:01.278000+00:00,27.318,28.137,27.451,315.0,315.0,False,82.906,"[None, 2048, 2048, 2048, 2048, 2048]","[2049, 2048, 2049, 2049, 2048, 2048, 2048]","[2048, 2049, 2048, 2048, 2048, 2048, 2048, 2048]",325.0,23_9912
1268,9912,23,35,2025-09-07T13:51:24.012000+00:00,27.145,28.04,27.312,317.0,318.0,False,82.497,"[None, 2048, 2048, 2049, 2048, 2048]","[2048, 2049, 2048, 2049, 2049, 2048, 2048]","[2049, 2051, 2048, 2048, 2049, 2049, 2049, 2048, 2048]",324.0,23_9912
1268,9912,23,36,2025-09-07T13:52:46.730000+00:00,27.24,28.092,27.277,314.0,317.0,False,82.609,"[None, 2048, 2048, 2048, 2048, 2048]","[2048, 2048, 2049, 2049, 2048, 2048, 2048]","[2048, 2051, 2048, 2048, 2049, 2049, 2049, 2048, 2048]",,23_9912
1268,9912,23,37,2025-09-07T13:54:09.219000+00:00,27.241,28.068,27.42,313.0,316.0,False,82.729,"[None, 2048, 2048, 2048, 2048, 2048]","[2048, 2048, 2048, 2049, 2048, 2048, 2048]","[2048, 2048, 2048, 2048, 2048, 2048, 2048, 2048, 2048]",322.0,23_9912
1268,9912,23,38,2025-09-07T13:55:32.030000+00:00,27.19,28.05,27.418,314.0,318.0,False,82.658,"[None, 2048, 2048, 2048, 2048, 2048]","[2048, 2048, 2048, 2048, 2049, 2048, 2048]","[2048, 2048, 2048, 2048, 2048, 2048, 2048, 2048, 2048]",325.0,23_9912
1268,9912,23,39,2025-09-07T13:56:54.648000+00:00,27.182,28.129,27.362,311.0,315.0,False,82.673,"[None, 2048, 2048, 2048, 2048, 2048]","[2048, 2049, 2049, 2048, 2048, 2048, 2048]","[2048, 2048, 2048, 2048, 2048, 2049, 2048, 2048, 2048]",326.0,23_9912
1268,9912,23,40,2025-09-07T13:58:17.346000+00:00,27.194,28.065,27.315,315.0,316.0,False,82.574,"[None, 2048, 2048, 2048, 2048, 2048]","[2048, 2048, 2048, 2048, 2048, 2048, 2048]","[2048, 2048, 2048, 2048, 2048, 2049, 2048, 2048, 2048]",323.0,23_9912
1268,9912,23,41,2025-09-07T13:59:39.925000+00:00,27.118,27.934,31.276,,328.0,False,86.328,"[None, 2048, 2048, 2048, 2049, 2048]","[2048, 2048, 2048, 2048, 2048, 2048, 2048]","[2051, 2048, 2048, 2049, 2048, 2049, 2048, 2064, 2064]",324.0,23_9912
1268,9912,23,42,2025-09-07T14:01:06.213000+00:00,47.672,27.777,27.318,315.0,330.0,True,102.767,"[2064, 2064, 2048, 2048, 2048, 2048]","[2048, 2048, 2048, 2049, 2049, 2051, 2048]","[2048, 2048, 2048, 2048, 2048, 2049, 2048, 2049, 2048]",287.0,23_9912
1268,9912,23,43,2025-09-07T14:02:48.881000+00:00,26.841,27.758,27.3,317.0,331.0,False,81.899,"[2048, 2048, 2048, 2049, 2049, 2048]","[2048, 2048, 2048, 2048, 2048, 2051, 2048]","[2048, 2048, 2049, 2048, 2048, 2049, 2048, 2048, 2048]",336.0,23_9912
1268,9912,23,44,2025-09-07T14:04:10.933000+00:00,27.122,27.76,27.244,328.0,316.0,False,82.126,"[None, 2048, 2048, 2048, 2048, 2049]","[2051, 2048, 2048, 2048, 2049, 2048, 2048]","[2048, 2049, 2048, 2048, 2049, 2048, 2049, 2048, 2048]",351.0,23_9912
1268,9912,23,45,2025-09-07T14:05:32.972000+00:00,27.055,27.747,27.232,310.0,317.0,False,82.034,"[None, 2048, 2048, 2048, 2048, 2048]","[2048, 2049, 2048, 2048, 2049, 2048, 2048]","[2048, 2049, 2048, 2048, 2048, 2048, 2049, 2048, 2048]",324.0,23_9912
1268,9912,23,46,2025-09-07T14:06:54.973000+00:00,26.924,27.648,27.173,314.0,319.0,False,81.745,"[None, 2048, 2048, 2049, 2048, 2048]","[2048, 2048, 2049, 2049, 2049, 2048, 2048]","[2048, 2048, 2049, 2048, 2048, 2048, 2049, 2049, 2048]",327.0,23_9912
1268,9912,23,47,2025-09-07T14:08:16.864000+00:00,26.927,27.65,27.053,315.0,318.0,False,81.63,"[None, 2048, 2048, 2049, 2048, 2048]","[2048, 2049, 2048, 2048, 2048, 2048, 2048]","[2048, 2048, 2049, 2048, 2049, 2049, 2049, 2048, 2049]",326.0,23_9912
1268,9912,23,48,2025-09-07T14:09:38.464000+00:00,27.02,27.751,27.189,316.0,319.0,False,81.96,"[None, 2048, 2048, 2048, 2049, 2048]","[2048, 2048, 2048, 2048, 2048, 2048, 2048]","[2048, 2048, 2049, 2048, 2048, 2048, 2049, 2049, 2049]",333.0,23_9912
1268,9912,23,49,2025-09-07T14:11:00.361000+00:00,27.003,27.819,27.871,318.0,329.0,False,82.693,"[None, 2048, 2048, 2048, 2048, 2048]","[2048, 2048, 2048, 2048, 2048, 2051, 2048]","[2048, 2048, 2048, 2048, 2048, 2049, 2049, 2048, 2048]",331.0,23_9912
1268,9912,23,50,2025-09-07T14:12:22.968000+00:00,26.827,27.731,27.169,314.0,317.0,False,81.727,"[None, 2048, 2048, 2048, 2048, 2048]","[2048, 2048, 2048, 2049, 2048, 2048, 2048]","[2048, 2048, 2048, 2048, 2048, 2048, 2048, 2048, 2048]",349.0,23_9912
1268,9912,23,51,2025-09-07T14:13:44.764000+00:00,26.978,27.852,27.223,315.0,327.0,False,82.053,"[None, 2048, 2048, 2048, 2048, 2048]","[2048, 2048, 2048, 2048, 2048, 2048, 2048]","[2048, 2048, 2049, 2049, 2048, 2048, 2048, 2048, 2048]",328.0,23_9912
1268,9912,23,52,2025-09-07T14:15:06.696000+00:00,26.8,27.909,27.139,311.0,313.0,False,81.848,"[None, 2048, 2049, 2048, 2048, 2048]","[2048, 2048, 2048, 2048, 2048, 2048, 2048]","[2048, 2049, 2048, 2048, 2049, 2049, 2048, 2048, 2048]",349.0,23_9912
1268,9912,23,53,2025-09-07T14:16:28.744000+00:00,26.863,27.678,26.827,315.0,315.0,False,81.368,"[None, 2048, 2048, 2048, 2048, 2048]","[2048, 2048, 2048, 2049, 2048, 2048, 2048]","[2048, 2049, 2048, 2049, 2049, 2049, 2049, 2048, 2048]",338.0,23_9912
1268,9912,27,1,2025-09-07T13:03:34.805000+00:00,,,,,,False,,"[2048, 2048, 2048, 2048, 2048, 2048]","[2048, 2048, 2048, 2048, 2048, 2048, 2048]","[2048, 2048, 2048, 2048, 2048, 2048, 2048, 2064, 2064]",,27_9912
1268,9912,30,1,2025-09-07T13:03:34.805000+00:00,32.959,31.422,29.496,342.0,333.0,False,93.877,"[2048, 2051, 2049, 2049, 2051, 2051]","[2049, 2049, 2051, 2049, 2049, 2049, 2049]","[2049, 2049, 2049, 2049, 2049, 2049, 2049, 2049, 2049]",291.0,30_9912
1268,9912,30,2,2025-09-07T13:05:08.681000+00:00,28.289,29.65,28.312,324.0,339.0,False,86.251,"[2049, 2049, 2049, 2048, 2048, 2048]","[2049, 2049, 2048, 2049, 2049, 2049, 2049]","[2049, 2049, 2048, 2049, 2049, 2049, 2048, 2049, 2048]",331.0,30_9912
1268,9912,30,3,2025-09-07T13:06:35.037000+00:00,27.394,29.194,28.354,317.0,344.0,False,84.942,"[None, 2049, 2048, 2049, 2048, 2048]","[2049, 2049, 2049, 2049, 2048, 2048, 2049]","[2049, 2048, 2048, 2048, 2048, 2048, 2049, 2049, 2049]",343.0,30_9912
1268,9912,30,4,2025-09-07T13:07:59.913000+00:00,27.594,29.348,28.462,312.0,340.0,False,85.404,"[None, 2049, 2048, 2048, 2048, 2048]","[2048, 2048, 2048, 2048, 2048, 2049, 2048]","[2048, 2048, 2051, 2048, 2048, 2049, 2049, 2049, 2049]",,30_9912
1268,9912,30,5,2025-09-07T13:09:25.328000+00:00,27.397,29.118,28.313,317.0,340.0,False,84.828,"[None, 2049, 2048, 2048, 2048, 2048]","[2049, 2049, 2048, 2048, 2048, 2049, 2048]","[2048, 2049, 2048, 2048, 2048, 2049, 2049, 2048, 2049]",334.0,30_9912
1268,9912,30,6,2025-09-07T13:10:50.245000+00:00,27.329,29.095,28.232,319.0,340.0,False,84.656,"[2048, 2049, 2048, 2048, 2048, 2048]","[2048, 2048, 2049, 2048, 2049, 2048, 2048]","[2048, 2049, 2048, 2048, 2048, 2049, 2048, 2048, 2048]",333.0,30_9912
1268,9912,30,7,2025-09-07T13:12:14.923000+00:00,27.429,29.162,28.259,,339.0,False,84.85,"[None, 2048, 2048, 2048, 2048, 2048]","[2049, 2048, 2048, 2048, 2048, 2048, 2048]","[2048, 2048, 2048, 2048, 2048, 2048, 2048, 2048, 2048]",326.0,30_9912
1268,9912,30,8,2025-09-07T13:13:39.629000+00:00,27.534,29.056,28.135,318.0,339.0,False,84.725,"[None, 2048, 2048, 2048, 2048, 2048]","[2049, 2048, 2049, 2049, 2049, 2048, 2048]","[2049, 2049, 2048, 2048, 2048, 2048, 2048, 2048, 2048]",323.0,30_9912
1268,9912,30,9,2025-09-07T13:15:04.398000+00:00,27.362,28.963,32.499,319.0,347.0,False,88.824,"[None, 2048, 2048, 2048, 2048, 2048]","[2049, 2049, 2048, 2048, 2048, 2048, 2048]","[2049, 2049, 2048, 2049, 2048, 2048, 2048, 2064, 2064]",332.0,30_9912
1268,9912,30,10,2025-09-07T13:16:33.248000+00:00,47.886,29.203,28.059,310.0,316.0,True,105.148,"[2064, 2064, 2048, 2048, 2048, 2048]","[2048, 2049, 2049, 2049, 2049, 2048, 2048]","[2048, 2049, 2048, 2048, 2049, 2049, 2048, 2048, 2048]",283.0,30_9912
1268,9912,30,11,2025-09-07T13:18:18.399000+00:00,27.5,28.517,27.862,311.0,315.0,False,83.879,"[2048, 2048, 2049, 2051, 2048, 2048]","[2049, 2049, 2049, 2049, 2049, 2048, 2048]","[2048, 2049, 2048, 2048, 2049, 2048, 2048, 2048, 2048]",312.0,30_9912
1268,9912,30,12,2025-09-07T13:19:42.265000+00:00,27.524,28.814,27.876,,314.0,False,84.214,"[None, 2048, 2049, 2048, 2048, 2048]","[2048, 2048, 2048, 2048, 2049, 2048, 2048]","[2048, 2049, 2048, 2048, 2048, 2049, 2048, 2048, 2048]",314.0,30_9912
1268,9912,30,13,2025-09-07T13:21:06.414000+00:00,27.478,28.597,27.875,312.0,316.0,False,83.95,"[None, 2048, 2048, 2048, 2048, 2048]","[2048, 2048, 2048, 2049, 2049, 2048, 2048]","[2048, 2048, 2048, 2048, 2048, 2048, 2048, 2048, 2048]",315.0,30_9912
1268,9912,30,14,2025-09-07T13:22:30.414000+00:00,27.438,28.591,27.82,,318.0,False,83.849,"[None, 2048, 2048, 2048, 2048, 2048]","[2049, 2048, 2048, 2048, 2048, 2048, 2048]","[2049, 2048, 2048, 2048, 2048, 2048, 2048, 2048, 2048]",317.0,30_9912
1268,9912,30,15,2025-09-07T13:23:54.289000+00:00,27.489,28.718,27.742,,317.0,False,83.949,"[None, 2048, 2048, 2048, 2048, 2048]","[2048, 2048, 2048, 2048, 2048, 2048, 2048]","[2048, 2048, 2048, 2048, 2049, 2048, 2049, 2048, 2048]",316.0,30_9912
1268,9912,30,16,2025-09-07T13:25:18.159000+00:00,27.497,28.534,27.722,313.0,319.0,False,83.753,"[None, 2048, 2048, 2048, 2048, 2048]","[2048, 2048, 2049, 2049, 2048, 2048, 2048]","[2048, 2048, 2048, 2048, 2048, 2048, 2048, 2048, 2048]",315.0,30_9912
1268,9912,30,17,2025-09-07T13:26:41.949000+00:00,27.53,28.522,27.769,312.0,319.0,False,83.821,"[None, 2048, 2048, 2048, 2048, 2048]","[2048, 2048, 2049, 2048, 2048, 2048, 2048]","[2048, 2049, 2048, 2048, 2048, 2048, 2049, 2048, 2048]",316.0,30_9912
1268,9912,30,18,2025-09-07T13:28:05.731000+00:00,27.55,28.647,27.847,310.0,318.0,False,84.044,"[None, 2048, 2048, 2048, 2048, 2048]","[2048, 2048, 2048, 2048, 2048, 2048, 2048]","[2048, 2048, 2048, 2048, 2048, 2048, 2048, 2048, 2048]",317.0,30_9912
1268,9912,30,19,2025-09-07T13:29:29.876000+00:00,27.484,28.644,27.749,312.0,319.0,False,83.877,"[None, 2048, 2048, 2048, 2048, 2048]","[2048, 2048, 2048, 2048, 2048, 2048, 2048]","[2048, 2048, 2048, 2048, 2048, 2048, 2048, 2048]",319.0,30_9912
1268,9912,30,20,2025-09-07T13:30:53.586000+00:00,27.466,28.547,27.751,,321.0,False,83.764,"[None, 2048, 2048, 2048, 2048, 2048]","[2048, 2048, 2048, 2048, 2048, 2048, 2048]","[2048, 2049, 2048, 2048, 2048, 2048, 2049, 2048, 2048]",318.0,30_9912
1268,9912,30,21,2025-09-07T13:32:17.433000+00:00,27.781,29.142,27.812,314.0,332.0,False,84.735,"[None, 2048, 2048, 2048, 2048, 2048]","[2048, 2048, 2048, 2048, 2048, 2048, 2048]","[2048, 2048, 2048, 2048, 2048, 2048, 2049, 2049, 2048]",336.0,30_9912
1268,9912,30,22,2025-09-07T13:33:42.291000+00:00,27.906,29.32,27.974,,330.0,False,85.2,"[None, 2048, 2048, 2048, 2048, 2048]","[2048, 2048, 2048, 2048, 2048, 2049, 2048]","[2048, 2048, 2051, 2048, 2048, 2048, 2048, 2048, 2048]",344.0,30_9912
1268,9912,30,23,2025-09-07T13:35:07.435000+00:00,27.448,28.864,27.853,316.0,321.0,False,84.165,"[None, 2048, 2048, 2048, 2048, 2048]","[2048, 2048, 2048, 2048, 2048, 2048, 2048]","[2048, 2048, 2048, 2048, 2048, 2048, 2048, 2049, 2049]",334.0,30_9912
1268,9912,30,24,2025-09-07T13:36:31.653000+00:00,27.469,28.843,27.873,314.0,320.0,False,84.185,"[None, 2048, 2048, 2048, 2048, 2048]","[2048, 2048, 2048, 2048, 2048, 2048, 2048]","[2048, 2048, 2048, 2048, 2048, 2048, 2048, 2048, 2048]",,30_9912
1268,9912,30,25,2025-09-07T13:37:55.669000+00:00,27.925,29.308,28.099,321.0,332.0,False,85.332,"[None, 2048, 2048, 2048, 2048, 2048]","[2048, 2048, 2048, 2048, 2048, 2048, 2048]","[2048, 2048, 2048, 2048, 2048, 2048, 2048, 2048, 2048]",332.0,30_9912
1268,9912,30,26,2025-09-07T13:39:21.078000+00:00,27.527,28.896,27.779,315.0,322.0,False,84.202,"[None, 2048, 2048, 2048, 2048, 2048]","[2048, 2048, 2048, 2048, 2048, 2048, 2048]","[2048, 2048, 2048, 2048, 2048, 2048, 2048, 2048, 2048]",,30_9912
1268,9912,30,27,2025-09-07T13:40:45.363000+00:00,28.004,30.635,28.809,340.0,321.0,False,87.448,"[None, 2048, 2048, 2048, 2048, 2048]","[2049, 2048, 2048, 2048, 2048, 2048, 2048]","[2048, 2048, 2051, 2048, 2048, 2048, 2048, 2048, 2048]",320.0,30_9912
1268,9912,30,28,2025-09-07T13:42:12.742000+00:00,27.697,28.861,27.942,314.0,330.0,False,84.5,"[None, 2048, 2048, 2048, 2048, 2048]","[2048, 2048, 2048, 2048, 2048, 2051, 2048]","[2048, 2048, 2051, 2048, 2048, 2049, 2048, 2048, 2048]",321.0,30_9912
1268,9912,30,29,2025-09-07T13:43:37.262000+00:00,27.516,28.663,27.76,315.0,331.0,False,83.939,"[None, 2048, 2048, 2048, 2048, 2048]","[2048, 2048, 2048, 2048, 2048, 2048, 2048]","[2048, 2048, 2048, 2048, 2048, 2049, 2049, 2048, 2048]",324.0,30_9912
1268,9912,30,30,2025-09-07T13:45:01.302000+00:00,27.402,28.59,27.698,,331.0,False,83.69,"[None, 2048, 2048, 2048, 2048, 2048]","[2048, 2048, 2048, 2048, 2048, 2048, 2048]","[2049, 2048, 2048, 2048, 2048, 2048, 2049, 2048, 2048]",321.0,30_9912
1268,9912,30,31,2025-09-07T13:46:24.881000+00:00,27.405,28.539,27.708,317.0,332.0,False,83.652,"[None, 2048, 2048, 2048, 2048, 2048]","[2048, 2048, 2048, 2048, 2048, 2048, 2048]","[2049, 2048, 2048, 2048, 2048, 2049, 2049, 2049, 2048]",,30_9912
1268,9912,30,32,2025-09-07T13:47:48.588000+00:00,27.282,28.683,27.692,320.0,334.0,False,83.657,"[None, 2048, 2048, 2048, 2048, 2048]","[2048, 2048, 2048, 2048, 2048, 2048, 2048]","[2049, 2048, 2048, 2048, 2048, 2048, 2048, 2048, 2048]",327.0,30_9912
1268,9912,30,33,2025-09-07T13:49:12.205000+00:00,27.363,28.588,27.705,318.0,333.0,False,83.656,"[None, 2048, 2048, 2048, 2048, 2048]","[2048, 2048, 2048, 2048, 2048, 2049, 2048]","[2048, 2048, 2048, 2048, 2048, 2048, 2048, 2048, 2048]",330.0,30_9912
1268,9912,30,34,2025-09-07T13:50:35.861000+00:00,27.418,28.532,27.624,317.0,332.0,False,83.574,"[None, 2048, 2048, 2048, 2048, 2048]","[2048, 2048, 2049, 2048, 2048, 2049, 2048]","[2048, 2048, 2049, 2048, 2048, 2048, 2048, 2048, 2048]",329.0,30_9912
1268,9912,30,35,2025-09-07T13:51:59.413000+00:00,27.333,28.454,27.628,318.0,335.0,False,83.415,"[None, 2048, 2048, 2048, 2048, 2048]","[2048, 2048, 2048, 2048, 2048, 2048, 2048]","[2048, 2048, 2048, 2048, 2048, 2049, 2049, 2048, 2048]",328.0,30_9912
1268,9912,30,36,2025-09-07T13:53:22.881000+00:00,27.315,28.598,27.702,,334.0,False,83.615,"[None, 2048, 2048, 2048, 2048, 2048]","[2048, 2048, 2048, 2048, 2048, 2048, 2048]","[2048, 2048, 2048, 2048, 2048, 2048, 2048, 2049, 2049]",332.0,30_9912
1268,9912,30,37,2025-09-07T13:54:46.465000+00:00,27.223,28.538,27.586,316.0,334.0,False,83.347,"[None, 2048, 2048, 2048, 2048, 2048]","[2048, 2048, 2048, 2048, 2048, 2049, 2048]","[2048, 2048, 2049, 2048, 2048, 2048, 2048, 2048, 2048]",326.0,30_9912
1268,9912,30,38,2025-09-07T13:56:09.784000+00:00,27.233,28.784,27.785,318.0,332.0,False,83.802,"[None, 2048, 2048, 2048, 2048, 2048]","[2048, 2048, 2048, 2048, 2048, 2048, 2048]","[2048, 2048, 2048, 2048, 2048, 2048, 2048, 2048, 2049]",337.0,30_9912
1268,9912,30,39,2025-09-07T13:57:33.651000+00:00,27.208,28.61,27.568,,333.0,False,83.386,"[None, 2048, 2048, 2048, 2048, 2048]","[2048, 2048, 2048, 2048, 2048, 2048, 2048]","[2048, 2048, 2048, 2048, 2048, 2048, 2049, 2049, 2049]",328.0,30_9912
1268,9912,30,40,2025-09-07T13:58:56.971000+00:00,27.171,29.618,27.715,317.0,336.0,False,84.504,"[None, 2048, 2048, 2048, 2048, 2048]","[2048, 2048, 2048, 2048, 2048, 2049, 2048]","[2048, 2048, 2049, 2049, 2048, 2048, 2048, 2048, 2048]",333.0,30_9912
1268,9912,30,41,2025-09-07T14:00:21.513000+00:00,27.162,28.667,27.658,318.0,333.0,False,83.487,"[None, 2048, 2048, 2048, 2048, 2048]","[2048, 2048, 2048, 2048, 2048, 2048, 2048]","[2048, 2048, 2048, 2048, 2048, 2048, 2048, 2048, 2048]",331.0,30_9912
1268,9912,30,42,2025-09-07T14:01:44.969000+00:00,27.225,28.472,27.637,,334.0,False,83.334,"[None, 2048, 2048, 2048, 2048, 2048]","[2048, 2048, 2048, 2048, 2048, 2048, 2048]","[2048, 2048, 2048, 2048, 2048, 2049, 2048, 2048, 2048]",330.0,30_9912
1268,9912,30,43,2025-09-07T14:03:08.397000+00:00,27.189,28.32,27.476,319.0,333.0,False,82.985,"[None, 2048, 2048, 2048, 2048, 2048]","[2048, 2048, 2049, 2048, 2048, 2049, 2048]","[2048, 2049, 2048, 2048, 2048, 2048, 2049, 2048, 2048]",328.0,30_9912
1268,9912,30,44,2025-09-07T14:04:31.311000+00:00,27.289,28.297,27.504,315.0,334.0,False,83.09,"[None, 2048, 2048, 2048, 2048, 2048]","[2048, 2048, 2049, 2049, 2049, 2048, 2048]","[2048, 2048, 2048, 2048, 2048, 2048, 2048, 2048, 2048]",329.0,30_9912
1268,9912,30,45,2025-09-07T14:05:54.379000+00:00,27.277,28.306,27.497,317.0,333.0,False,83.08,"[None, 2048, 2048, 2048, 2048, 2048]","[2048, 2048, 2049, 2048, 2048, 2048, 2048]","[2049, 2048, 2048, 2048, 2048, 2049, 2049, 2048, 2048]",,30_9912
1268,9912,30,46,2025-09-07T14:07:17.442000+00:00,27.299,28.443,27.447,,333.0,False,83.189,"[None, 2048, 2048, 2048, 2048, 2048]","[2048, 2048, 2048, 2048, 2048, 2048, 2048]","[2048, 2049, 2048, 2048, 2048, 2048, 2048, 2048, 2048]",326.0,30_9912
1268,9912,30,47,2025-09-07T14:08:40.693000+00:00,27.259,28.332,27.412,318.0,333.0,False,83.003,"[None, 2048, 2048, 2048, 2048, 2048]","[2048, 2048, 2048, 2048, 2049, 2049, 2048]","[2048, 2048, 2049, 2048, 2048, 2049, 2049, 2049, 2049]",330.0,30_9912
1268,9912,30,48,2025-09-07T14:10:03.716000+00:00,27.14,28.235,27.423,,334.0,False,82.798,"[None, 2048, 2048, 2048, 2048, 2048]","[2048, 2048, 2048, 2048, 2048, 2048, 2048]","[2048, 2048, 2048, 2048, 2048, 2048, 2048, 2049, 2048]",334.0,30_9912
1268,9912,30,49,2025-09-07T14:11:26.486000+00:00,27.143,28.305,27.329,316.0,334.0,False,82.777,"[None, 2048, 2048, 2048, 2048, 2048]","[2048, 2048, 2049, 2048, 2048, 2048, 2048]","[2049, 2048, 2049, 2051, 2048, 2048, 2048, 2049, 2049]",335.0,30_9912
1268,9912,30,50,2025-09-07T14:12:49.237000+00:00,27.295,28.267,27.489,315.0,332.0,False,83.051,"[None, 2048, 2048, 2048, 2048, 2048]","[2048, 2048, 2048, 2048, 2048, 2048, 2048]","[2048, 2048, 2048, 2048, 2048, 2048, 2048, 2048, 2048]",333.0,30_9912
1268,9912,30,51,2025-09-07T14:14:12.264000+00:00,27.184,28.351,27.524,316.0,333.0,False,83.059,"[None, 2048, 2048, 2048, 2048, 2048]","[2048, 2048, 2048, 2048, 2048, 2048, 2048]","[2048, 2048, 2048, 2048, 2048, 2048, 2048, 2048, 2048]",330.0,30_9912
1268,9912,30,52,2025-09-07T14:15:35.395000+00:00,27.14,28.372,27.402,,324.0,False,82.914,"[None, 2048, 2048, 2048, 2048, 2048]","[2048, 2048, 2048, 2048, 2049, 2048, 2048]","[2048, 2049, 2048, 2048, 2048, 2049, 2048, 2048, 2048]",334.0,30_9912
1268,9912,30,53,2025-09-07T14:16:58.295000+00:00,27.364,28.439,27.82,,321.0,False,83.623,"[None, 2048, 2048, 2048, 2048, 2048]","[2048, 2048, 2048, 2048, 2049, 2048, 2048]","[2048, 2048, 2048, 2048, 2048, 2048, 2048, 2048, 2048]",322.0,30_9912
1268,9912,31,1,2025-09-07T13:03:34.805000+00:00,32.783,31.35,29.494,327.0,334.0,False,93.627,"[2048, 2049, 2049, 2049, 2049, 2049]","[2049, 2049, 2049, 2049, 2049, 2049, 2051]","[2049, 2049, 2049, 2049, 2049, 2049, 2049, 2049, 2049]",260.0,31_9912
1268,9912,31,2,2025-09-07T13:05:08.431000+00:00,28.398,28.92,28.579,329.0,340.0,False,85.897,"[2049, 2049, 2049, 2049, 2048, 2048]","[2049, 2049, 2049, 2049, 2049, 2049, 2049]","[2049, 2049, 2048, 2049, 2049, 2048, 2048, 2048, 2048]",315.0,31_9912
1268,9912,31,3,2025-09-07T13:06:34.271000+00:00,27.355,29.41,28.39,318.0,340.0,False,85.155,"[None, 2049, 2049, 2049, 2048, 2048]","[2048, 2049, 2049, 2048, 2048, 2051, 2049]","[2048, 2049, 2049, 2049, 2049, 2049, 2049, 2049, 2049]",338.0,31_9912
1268,9912,31,4,2025-09-07T13:07:59.600000+00:00,27.582,29.397,28.456,317.0,337.0,False,85.435,"[None, 2048, 2048, 2049, 2048, 2048]","[2048, 2049, 2048, 2048, 2048, 2048, 2048]","[2048, 2049, 2048, 2048, 2049, 2048, 2049, 2049, 2049]",329.0,31_9912
1268,9912,31,5,2025-09-07T13:09:25.055000+00:00,27.331,29.044,28.31,316.0,336.0,False,84.685,"[None, 2048, 2048, 2049, 2048, 2048]","[2048, 2049, 2048, 2048, 2048, 2048, 2048]","[2048, 2049, 2048, 2048, 2048, 2048, 2049, 2048, 2049]",340.0,31_9912
1268,9912,31,6,2025-09-07T13:10:49.664000+00:00,27.256,29.079,28.315,319.0,336.0,False,84.65,"[None, 2048, 2048, 2049, 2048, 2048]","[2048, 2048, 2049, 2048, 2048, 2048, 2048]","[2048, 2048, 2048, 2048, 2048, 2048, 2049, 2048, 2049]",346.0,31_9912
1268,9912,31,7,2025-09-07T13:12:14.298000+00:00,27.447,29.087,28.316,316.0,335.0,False,84.85,"[2048, 2048, 2048, 2048, 2048, 2048]","[2048, 2048, 2049, 2048, 2048, 2048, 2048]","[2049, 2048, 2048, 2048, 2048, 2048, 2048, 2048, 2048]",341.0,31_9912
1268,9912,31,8,2025-09-07T13:13:38.982000+00:00,27.471,28.952,28.185,315.0,333.0,False,84.608,"[None, 2048, 2048, 2048, 2048, 2048]","[2048, 2048, 2049, 2049, 2049, 2048, 2048]","[2049, 2049, 2048, 2049, 2048, 2048, 2048, 2048, 2048]",329.0,31_9912
1268,9912,31,9,2025-09-07T13:15:03.622000+00:00,27.351,29.06,28.246,,334.0,False,84.657,"[None, 2048, 2049, 2048, 2048, 2048]","[2048, 2049, 2049, 2048, 2048, 2048, 2048]","[2048, 2049, 2049, 2048, 2048, 2048, 2048, 2048, 2048]",342.0,31_9912
1268,9912,31,10,2025-09-07T13:16:28.326000+00:00,27.444,28.819,28.203,313.0,333.0,False,84.466,"[None, 2048, 2048, 2048, 2048, 2048]","[2048, 2048, 2049, 2049, 2048, 2048, 2048]","[2048, 2048, 2048, 2048, 2049, 2048, 2048, 2048, 2048]",341.0,31_9912
1268,9912,31,11,2025-09-07T13:17:52.727000+00:00,27.438,28.825,28.226,314.0,335.0,False,84.489,"[None, 2048, 2048, 2049, 2048, 2048]","[2048, 2048, 2048, 2048, 2048, 2048, 2048]","[2048, 2048, 2048, 2048, 2049, 2048, 2048, 2048, 2048]",339.0,31_9912
1268,9912,31,12,2025-09-07T13:19:17.321000+00:00,27.423,28.808,28.278,315.0,334.0,False,84.509,"[None, 2048, 2048, 2048, 2048, 2048]","[2048, 2049, 2048, 2048, 2048, 2048, 2048]","[2048, 2048, 2048, 2048, 2048, 2049, 2049, 2048, 2049]",335.0,31_9912
1268,9912,31,13,2025-09-07T13:20:41.872000+00:00,27.299,28.986,28.189,,333.0,False,84.474,"[None, 2048, 2048, 2048, 2048, 2048]","[2048, 2048, 2048, 2048, 2048, 2048, 2048]","[2049, 2048, 2048, 2048, 2048, 2048, 2048, 2048, 2048]",338.0,31_9912
1268,9912,31,14,2025-09-07T13:22:06.257000+00:00,27.25,28.887,28.066,316.0,335.0,False,84.203,"[None, 2048, 2049, 2048, 2048, 2048]","[2048, 2048, 2048, 2048, 2048, 2049, 2048]","[2048, 2049, 2049, 2049, 2048, 2048, 2049, 2048, 2049]",342.0,31_9912
1268,9912,31,15,2025-09-07T13:23:30.523000+00:00,27.433,28.879,28.182,315.0,334.0,False,84.494,"[2049, 2048, 2048, 2048, 2048, 2048]","[2048, 2048, 2048, 2048, 2049, 2048, 2048]","[2048, 2048, 2048, 2048, 2048, 2048, 2048, 2048, 2048]",338.0,31_9912
1268,9912,31,16,2025-09-07T13:24:55.013000+00:00,27.415,28.849,28.217,316.0,335.0,False,84.481,"[2048, 2048, 2048, 2048, 2048, 2048]","[2048, 2048, 2048, 2048, 2048, 2048, 2048]","[2048, 2048, 2048, 2048, 2048, 2048, 2048, 2048, 2048]",342.0,31_9912
1268,9912,31,17,2025-09-07T13:26:19.371000+00:00,27.327,28.895,28.172,,336.0,False,84.394,"[None, 2048, 2048, 2048, 2048, 2048]","[2048, 2048, 2048, 2048, 2048, 2048, 2048]","[2048, 2048, 2049, 2049, 2048, 2048, 2048, 2048, 2048]",,31_9912
1268,9912,31,18,2025-09-07T13:27:43.794000+00:00,27.416,28.959,28.264,313.0,335.0,False,84.639,"[None, 2048, 2048, 2048, 2048, 2048]","[2048, 2048, 2048, 2048, 2048, 2051, 2048]","[2048, 2048, 2048, 2048, 2048, 2048, 2048, 2048]",334.0,31_9912
1268,9912,31,19,2025-09-07T13:29:08.332000+00:00,27.414,28.868,28.143,315.0,331.0,False,84.425,"[2049, 2048, 2048, 2048, 2048, 2048]","[2048, 2048, 2048, 2048, 2049, 2048, 2048]","[2048, 2048, 2049, 2048, 2048, 2048, 2048, 2048, 2048]",339.0,31_9912
1268,9912,31,20,2025-09-07T13:30:32.877000+00:00,27.337,28.747,28.126,314.0,330.0,False,84.21,"[2048, 2048, 2048, 2048, 2048, 2048]","[2048, 2048, 2048, 2048, 2049, 2048, 2048]","[2048, 2049, 2048, 2048, 2048, 2049, 2048, 2048, 2048]",337.0,31_9912
1268,9912,31,21,2025-09-07T13:31:57.044000+00:00,27.365,28.645,27.996,,328.0,False,84.006,"[None, 2048, 2048, 2048, 2048, 2048]","[2048, 2049, 2048, 2048, 2049, 2048, 2048]","[2048, 2048, 2048, 2048, 2049, 2048, 2048, 2049, 2048]",335.0,31_9912
1268,9912,31,22,2025-09-07T13:33:21.110000+00:00,27.37,28.518,27.825,313.0,329.0,False,83.713,"[None, 2048, 2048, 2048, 2048, 2048]","[2048, 2049, 2051, 2048, 2049, 2048, 2048]","[2048, 2049, 2048, 2048, 2049, 2049, 2048, 2048, 2048]",334.0,31_9912
1268,9912,31,23,2025-09-07T13:34:44.887000+00:00,27.373,28.47,27.947,312.0,327.0,False,83.79,"[None, 2048, 2048, 2049, 2048, 2048]","[2048, 2048, 2051, 2049, 2049, 2048, 2048]","[2048, 2048, 2048, 2048, 2048, 2048, 2048, 2048, 2048]",333.0,31_9912
1268,9912,31,24,2025-09-07T13:36:08.559000+00:00,27.474,28.502,28.022,311.0,327.0,False,83.998,"[None, 2048, 2048, 2048, 2048, 2048]","[2048, 2048, 2048, 2049, 2049, 2048, 2048]","[2049, 2048, 2048, 2048, 2048, 2048, 2049, 2048, 2048]",,31_9912
1268,9912,31,25,2025-09-07T13:37:32.606000+00:00,27.338,28.873,28.038,312.0,330.0,False,84.249,"[None, 2048, 2048, 2048, 2048, 2048]","[2048, 2048, 2048, 2048, 2048, 2048, 2048]","[2048, 2048, 2048, 2048, 2048, 2048, 2048, 2048, 2048]",332.0,31_9912
1268,9912,31,26,2025-09-07T13:38:56.935000+00:00,27.315,28.679,27.98,313.0,325.0,False,83.974,"[None, 2048, 2048, 2049, 2048, 2048]","[2048, 2048, 2048, 2048, 2049, 2048, 2048]","[2048, 2048, 2048, 2048, 2048, 2048, 2048, 2048, 2048]",334.0,31_9912
1268,9912,31,27,2025-09-07T13:40:20.899000+00:00,27.45,28.53,27.965,,325.0,False,83.945,"[None, 2048, 2048, 2048, 2048, 2048]","[2048, 2048, 2049, 2048, 2048, 2048, 2048]","[2048, 2048, 2048, 2048, 2048, 2048, 2048, 2048, 2048]",330.0,31_9912
1268,9912,31,28,2025-09-07T13:41:44.758000+00:00,27.436,28.455,27.849,312.0,324.0,False,83.74,"[None, 2048, 2049, 2048, 2048, 2048]","[2048, 2048, 2051, 2048, 2048, 2048, 2048]","[2048, 2048, 2048, 2048, 2049, 2049, 2048, 2048, 2048]",329.0,31_9912
1268,9912,31,29,2025-09-07T13:43:08.542000+00:00,27.48,28.405,27.764,311.0,322.0,False,83.649,"[None, 2048, 2048, 2049, 2048, 2048]","[2048, 2048, 2051, 2048, 2048, 2048, 2048]","[2048, 2048, 2048, 2048, 2049, 2049, 2048, 2048, 2048]",327.0,31_9912
1268,9912,31,30,2025-09-07T13:44:32.191000+00:00,27.489,28.39,27.753,310.0,324.0,False,83.632,"[None, 2048, 2048, 2048, 2048, 2048]","[2048, 2048, 2051, 2048, 2049, 2048, 2048]","[2048, 2049, 2048, 2048, 2048, 2048, 2048, 2048, 2048]",328.0,31_9912
1268,9912,31,31,2025-09-07T13:45:55.762000+00:00,27.519,28.558,27.772,308.0,311.0,False,83.849,"[None, 2048, 2049, 2048, 2048, 2048]","[2048, 2048, 2048, 2049, 2049, 2048, 2048]","[2048, 2048, 2048, 2048, 2049, 2049, 2049, 2048, 2048]",324.0,31_9912
1268,9912,31,32,2025-09-07T13:47:19.740000+00:00,27.72,28.511,27.685,309.0,311.0,False,83.916,"[None, 2048, 2048, 2048, 2048, 2048]","[2048, 2048, 2048, 2049, 2048, 2048, 2048]","[2048, 2048, 2048, 2048, 2049, 2048, 2048, 2048, 2048]",313.0,31_9912
1268,9912,31,33,2025-09-07T13:48:43.619000+00:00,27.596,28.472,27.643,308.0,311.0,False,83.711,"[None, 2048, 2049, 2048, 2048, 2048]","[2048, 2048, 2048, 2049, 2049, 2048, 2048]","[2048, 2049, 2048, 2048, 2049, 2049, 2048, 2048, 2048]",314.0,31_9912
1268,9912,31,34,2025-09-07T13:50:07.263000+00:00,27.634,28.417,27.541,310.0,312.0,False,83.592,"[None, 2048, 2048, 2048, 2048, 2048]","[2049, 2048, 2048, 2049, 2048, 2048, 2048]","[2048, 2049, 2048, 2048, 2048, 2048, 2048, 2048, 2048]",315.0,31_9912
1268,9912,31,35,2025-09-07T13:51:30.912000+00:00,27.452,28.417,27.539,,313.0,False,83.408,"[None, 2048, 2049, 2048, 2048, 2048]","[2048, 2049, 2048, 2048, 2048, 2048, 2048]","[2048, 2048, 2048, 2048, 2048, 2049, 2049, 2048, 2048]",316.0,31_9912
1268,9912,31,36,2025-09-07T13:52:54.290000+00:00,27.754,28.381,27.568,314.0,325.0,False,83.703,"[None, 2048, 2048, 2048, 2048, 2048]","[2048, 2048, 2048, 2049, 2048, 2048, 2048]","[2048, 2048, 2049, 2049, 2048, 2048, 2048, 2048, 2048]",309.0,31_9912
1268,9912,31,37,2025-09-07T13:54:18.039000+00:00,27.483,28.475,27.499,311.0,315.0,False,83.457,"[None, 2048, 2048, 2048, 2048, 2048]","[2048, 2048, 2048, 2048, 2048, 2048, 2048]","[2048, 2049, 2048, 2048, 2048, 2048, 2049, 2048, 2048]",319.0,31_9912
1268,9912,31,38,2025-09-07T13:55:41.519000+00:00,27.493,28.444,27.447,308.0,314.0,False,83.384,"[None, 2048, 2048, 2048, 2048, 2048]","[2048, 2048, 2048, 2048, 2048, 2048, 2048]","[2048, 2048, 2048, 2048, 2049, 2049, 2049, 2048, 2048]",317.0,31_9912
1268,9912,31,39,2025-09-07T13:57:04.882000+00:00,27.444,28.328,27.605,309.0,314.0,False,83.377,"[None, 2048, 2049, 2048, 2048, 2048]","[2048, 2048, 2048, 2048, 2049, 2048, 2048]","[2048, 2048, 2048, 2048, 2048, 2049, 2049, 2048, 2048]",316.0,31_9912
1268,9912,31,40,2025-09-07T13:58:28.080000+00:00,27.443,28.249,27.654,308.0,313.0,False,83.346,"[None, 2048, 2048, 2049, 2048, 2048]","[2048, 2049, 2048, 2049, 2048, 2048, 2048]","[2048, 2048, 2048, 2048, 2048, 2048, 2048, 2048, 2048]",315.0,31_9912
1268,9912,31,41,2025-09-07T13:59:51.504000+00:00,27.457,28.48,27.554,,313.0,False,83.491,"[None, 2048, 2048, 2048, 2048, 2048]","[2048, 2048, 2048, 2048, 2048, 2048, 2048]","[2048, 2048, 2048, 2048, 2048, 2048, 2048, 2048, 2048]",,31_9912
1268,9912,31,42,2025-09-07T14:01:15.002000+00:00,27.828,28.153,27.56,313.0,324.0,False,83.541,"[None, 2048, 2048, 2048, 2049, 2048]","[2048, 2048, 2051, 2048, 2048, 2049, 2048]","[2048, 2048, 2048, 2048, 2048, 2048, 2048, 2048, 2048]",306.0,31_9912
1268,9912,31,43,2025-09-07T14:02:38.506000+00:00,27.468,28.187,27.532,309.0,315.0,False,83.187,"[None, 2048, 2048, 2048, 2048, 2048]","[2048, 2048, 2048, 2048, 2049, 2048, 2048]","[2048, 2048, 2048, 2048, 2048, 2048, 2048, 2048, 2048]",320.0,31_9912
1268,9912,31,44,2025-09-07T14:04:01.803000+00:00,27.431,28.212,27.481,310.0,315.0,False,83.124,"[None, 2048, 2048, 2048, 2048, 2048]","[2049, 2048, 2048, 2048, 2049, 2048, 2048]","[2049, 2048, 2048, 2048, 2048, 2048, 2048, 2048, 2048]",317.0,31_9912
1268,9912,31,45,2025-09-07T14:05:24.894000+00:00,27.38,28.326,27.43,308.0,314.0,False,83.136,"[None, 2048, 2048, 2048, 2048, 2048]","[2048, 2048, 2048, 2049, 2048, 2048, 2048]","[2048, 2048, 2048, 2048, 2048, 2049, 2049, 2048, 2048]",316.0,31_9912
1268,9912,31,46,2025-09-07T14:06:48.004000+00:00,27.443,28.18,27.374,,313.0,False,82.997,"[None, 2048, 2048, 2048, 2048, 2048]","[2048, 2049, 2048, 2048, 2049, 2048, 2048]","[2048, 2049, 2048, 2048, 2048, 2049, 2049, 2049, 2048]",,31_9912
1268,9912,31,47,2025-09-07T14:08:11.082000+00:00,27.421,28.21,27.49,309.0,313.0,False,83.121,"[None, 2048, 2048, 2048, 2048, 2048]","[2049, 2049, 2048, 2048, 2048, 2048, 2048]","[2048, 2048, 2048, 2048, 2048, 2049, 2049, 2048, 2048]",315.0,31_9912
1268,9912,31,48,2025-09-07T14:09:34.261000+00:00,27.378,28.174,27.34,310.0,314.0,False,82.892,"[None, 2048, 2048, 2048, 2048, 2048]","[2049, 2048, 2048, 2048, 2048, 2048, 2048]","[2048, 2049, 2048, 2048, 2048, 2048, 2048, 2048, 2048]",,31_9912
1268,9912,31,49,2025-09-07T14:10:57.048000+00:00,27.419,28.18,27.465,309.0,312.0,False,83.064,"[None, 2048, 2049, 2048, 2048, 2048]","[2048, 2048, 2048, 2049, 2048, 2048, 2048]","[2048, 2048, 2048, 2048, 2048, 2048, 2048, 2048, 2048]",314.0,31_9912
1268,9912,31,50,2025-09-07T14:12:20.123000+00:00,27.49,28.062,27.599,,313.0,False,83.151,"[None, 2048, 2049, 2048, 2048, 2048]","[2048, 2048, 2048, 2049, 2049, 2048, 2048]","[2048, 2048, 2048, 2048, 2048, 2048, 2048, 2048, 2048]",315.0,31_9912
1268,9912,31,51,2025-09-07T14:13:43.311000+00:00,27.471,28.254,31.962,,320.0,False,87.687,"[None, 2048, 2048, 2048, 2048, 2048]","[2048, 2048, 2048, 2048, 2048, 2048, 2048]","[2048, 2048, 2048, 2048, 2048, 2048, 2048, 2064, 2064]",,31_9912
1268,9912,31,52,2025-09-07T14:15:10.936000+00:00,54.612,28.306,27.807,283.0,329.0,True,110.725,"[2064, 2064, 2048, 2048, 2048, 2048]","[2048, 2048, 2048, 2048, 2049, 2049, 2048]","[2048, 2048, 2049, 2048, 2048, 2048, 2048, 2048, 2048]",288.0,31_9912
1268,9912,43,1,2025-09-07T13:03:34.805000+00:00,33.64,31.813,29.284,321.0,320.0,False,94.737,"[2048, 2049, 2049, 2049, 2049, 2049]","[2049, 2049, 2049, 2049, 2049, 2049, 2049]","[2049, 2049, 2049, 2049, 2049, 2049, 2049, 2049, 2049]",279.0,43_9912
1268,9912,43,2,2025-09-07T13:05:09.541000+00:00,28.152,30.192,28.431,317.0,335.0,False,86.775,"[2049, 2049, 2049, 2049, 2048, 2048]","[2049, 2049, 2048, 2048, 2049, 2049, 2049]","[2049, 2049, 2048, 2049, 2049, 2049, 2049, 2048, 2049]",308.0,43_9912
1268,9912,43,3,2025-09-07T13:06:36.318000+00:00,27.648,29.365,28.333,309.0,329.0,False,85.346,"[None, 2049, 2049, 2049, 2048, 2048]","[2049, 2048, 2048, 2049, 2049, 2048, 2048]","[2048, 2049, 2049, 2048, 2049, 2048, 2048, 2048, 2048]",339.0,43_9912
1268,9912,43,4,2025-09-07T13:08:01.757000+00:00,27.363,29.501,28.176,311.0,329.0,False,85.04,"[2048, 2048, 2049, 2049, 2048, 2048]","[2048, 2048, 2048, 2048, 2048, 2048, 2048]","[2049, 2049, 2049, 2048, 2049, 2048, 2049, 2049, 2049]",,43_9912
1268,9912,43,5,2025-09-07T13:09:26.770000+00:00,27.726,28.972,28.247,310.0,330.0,False,84.945,"[2049, 2048, 2048, 2048, 2048, 2048]","[2049, 2049, 2048, 2048, 2049, 2048, 2048]","[2048, 2049, 2048, 2048, 2048, 2048, 2048, 2048, 2049]",333.0,43_9912
1268,9912,43,6,2025-09-07T13:10:51.632000+00:00,27.594,29.083,28.267,,320.0,False,84.944,"[None, 2049, 2048, 2049, 2048, 2048]","[2049, 2048, 2048, 2048, 2049, 2048, 2048]","[2049, 2049, 2048, 2048, 2048, 2048, 2048, 2048, 2048]",336.0,43_9912
1268,9912,43,7,2025-09-07T13:12:16.626000+00:00,27.589,29.154,28.143,309.0,319.0,False,84.886,"[2048, 2048, 2048, 2049, 2048, 2048]","[2048, 2048, 2048, 2048, 2048, 2048, 2048]","[2049, 2048, 2048, 2048, 2049, 2048, 2048, 2048, 2048]",,43_9912
1268,9912,43,8,2025-09-07T13:13:41.499000+00:00,27.847,29.118,28.139,307.0,319.0,False,85.104,"[None, 2048, 2048, 2048, 2048, 2048]","[2048, 2048, 2048, 2049, 2049, 2048, 2048]","[2048, 2048, 2048, 2048, 2048, 2048, 2048, 2048, 2048]",340.0,43_9912
1268,9912,43,9,2025-09-07T13:15:06.510000+00:00,27.617,28.93,28.269,309.0,318.0,False,84.816,"[None, 2048, 2048, 2048, 2048, 2048]","[2049, 2049, 2048, 2048, 2048, 2048, 2048]","[2048, 2048, 2048, 2048, 2048, 2048, 2048, 2048, 2048]",324.0,43_9912
1268,9912,43,10,2025-09-07T13:16:31.420000+00:00,27.613,29.239,27.876,308.0,314.0,False,84.728,"[None, 2048, 2048, 2048, 2048, 2048]","[2048, 2048, 2048, 2048, 2048, 2048, 2048]","[2048, 2049, 2048, 2048, 2049, 2049, 2048, 2048, 2048]",326.0,43_9912
1268,9912,43,11,2025-09-07T13:17:56.133000+00:00,27.661,28.925,28.182,,315.0,False,84.768,"[None, 2048, 2048, 2048, 2048, 2048]","[2049, 2048, 2048, 2049, 2049, 2048, 2048]","[2048, 2048, 2048, 2048, 2048, 2048, 2048, 2048, 2048]",324.0,43_9912
1268,9912,43,12,2025-09-07T13:19:20.931000+00:00,27.649,28.96,28.097,307.0,312.0,False,84.706,"[None, 2048, 2049, 2048, 2048, 2048]","[2048, 2048, 2049, 2049, 2048, 2048, 2048]","[2048, 2048, 2048, 2048, 2048, 2048, 2048, 2048, 2048]",337.0,43_9912
1268,9912,43,13,2025-09-07T13:20:45.664000+00:00,28.244,29.366,28.203,310.0,313.0,False,85.813,"[None, 2048, 2048, 2048, 2048, 2048]","[2048, 2048, 2048, 2048, 2048, 2048, 2048]","[2048, 2048, 2048, 2048, 2048, 2048, 2048, 2048, 2048]",312.0,43_9912
1268,9912,43,14,2025-09-07T13:22:11.476000+00:00,27.657,29.176,28.119,307.0,314.0,False,84.952,"[None, 2048, 2048, 2048, 2048, 2048]","[2048, 2048, 2048, 2048, 2048, 2048, 2048]","[2048, 2048, 2048, 2048, 2048, 2048, 2048, 2048, 2048]",325.0,43_9912
1268,9912,43,15,2025-09-07T13:23:36.424000+00:00,27.591,29.074,28.108,309.0,313.0,False,84.773,"[None, 2048, 2048, 2048, 2048, 2048]","[2048, 2048, 2048, 2048, 2048, 2048, 2048]","[2048, 2048, 2048, 2048, 2048, 2048, 2048, 2048, 2048]",,43_9912
1268,9912,43,16,2025-09-07T13:25:01.197000+00:00,27.61,29.113,28.296,308.0,313.0,False,85.019,"[None, 2048, 2048, 2048, 2048, 2048]","[2048, 2048, 2048, 2048, 2048, 2048, 2048]","[2048, 2048, 2048, 2048, 2048, 2048, 2048, 2048, 2048]",324.0,43_9912
1268,9912,43,17,2025-09-07T13:26:26.214000+00:00,27.554,28.812,28.068,309.0,313.0,False,84.434,"[None, 2048, 2048, 2049, 2048, 2048]","[2048, 2048, 2049, 2049, 2048, 2048, 2048]","[2048, 2048, 2048, 2048, 2048, 2048, 2048, 2048, 2048]",320.0,43_9912
1268,9912,43,18,2025-09-07T13:27:50.591000+00:00,27.642,28.805,27.967,308.0,313.0,False,84.414,"[None, 2048, 2048, 2048, 2048, 2048]","[2048, 2048, 2049, 2048, 2048, 2048, 2048]","[2048, 2049, 2048, 2048, 2048, 2048, 2049, 2048, 2048]",,43_9912
1268,9912,43,19,2025-09-07T13:29:14.982000+00:00,27.64,28.728,28.059,309.0,313.0,False,84.427,"[None, 2048, 2048, 2048, 2048, 2048]","[2048, 2048, 2049, 2049, 2048, 2048, 2048]","[2048, 2048, 2048, 2048, 2048, 2048, 2048, 2048, 2048]",319.0,43_9912
1268,9912,43,20,2025-09-07T13:30:39.356000+00:00,27.676,28.737,27.879,307.0,312.0,False,84.292,"[None, 2048, 2048, 2048, 2048, 2048]","[2048, 2048, 2049, 2048, 2048, 2048, 2048]","[2048, 2049, 2048, 2048, 2049, 2048, 2048, 2048, 2048]",320.0,43_9912
1268,9912,43,21,2025-09-07T13:32:03.719000+00:00,27.725,28.745,27.929,308.0,313.0,False,84.399,"[None, 2048, 2048, 2048, 2048, 2048]","[2048, 2048, 2048, 2049, 2049, 2048, 2048]","[2048, 2048, 2048, 2048, 2048, 2048, 2049, 2048, 2048]",319.0,43_9912
1268,9912,43,22,2025-09-07T13:33:28.087000+00:00,27.613,28.674,27.824,309.0,312.0,False,84.111,"[None, 2048, 2048, 2048, 2048, 2048]","[2049, 2048, 2048, 2048, 2048, 2048, 2048]","[2048, 2048, 2048, 2048, 2049, 2049, 2049, 2048, 2048]",,43_9912
1268,9912,43,23,2025-09-07T13:34:52.309000+00:00,27.581,28.893,27.984,308.0,311.0,False,84.458,"[None, 2048, 2048, 2048, 2048, 2048]","[2048, 2048, 2048, 2048, 2048, 2048, 2048]","[2048, 2048, 2048, 2048, 2048, 2048, 2048, 2048, 2048]",318.0,43_9912
1268,9912,43,24,2025-09-07T13:36:16.652000+00:00,27.635,28.735,27.964,306.0,310.0,False,84.334,"[None, 2048, 2048, 2048, 2048, 2048]","[2048, 2048, 2048, 2049, 2048, 2048, 2048]","[2048, 2048, 2048, 2048, 2048, 2048, 2048, 2048, 2048]",,43_9912
1268,9912,43,25,2025-09-07T13:37:41.106000+00:00,27.642,28.657,27.869,307.0,312.0,False,84.168,"[None, 2048, 2049, 2048, 2048, 2048]","[2048, 2048, 2048, 2048, 2048, 2048, 2048]","[2048, 2049, 2048, 2048, 2048, 2048, 2048, 2048, 2048]",,43_9912
1268,9912,43,26,2025-09-07T13:39:05.194000+00:00,27.643,28.72,27.852,308.0,311.0,False,84.215,"[None, 2048, 2048, 2048, 2048, 2048]","[2048, 2048, 2048, 2048, 2048, 2048, 2048]","[2048, 2048, 2048, 2048, 2049, 2049, 2049, 2048, 2048]",,43_9912
1268,9912,43,27,2025-09-07T13:40:29.461000+00:00,27.612,28.542,27.795,309.0,312.0,False,83.949,"[None, 2048, 2048, 2048, 2048, 2048]","[2049, 2048, 2048, 2048, 2048, 2048, 2048]","[2048, 2048, 2048, 2048, 2048, 2048, 2049, 2048, 2048]",,43_9912
1268,9912,43,28,2025-09-07T13:41:53.430000+00:00,27.943,29.095,27.806,313.0,313.0,False,84.844,"[None, 2048, 2048, 2048, 2048, 2048]","[2048, 2048, 2048, 2048, 2049, 2048, 2048]","[2048, 2048, 2048, 2048, 2048, 2048, 2049, 2048, 2048]",315.0,43_9912
1268,9912,43,29,2025-09-07T13:43:18.292000+00:00,27.594,28.548,27.651,309.0,312.0,False,83.793,"[None, 2048, 2048, 2048, 2048, 2048]","[2048, 2048, 2048, 2048, 2049, 2048, 2048]","[2048, 2049, 2049, 2048, 2049, 2048, 2048, 2048, 2048]",318.0,43_9912
1268,9912,43,30,2025-09-07T13:44:41.996000+00:00,28.27,29.469,28.014,306.0,324.0,False,85.753,"[None, 2048, 2049, 2048, 2048, 2048]","[2048, 2048, 2048, 2048, 2048, 2048, 2048]","[2048, 2048, 2048, 2048, 2048, 2048, 2048, 2048, 2048]",,43_9912
1268,9912,43,31,2025-09-07T13:46:07.771000+00:00,27.499,28.787,27.93,310.0,313.0,False,84.216,"[None, 2048, 2048, 2048, 2048, 2048]","[2048, 2048, 2048, 2048, 2048, 2048, 2048]","[2048, 2048, 2048, 2048, 2048, 2048, 2048, 2048]",327.0,43_9912
1268,9912,43,32,2025-09-07T13:47:31.865000+00:00,27.734,28.662,27.923,,312.0,False,84.319,"[None, 2048, 2048, 2048, 2048, 2048]","[2048, 2048, 2048, 2048, 2048, 2048, 2048]","[2048, 2048, 2048, 2048, 2048, 2048, 2048, 2048, 2048]",319.0,43_9912
1268,9912,43,33,2025-09-07T13:48:56.312000+00:00,27.584,28.756,32.139,309.0,312.0,False,88.479,"[None, 2048, 2048, 2049, 2048, 2048]","[2048, 2048, 2049, 2048, 2048, 2048, 2048]","[2048, 2048, 2048, 2048, 2048, 2049, 2048, 2064, 2064]",318.0,43_9912
1268,9912,43,34,2025-09-07T13:50:24.642000+00:00,48.696,28.517,27.606,311.0,312.0,True,104.819,"[2064, 2064, 2048, 2048, 2048, 2048]","[2048, 2048, 2048, 2049, 2049, 2048, 2048]","[2049, 2049, 2048, 2048, 2049, 2049, 2048, 2048, 2048]",282.0,43_9912
1268,9912,43,35,2025-09-07T13:52:09.525000+00:00,27.502,28.075,27.512,309.0,312.0,False,83.089,"[2048, 2048, 2048, 2049, 2048, 2048]","[2049, 2049, 2049, 2049, 2049, 2048, 2048]","[2048, 2048, 2048, 2048, 2049, 2049, 2049, 2049, 2048]",317.0,43_9912
1268,9912,43,36,2025-09-07T13:53:32.699000+00:00,27.399,28.118,27.402,310.0,313.0,False,82.919,"[None, 2048, 2048, 2049, 2048, 2048]","[2048, 2048, 2048, 2049, 2049, 2048, 2048]","[2049, 2049, 2048, 2048, 2049, 2049, 2048, 2049, 2048]",,43_9912
1268,9912,43,37,2025-09-07T13:54:55.591000+00:00,27.483,28.077,27.498,307.0,312.0,False,83.058,"[None, 2048, 2048, 2049, 2048, 2048]","[2048, 2048, 2049, 2049, 2048, 2048, 2048]","[2048, 2049, 2048, 2048, 2048, 2048, 2048, 2048, 2048]",315.0,43_9912
1268,9912,43,38,2025-09-07T13:56:18.630000+00:00,27.502,28.019,27.373,,311.0,False,82.894,"[None, 2048, 2048, 2048, 2048, 2048]","[2048, 2049, 2049, 2048, 2049, 2048, 2048]","[2049, 2049, 2048, 2048, 2049, 2049, 2049, 2048, 2048]",316.0,43_9912
1268,9912,43,39,2025-09-07T13:57:41.651000+00:00,28.881,28.5,27.666,,329.0,False,85.047,"[None, 2048, 2048, 2048, 2048, 2048]","[2048, 2048, 2048, 2048, 2048, 2048, 2048]","[2048, 2048, 2049, 2049, 2048, 2048, 2048, 2049, 2049]",,43_9912
1268,9912,43,40,2025-09-07T13:59:06.674000+00:00,27.288,28.577,27.306,308.0,325.0,False,83.171,"[None, 2048, 2048, 2048, 2049, 2048]","[2048, 2048, 2048, 2048, 2048, 2049, 2048]","[2048, 2048, 2049, 2049, 2048, 2049, 2049, 2049, 2049]",332.0,43_9912
1268,9912,43,41,2025-09-07T14:00:29.869000+00:00,27.204,28.517,27.479,311.0,315.0,False,83.2,"[None, 2048, 2048, 2048, 2049, 2048]","[2048, 2048, 2048, 2048, 2048, 2048, 2048]","[2048, 2048, 2048, 2048, 2048, 2048, 2048, 2048, 2048]",333.0,43_9912
1268,9912,43,42,2025-09-07T14:01:53.114000+00:00,27.471,28.144,27.455,,315.0,False,83.07,"[None, 2048, 2048, 2048, 2048, 2048]","[2048, 2048, 2048, 2048, 2048, 2048, 2048]","[2048, 2048, 2048, 2048, 2048, 2048, 2048, 2049, 2049]",320.0,43_9912
1268,9912,43,43,2025-09-07T14:03:15.966000+00:00,27.381,28.068,27.173,310.0,315.0,False,82.622,"[None, 2048, 2048, 2048, 2048, 2048]","[2048, 2048, 2048, 2048, 2048, 2048, 2048]","[2049, 2049, 2048, 2048, 2049, 2049, 2049, 2049, 2049]",,43_9912
1268,9912,43,44,2025-09-07T14:04:38.679000+00:00,27.359,28.116,27.165,,315.0,False,82.64,"[None, 2048, 2048, 2048, 2048, 2048]","[2048, 2048, 2048, 2048, 2048, 2048, 2048]","[2048, 2048, 2048, 2049, 2048, 2048, 2048, 2048, 2049]",,43_9912
1268,9912,43,45,2025-09-07T14:06:01.347000+00:00,27.426,28.004,27.143,311.0,314.0,False,82.573,"[None, 2048, 2048, 2048, 2049, 2048]","[2048, 2048, 2048, 2049, 2048, 2048, 2048]","[2049, 2048, 2048, 2048, 2049, 2048, 2049, 2048, 2048]",,43_9912
1268,9912,43,46,2025-09-07T14:07:23.910000+00:00,27.518,28.029,27.271,307.0,312.0,False,82.818,"[None, 2048, 2048, 2048, 2048, 2048]","[2048, 2048, 2048, 2048, 2048, 2048, 2048]","[2048, 2048, 2048, 2048, 2048, 2048, 2048, 2048, 2048]",317.0,43_9912
1268,9912,43,47,2025-09-07T14:08:46.661000+00:00,27.59,27.951,27.292,309.0,313.0,False,82.833,"[None, 2048, 2048, 2048, 2048, 2048]","[2048, 2048, 2048, 2049, 2049, 2048, 2048]","[2048, 2048, 2048, 2048, 2048, 2048, 2048, 2048, 2049]",316.0,43_9912
1268,9912,43,48,2025-09-07T14:10:09.568000+00:00,27.355,27.925,26.959,,313.0,False,82.239,"[None, 2048, 2048, 2048, 2048, 2048]","[2048, 2048, 2048, 2049, 2049, 2048, 2048]","[2048, 2049, 2048, 2048, 2048, 2049, 2048, 2048, 2049]",317.0,43_9912
1268,9912,43,49,2025-09-07T14:11:31.833000+00:00,27.49,28.103,27.627,307.0,311.0,False,83.22,"[None, 2048, 2048, 2048, 2048, 2048]","[2048, 2048, 2048, 2048, 2048, 2048, 2048]","[2048, 2048, 2048, 2048, 2048, 2048, 2048, 2048, 2048]",316.0,43_9912
1268,9912,43,50,2025-09-07T14:12:54.969000+00:00,28.695,28.418,27.922,312.0,312.0,False,85.035,"[None, 2048, 2048, 2048, 2049, 2048]","[2048, 2048, 2048, 2048, 2048, 2048, 2048]","[2048, 2048, 2048, 2048, 2048, 2048, 2048, 2048, 2048]",295.0,43_9912
1268,9912,43,51,2025-09-07T14:14:19.936000+00:00,27.525,28.569,28.166,,267.0,False,84.26,"[None, 2048, 2048, 2048, 2048, 2048]","[2048, 2048, 2049, 2049, 2048, 2048, 2048]","[2048, 2048, 2048, 2048, 2048, 2048, 2048, 2048, 2049]",319.0,43_9912
1268,9912,43,52,2025-09-07T14:15:44.292000+00:00,27.363,28.096,27.265,314.0,318.0,False,82.724,"[None, 2048, 2048, 2048, 2048, 2048]","[2048, 2048, 2048, 2048, 2048, 2048, 2048]","[2048, 2048, 2049, 2048, 2048, 2048, 2048, 2048, 2048]",323.0,43_9912
1268,9912,44,1,2025-09-07T13:03:34.805000+00:00,31.285,31.219,28.299,339.0,313.0,False,90.803,"[2048, 2049, 2049, 2049, 2049, 2049]","[2049, 2049, 2049, 2049, 2049, 2049, 2049]","[2049, 2049, 2051, 2049, 2049, 2049, 2049, 2051, 2051]",298.0,44_9912
1268,9912,44,2,2025-09-07T13:05:05.607000+00:00,27.501,29.625,28.376,330.0,339.0,False,85.502,"[2049, 2049, 2049, 2051, 2048, 2048]","[2049, 2049, 2049, 2049, 2049, 2049, 2049]","[2049, 2048, 2048, 2049, 2048, 2048, 2048, 2048, 2048]",337.0,44_9912
1268,9912,44,3,2025-09-07T13:06:31.318000+00:00,27.463,29.717,28.306,325.0,339.0,False,85.486,"[2051, 2051, 2049, 2048, 2048, 2048]","[2048, 2049, 2049, 2048, 2048, 2049, 2048]","[2049, 2048, 2048, 2048, 2048, 2048, 2048, 2048, 2048]",343.0,44_9912
1268,9912,44,4,2025-09-07T13:07:56.757000+00:00,27.415,29.339,27.99,,337.0,False,84.744,"[2048, 2048, 2048, 2049, 2048, 2048]","[2048, 2049, 2049, 2049, 2049, 2048, 2048]","[2049, 2049, 2049, 2048, 2049, 2048, 2048, 2051, 2051]",336.0,44_9912
1268,9912,44,5,2025-09-07T13:09:21.584000+00:00,26.922,29.052,27.968,320.0,331.0,False,83.942,"[2051, 2051, 2049, 2048, 2048, 2048]","[2049, 2049, 2048, 2049, 2049, 2048, 2048]","[2048, 2049, 2048, 2048, 2049, 2048, 2049, 2048, 2048]",363.0,44_9912
1268,9912,44,6,2025-09-07T13:10:45.277000+00:00,27.175,28.891,28.109,318.0,335.0,False,84.175,"[2048, 2048, 2048, 2049, 2048, 2048]","[2048, 2049, 2049, 2048, 2049, 2049, 2048]","[2048, 2048, 2048, 2048, 2048, 2048, 2048, 2051, 2051]",336.0,44_9912
1268,9912,44,7,2025-09-07T13:12:09.617000+00:00,26.956,28.949,28.152,317.0,320.0,False,84.057,"[None, 2048, 2049, 2048, 2048, 2048]","[2048, 2049, 2048, 2049, 2049, 2048, 2048]","[2048, 2048, 2048, 2048, 2048, 2048, 2048, 2048, 2048]",361.0,44_9912
1268,9912,44,8,2025-09-07T13:13:33.578000+00:00,27.378,29.043,28.225,316.0,319.0,False,84.646,"[None, 2048, 2048, 2049, 2048, 2048]","[2049, 2048, 2048, 2048, 2048, 2048, 2048]","[2048, 2048, 2048, 2048, 2049, 2048, 2048, 2048, 2048]",321.0,44_9912
1268,9912,44,9,2025-09-07T13:14:58.271000+00:00,27.281,28.742,27.871,317.0,320.0,False,83.894,"[None, 2048, 2048, 2049, 2048, 2048]","[2048, 2049, 2048, 2049, 2049, 2048, 2048]","[2048, 2049, 2048, 2048, 2049, 2048, 2048, 2048, 2048]",,44_9912
1268,9912,44,10,2025-09-07T13:16:22.248000+00:00,27.292,28.601,27.931,318.0,322.0,False,83.824,"[None, 2048, 2048, 2048, 2048, 2048]","[2049, 2049, 2049, 2049, 2048, 2048, 2048]","[2048, 2048, 2048, 2048, 2048, 2048, 2048, 2048, 2048]",323.0,44_9912
1268,9912,44,11,2025-09-07T13:17:46.008000+00:00,27.302,28.721,27.853,,322.0,False,83.876,"[None, 2048, 2048, 2048, 2048, 2048]","[2048, 2048, 2048, 2048, 2049, 2048, 2048]","[2048, 2048, 2048, 2048, 2048, 2048, 2048, 2048, 2048]",326.0,44_9912
1268,9912,44,12,2025-09-07T13:19:09.852000+00:00,27.19,29.13,28.016,320.0,319.0,False,84.336,"[None, 2048, 2048, 2049, 2048, 2048]","[2049, 2048, 2048, 2048, 2048, 2048, 2048]","[2048, 2048, 2048, 2048, 2048, 2048, 2048, 2048, 2048]",327.0,44_9912
1268,9912,44,13,2025-09-07T13:20:34.218000+00:00,27.642,28.932,28.017,319.0,319.0,False,84.591,"[None, 2048, 2048, 2048, 2048, 2048]","[2048, 2048, 2048, 2048, 2048, 2048, 2048]","[2048, 2048, 2048, 2048, 2048, 2048, 2048, 2048, 2048]",328.0,44_9912
1268,9912,44,14,2025-09-07T13:21:58.835000+00:00,27.329,28.646,27.904,318.0,320.0,False,83.879,"[None, 2048, 2048, 2048, 2048, 2048]","[2048, 2048, 2048, 2049, 2048, 2048, 2048]","[2048, 2048, 2048, 2048, 2048, 2048, 2048, 2048, 2048]",324.0,44_9912
1268,9912,44,15,2025-09-07T13:23:22.617000+00:00,27.185,28.574,27.781,320.0,322.0,False,83.54,"[None, 2048, 2048, 2048, 2048, 2048]","[2048, 2049, 2049, 2049, 2048, 2048, 2048]","[2048, 2049, 2048, 2048, 2048, 2048, 2048, 2048, 2048]",328.0,44_9912
1268,9912,44,16,2025-09-07T13:24:46.239000+00:00,27.213,28.646,27.884,,320.0,False,83.743,"[None, 2048, 2048, 2048, 2048, 2048]","[2048, 2048, 2048, 2048, 2049, 2048, 2048]","[2049, 2048, 2048, 2048, 2048, 2048, 2048, 2048, 2048]",326.0,44_9912
1268,9912,44,17,2025-09-07T13:26:09.964000+00:00,27.327,28.653,27.709,319.0,320.0,False,83.689,"[None, 2048, 2048, 2048, 2048, 2048]","[2048, 2048, 2048, 2048, 2048, 2048, 2048]","[2048, 2049, 2048, 2048, 2048, 2048, 2048, 2048, 2048]",,44_9912
1268,9912,44,18,2025-09-07T13:27:33.575000+00:00,27.272,28.633,27.797,317.0,319.0,False,83.702,"[None, 2048, 2048, 2048, 2048, 2048]","[2048, 2048, 2048, 2048, 2048, 2048, 2048]","[2048, 2048, 2048, 2048, 2048, 2048, 2048, 2048, 2048]",327.0,44_9912
1268,9912,44,19,2025-09-07T13:28:57.414000+00:00,27.259,28.542,27.712,321.0,321.0,False,83.513,"[None, 2048, 2048, 2048, 2048, 2048]","[2048, 2048, 2048, 2049, 2049, 2048, 2048]","[2049, 2048, 2048, 2048, 2049, 2048, 2048, 2048, 2048]",328.0,44_9912
1268,9912,44,20,2025-09-07T13:30:20.803000+00:00,27.232,28.548,27.628,320.0,322.0,False,83.408,"[None, 2048, 2048, 2048, 2048, 2048]","[2048, 2048, 2049, 2048, 2048, 2048, 2048]","[2048, 2049, 2048, 2049, 2048, 2048, 2048, 2048, 2048]",329.0,44_9912
1268,9912,44,21,2025-09-07T13:31:44.294000+00:00,27.259,28.512,27.701,319.0,320.0,False,83.472,"[None, 2048, 2048, 2048, 2048, 2048]","[2048, 2048, 2048, 2048, 2048, 2048, 2048]","[2048, 2048, 2048, 2048, 2048, 2048, 2048, 2048, 2048]",327.0,44_9912
1268,9912,44,22,2025-09-07T13:33:07.716000+00:00,27.195,28.489,27.762,322.0,322.0,False,83.446,"[None, 2048, 2048, 2048, 2048, 2048]","[2049, 2048, 2048, 2048, 2049, 2048, 2048]","[2048, 2048, 2048, 2049, 2048, 2048, 2048, 2048, 2048]",330.0,44_9912
1268,9912,44,23,2025-09-07T13:34:31.274000+00:00,27.238,28.463,27.705,321.0,322.0,False,83.406,"[None, 2048, 2048, 2048, 2048, 2048]","[2048, 2049, 2049, 2048, 2048, 2048, 2048]","[2048, 2048, 2048, 2049, 2048, 2048, 2048, 2048, 2048]",331.0,44_9912
1268,9912,44,24,2025-09-07T13:35:54.596000+00:00,27.28,28.596,27.799,319.0,320.0,False,83.675,"[None, 2048, 2048, 2048, 2048, 2048]","[2048, 2048, 2048, 2048, 2048, 2048, 2048]","[2048, 2048, 2048, 2048, 2048, 2048, 2048, 2048, 2048]",329.0,44_9912
1268,9912,44,25,2025-09-07T13:37:18.294000+00:00,27.263,28.526,27.729,320.0,322.0,False,83.518,"[None, 2048, 2048, 2048, 2048, 2048]","[2048, 2048, 2049, 2048, 2048, 2048, 2048]","[2048, 2048, 2048, 2048, 2048, 2048, 2048, 2048, 2048]",,44_9912
1268,9912,44,26,2025-09-07T13:38:41.880000+00:00,27.347,28.813,27.801,319.0,321.0,False,83.961,"[None, 2048, 2048, 2048, 2048, 2048]","[2048, 2048, 2048, 2048, 2048, 2048, 2048]","[2048, 2048, 2048, 2048, 2048, 2048, 2048, 2048, 2048]",328.0,44_9912
1268,9912,44,27,2025-09-07T13:40:05.768000+00:00,27.386,28.431,27.595,323.0,323.0,False,83.412,"[None, 2048, 2048, 2048, 2048, 2048]","[2048, 2048, 2049, 2048, 2048, 2048, 2048]","[2048, 2048, 2049, 2049, 2048, 2048, 2048, 2048, 2048]",329.0,44_9912
1268,9912,44,28,2025-09-07T13:41:29.070000+00:00,27.393,28.349,27.656,316.0,317.0,False,83.398,"[None, 2048, 2048, 2048, 2048, 2048]","[2049, 2049, 2048, 2049, 2049, 2048, 2048]","[2048, 2048, 2048, 2048, 2049, 2048, 2048, 2048, 2048]",323.0,44_9912
1268,9912,44,29,2025-09-07T13:42:52.517000+00:00,27.242,28.294,27.508,320.0,321.0,False,83.044,"[None, 2048, 2048, 2048, 2048, 2048]","[2048, 2049, 2049, 2049, 2048, 2048, 2048]","[2048, 2049, 2048, 2048, 2049, 2049, 2048, 2048, 2048]",326.0,44_9912
1268,9912,44,30,2025-09-07T13:44:15.628000+00:00,27.352,28.513,27.598,316.0,317.0,False,83.463,"[None, 2048, 2048, 2048, 2048, 2048]","[2048, 2048, 2048, 2048, 2048, 2048, 2048]","[2048, 2048, 2048, 2048, 2048, 2048, 2048, 2048, 2048]",322.0,44_9912
1268,9912,44,31,2025-09-07T13:45:39.112000+00:00,27.504,28.46,27.672,,318.0,False,83.636,"[None, 2048, 2048, 2048, 2048, 2048]","[2048, 2048, 2048, 2048, 2048, 2048, 2048]","[2048, 2048, 2048, 2048, 2048, 2048, 2048, 2048, 2048]",,44_9912
1268,9912,44,32,2025-09-07T13:47:02.740000+00:00,27.345,28.302,27.561,320.0,321.0,False,83.208,"[None, 2048, 2048, 2048, 2048, 2048]","[2048, 2048, 2048, 2048, 2049, 2048, 2048]","[2048, 2049, 2048, 2048, 2048, 2048, 2048, 2048, 2048]",325.0,44_9912
1268,9912,44,33,2025-09-07T13:48:25.842000+00:00,27.322,28.251,27.437,319.0,320.0,False,83.01,"[None, 2048, 2048, 2048, 2048, 2048]","[2048, 2049, 2048, 2048, 2048, 2048, 2048]","[2048, 2049, 2049, 2048, 2049, 2048, 2048, 2048, 2048]",324.0,44_9912
1268,9912,44,34,2025-09-07T13:49:48.919000+00:00,27.341,28.41,27.54,318.0,318.0,False,83.291,"[None, 2048, 2048, 2048, 2048, 2048]","[2048, 2048, 2048, 2048, 2049, 2048, 2048]","[2048, 2048, 2048, 2048, 2048, 2049, 2048, 2048, 2048]",,44_9912
1268,9912,44,35,2025-09-07T13:51:12.190000+00:00,27.297,28.189,27.506,317.0,318.0,False,82.992,"[None, 2048, 2048, 2048, 2048, 2048]","[2048, 2048, 2048, 2049, 2049, 2048, 2048]","[2048, 2048, 2048, 2048, 2048, 2049, 2048, 2048, 2048]",323.0,44_9912
1268,9912,44,36,2025-09-07T13:52:35.230000+00:00,27.25,28.266,27.474,318.0,319.0,False,82.99,"[None, 2048, 2048, 2048, 2048, 2048]","[2048, 2048, 2049, 2048, 2048, 2048, 2048]","[2048, 2048, 2048, 2048, 2048, 2048, 2048, 2048, 2048]",324.0,44_9912
1268,9912,44,37,2025-09-07T13:53:58.153000+00:00,27.195,28.127,27.556,,318.0,False,82.878,"[None, 2048, 2048, 2048, 2048, 2048]","[2049, 2048, 2049, 2049, 2048, 2048, 2048]","[2048, 2048, 2048, 2048, 2048, 2048, 2049, 2048, 2048]",322.0,44_9912
1268,9912,44,38,2025-09-07T13:55:21.051000+00:00,27.227,28.211,31.743,320.0,322.0,False,87.181,"[None, 2048, 2048, 2048, 2048, 2048]","[2049, 2048, 2048, 2048, 2048, 2048, 2048]","[2048, 2049, 2049, 2048, 2049, 2049, 2048, 2064, 2064]",324.0,44_9912
1268,9912,44,39,2025-09-07T13:56:48.382000+00:00,47.127,28.217,27.431,317.0,320.0,True,102.775,"[2064, 2064, 2048, 2048, 2048, 2048]","[2048, 2048, 2049, 2048, 2049, 2049, 2048]","[2048, 2048, 2048, 2048, 2049, 2049, 2049, 2048, 2049]",289.0,44_9912
1268,9912,44,40,2025-09-07T13:58:30.987000+00:00,26.847,27.87,27.477,324.0,336.0,False,82.194,"[2048, 2048, 2048, 2049, 2049, 2048]","[2048, 2049, 2051, 2048, 2048, 2049, 2048]","[2048, 2048, 2049, 2049, 2048, 2048, 2049, 2049, 2049]",330.0,44_9912
1268,9912,44,41,2025-09-07T13:59:53.243000+00:00,26.817,28.118,27.373,319.0,329.0,False,82.308,"[None, 2048, 2048, 2048, 2048, 2048]","[2048, 2048, 2048, 2048, 2048, 2048, 2048]","[2048, 2048, 2048, 2048, 2048, 2048, 2048, 2048, 2048]",356.0,44_9912
1268,9912,44,42,2025-09-07T14:01:15.486000+00:00,26.794,27.931,27.173,315.0,317.0,False,81.898,"[None, 2048, 2048, 2048, 2048, 2048]","[2048, 2049, 2048, 2049, 2049, 2048, 2048]","[2049, 2049, 2048, 2048, 2049, 2049, 2048, 2048, 2048]",354.0,44_9912
1268,9912,44,43,2025-09-07T14:02:37.428000+00:00,27.008,27.77,27.139,316.0,318.0,False,81.917,"[None, 2048, 2048, 2048, 2048, 2048]","[2048, 2049, 2048, 2049, 2049, 2048, 2048]","[2048, 2049, 2048, 2048, 2049, 2049, 2048, 2048, 2048]",323.0,44_9912
1268,9912,44,44,2025-09-07T14:03:59.331000+00:00,27.034,27.858,27.145,,318.0,False,82.037,"[None, 2048, 2048, 2048, 2048, 2048]","[2049, 2048, 2048, 2048, 2048, 2048, 2048]","[2049, 2049, 2048, 2048, 2048, 2048, 2048, 2048, 2048]",,44_9912
1268,9912,44,45,2025-09-07T14:05:21.441000+00:00,26.941,27.801,27.088,317.0,320.0,False,81.83,"[None, 2048, 2048, 2048, 2048, 2048]","[2049, 2048, 2048, 2048, 2048, 2048, 2048]","[2048, 2048, 2048, 2048, 2048, 2048, 2048, 2048, 2048]",324.0,44_9912
1268,9912,44,46,2025-09-07T14:06:43.223000+00:00,26.965,27.822,26.988,,319.0,False,81.775,"[None, 2048, 2048, 2048, 2048, 2048]","[2048, 2048, 2048, 2049, 2048, 2048, 2048]","[2048, 2049, 2048, 2048, 2049, 2049, 2048, 2048, 2048]",,44_9912
1268,9912,44,47,2025-09-07T14:08:04.989000+00:00,27.049,27.657,26.951,318.0,319.0,False,81.657,"[None, 2048, 2048, 2048, 2048, 2048]","[2049, 2048, 2048, 2049, 2049, 2048, 2048]","[2049, 2049, 2048, 2048, 2048, 2049, 2048, 2048, 2048]",323.0,44_9912
1268,9912,44,48,2025-09-07T14:09:26.717000+00:00,26.961,27.665,26.986,,320.0,False,81.612,"[None, 2048, 2048, 2048, 2048, 2048]","[2048, 2048, 2049, 2048, 2048, 2048, 2048]","[2048, 2048, 2048, 2048, 2048, 2048, 2048, 2048, 2048]",,44_9912
1268,9912,44,49,2025-09-07T14:10:48.267000+00:00,27.052,27.634,27.015,,319.0,False,81.701,"[None, 2048, 2048, 2048, 2048, 2048]","[2049, 2048, 2048, 2048, 2048, 2048, 2048]","[2048, 2048, 2048, 2048, 2048, 2049, 2049, 2048, 2048]",,44_9912
1268,9912,44,50,2025-09-07T14:12:09.945000+00:00,26.965,27.585,26.996,,320.0,False,81.546,"[None, 2048, 2048, 2048, 2048, 2048]","[2048, 2048, 2049, 2049, 2049, 2048, 2048]","[2048, 2048, 2048, 2048, 2049, 2049, 2049, 2049, 2048]",325.0,44_9912
1268,9912,44,51,2025-09-07T14:13:31.452000+00:00,26.93,27.928,27.048,324.0,324.0,False,81.906,"[None, 2048, 2048, 2048, 2048, 2048]","[2048, 2048, 2048, 2048, 2048, 2048, 2048]","[2048, 2048, 2048, 2048, 2048, 2048, 2048, 2048, 2048]",328.0,44_9912
1268,9912,44,52,2025-09-07T14:14:53.491000+00:00,26.905,27.793,27.045,323.0,325.0,False,81.743,"[None, 2048, 2048, 2048, 2048, 2048]","[2048, 2048, 2048, 2048, 2048, 2048, 2048]","[2048, 2048, 2048, 2048, 2048, 2048, 2048, 2048, 2048]",330.0,44_9912
1268,9912,44,53,2025-09-07T14:16:15.127000+00:00,26.838,27.827,27.192,322.0,324.0,False,81.857,"[None, 2048, 2048, 2048, 2049, 2048]","[2048, 2048, 2048, 2048, 2048, 2048, 2048]","[2048, 2048, 2048, 2048, 2048, 2048, 2048, 2048, 2048]",329.0,44_9912
1268,9912,55,1,2025-09-07T13:03:34.805000+00:00,32.654,31.052,29.14,331.0,315.0,False,92.846,"[2048, 2049, 2049, 2049, 2049, 2049]","[2049, 2049, 2049, 2049, 2049, 2049, 2049]","[2049, 2049, 2049, 2049, 2049, 2049, 2049, 2049, 2049]",278.0,55_9912
1268,9912,55,2,2025-09-07T13:05:07.650000+00:00,27.813,29.35,28.465,326.0,341.0,False,85.628,"[2049, 2049, 2049, 2049, 2049, 2049]","[2048, 2049, 2049, 2049, 2049, 2049, 2049]","[2049, 2049, 2048, 2049, 2049, 2049, 2049, 2049, 2049]",328.0,55_9912
1268,9912,55,3,2025-09-07T13:06:33.334000+00:00,27.502,29.5,28.412,321.0,335.0,False,85.414,"[None, 2049, 2049, 2048, 2048, 2048]","[2048, 2048, 2049, 2048, 2048, 2049, 2048]","[2049, 2049, 2049, 2048, 2048, 2048, 2048, 2048, 2048]",351.0,55_9912
1268,9912,55,4,2025-09-07T13:07:58.710000+00:00,27.578,29.394,28.232,315.0,334.0,False,85.204,"[2048, 2049, 2048, 2049, 2049, 2048]","[2048, 2049, 2048, 2048, 2049, 2048, 2048]","[2049, 2049, 2048, 2048, 2049, 2049, 2049, 2049, 2049]",345.0,55_9912
1268,9912,55,5,2025-09-07T13:09:23.977000+00:00,27.287,29.181,28.259,317.0,334.0,False,84.727,"[None, 2048, 2049, 2049, 2048, 2048]","[2049, 2048, 2048, 2049, 2049, 2049, 2048]","[2049, 2049, 2049, 2048, 2048, 2048, 2048, 2048, 2049]",346.0,55_9912
1268,9912,55,6,2025-09-07T13:10:48.609000+00:00,27.233,29.066,28.405,321.0,337.0,False,84.704,"[None, 2048, 2048, 2049, 2049, 2048]","[2048, 2048, 2049, 2048, 2048, 2049, 2048]","[2048, 2048, 2048, 2048, 2048, 2049, 2049, 2048, 2048]",342.0,55_9912
1268,9912,55,7,2025-09-07T13:12:13.228000+00:00,27.339,29.145,28.192,326.0,334.0,False,84.676,"[None, 2048, 2048, 2048, 2048, 2049]","[2048, 2048, 2048, 2049, 2049, 2048, 2048]","[2048, 2048, 2048, 2049, 2048, 2049, 2048, 2048, 2048]",344.0,55_9912
1268,9912,55,8,2025-09-07T13:13:38.001000+00:00,27.59,28.784,28.33,316.0,334.0,False,84.704,"[None, 2048, 2048, 2048, 2048, 2048]","[2049, 2049, 2048, 2049, 2049, 2051, 2048]","[2049, 2048, 2048, 2048, 2048, 2048, 2048, 2048, 2048]",336.0,55_9912
1268,9912,55,9,2025-09-07T13:15:02.705000+00:00,27.357,28.941,28.091,317.0,331.0,False,84.389,"[None, 2048, 2049, 2048, 2048, 2048]","[2048, 2048, 2048, 2048, 2048, 2048, 2048]","[2048, 2049, 2049, 2048, 2048, 2048, 2049, 2048, 2049]",347.0,55_9912
1268,9912,55,10,2025-09-07T13:16:27.170000+00:00,27.391,28.918,28.174,320.0,336.0,False,84.483,"[None, 2048, 2048, 2049, 2048, 2048]","[2049, 2048, 2048, 2048, 2048, 2048, 2048]","[2048, 2048, 2049, 2048, 2048, 2048, 2048, 2048, 2048]",340.0,55_9912
1268,9912,55,11,2025-09-07T13:17:51.555000+00:00,27.458,29.028,28.106,319.0,329.0,False,84.592,"[None, 2048, 2048, 2048, 2048, 2048]","[2049, 2048, 2048, 2048, 2048, 2048, 2048]","[2048, 2048, 2048, 2049, 2048, 2048, 2048, 2048, 2049]",337.0,55_9912
1268,9912,55,12,2025-09-07T13:19:16.165000+00:00,27.325,29.041,28.191,318.0,331.0,False,84.557,"[None, 2048, 2048, 2049, 2049, 2048]","[2048, 2048, 2048, 2048, 2048, 2048, 2048]","[2048, 2048, 2048, 2048, 2048, 2048, 2048, 2048, 2049]",341.0,55_9912
1268,9912,55,13,2025-09-07T13:20:40.628000+00:00,27.351,28.924,28.174,316.0,330.0,False,84.449,"[2049, 2048, 2048, 2048, 2048, 2048]","[2048, 2048, 2048, 2048, 2048, 2048, 2048]","[2048, 2048, 2049, 2048, 2048, 2048, 2048, 2048, 2048]",338.0,55_9912
1268,9912,55,14,2025-09-07T13:22:05.179000+00:00,27.274,28.818,28.235,317.0,334.0,False,84.327,"[2048, 2048, 2048, 2048, 2048, 2048]","[2048, 2048, 2049, 2049, 2048, 2048, 2048]","[2048, 2048, 2048, 2048, 2048, 2048, 2049, 2048, 2048]",340.0,55_9912
1268,9912,55,15,2025-09-07T13:23:29.539000+00:00,27.285,28.886,28.224,319.0,335.0,False,84.395,"[2049, 2048, 2048, 2048, 2048, 2048]","[2048, 2049, 2048, 2048, 2048, 2048, 2048]","[2048, 2048, 2048, 2048, 2048, 2048, 2048, 2048, 2049]",346.0,55_9912
1268,9912,55,16,2025-09-07T13:24:53.885000+00:00,27.337,28.898,28.243,,334.0,False,84.478,"[2048, 2048, 2048, 2048, 2048, 2048]","[2048, 2048, 2048, 2048, 2048, 2048, 2048]","[2048, 2048, 2049, 2048, 2048, 2048, 2048, 2048, 2048]",348.0,55_9912
1268,9912,55,17,2025-09-07T13:26:18.371000+00:00,27.308,28.982,28.052,320.0,337.0,False,84.342,"[None, 2048, 2048, 2048, 2048, 2048]","[2049, 2051, 2048, 2048, 2048, 2048, 2048]","[2048, 2048, 2049, 2048, 2048, 2048, 2048, 2048, 2048]",346.0,55_9912
1268,9912,55,18,2025-09-07T13:27:42.700000+00:00,27.502,29.132,28.154,329.0,336.0,False,84.788,"[None, 2048, 2048, 2048, 2048, 2048]","[2048, 2048, 2048, 2048, 2048, 2048, 2048]","[2048, 2048, 2048, 2048, 2048, 2048, 2049, 2048, 2048]",344.0,55_9912
1268,9912,55,19,2025-09-07T13:29:07.440000+00:00,27.484,28.702,27.976,314.0,326.0,False,84.162,"[None, 2048, 2048, 2049, 2048, 2048]","[2048, 2048, 2049, 2049, 2048, 2048, 2048]","[2048, 2049, 2049, 2048, 2048, 2048, 2048, 2048, 2048]",338.0,55_9912
1268,9912,55,20,2025-09-07T13:30:31.608000+00:00,27.422,28.891,27.9,309.0,313.0,False,84.213,"[None, 2048, 2048, 2048, 2048, 2048]","[2048, 2048, 2048, 2048, 2049, 2048, 2048]","[2048, 2049, 2048, 2048, 2049, 2049, 2048, 2048, 2048]",350.0,55_9912
1268,9912,55,21,2025-09-07T13:31:55.762000+00:00,27.301,28.698,27.815,316.0,315.0,False,83.814,"[None, 2048, 2049, 2049, 2048, 2048]","[2049, 2048, 2048, 2048, 2049, 2048, 2048]","[2048, 2049, 2048, 2048, 2049, 2049, 2048, 2048, 2048]",337.0,55_9912
1268,9912,55,22,2025-09-07T13:33:19.677000+00:00,27.387,28.626,27.689,315.0,316.0,False,83.702,"[None, 2048, 2048, 2049, 2048, 2048]","[2048, 2048, 2049, 2048, 2048, 2048, 2048]","[2049, 2049, 2048, 2048, 2049, 2048, 2048, 2048, 2048]",328.0,55_9912
1268,9912,55,23,2025-09-07T13:34:43.315000+00:00,27.372,28.646,27.809,316.0,319.0,False,83.827,"[None, 2048, 2048, 2049, 2049, 2048]","[2048, 2051, 2048, 2048, 2048, 2048, 2048]","[2049, 2048, 2048, 2048, 2048, 2048, 2048, 2048, 2048]",326.0,55_9912
1268,9912,55,24,2025-09-07T13:36:07.148000+00:00,27.363,28.643,27.831,313.0,314.0,False,83.837,"[None, 2048, 2048, 2049, 2049, 2048]","[2048, 2048, 2049, 2049, 2048, 2048, 2048]","[2048, 2048, 2048, 2048, 2048, 2048, 2048, 2048, 2048]",327.0,55_9912
1268,9912,55,25,2025-09-07T13:37:31.028000+00:00,27.937,29.227,27.918,308.0,333.0,False,85.082,"[None, 2048, 2048, 2048, 2048, 2048]","[2048, 2048, 2048, 2048, 2048, 2048, 2048]","[2048, 2048, 2048, 2048, 2048, 2048, 2049, 2048, 2049]",325.0,55_9912
1268,9912,55,26,2025-09-07T13:38:56.083000+00:00,27.3,28.691,27.895,318.0,319.0,False,83.886,"[None, 2048, 2048, 2048, 2049, 2048]","[2048, 2048, 2051, 2048, 2048, 2048, 2048]","[2048, 2048, 2048, 2048, 2048, 2048, 2048, 2048, 2048]",339.0,55_9912
1268,9912,55,27,2025-09-07T13:40:20.055000+00:00,27.359,28.798,27.811,313.0,315.0,False,83.968,"[None, 2048, 2048, 2048, 2048, 2048]","[2048, 2048, 2048, 2048, 2048, 2048, 2048]","[2048, 2048, 2048, 2048, 2048, 2048, 2048, 2048, 2048]",328.0,55_9912
1268,9912,55,28,2025-09-07T13:41:43.945000+00:00,27.35,28.549,27.653,317.0,318.0,False,83.552,"[None, 2048, 2048, 2048, 2048, 2048]","[2048, 2048, 2048, 2048, 2049, 2048, 2048]","[2048, 2048, 2049, 2048, 2049, 2048, 2048, 2048, 2048]",327.0,55_9912
1268,9912,55,29,2025-09-07T13:43:07.464000+00:00,27.366,28.674,27.817,313.0,310.0,False,83.857,"[None, 2048, 2048, 2048, 2048, 2048]","[2048, 2048, 2048, 2048, 2049, 2048, 2048]","[2048, 2048, 2048, 2048, 2048, 2048, 2048, 2048, 2048]",325.0,55_9912
1268,9912,55,30,2025-09-07T13:44:31.379000+00:00,27.367,28.398,32.06,315.0,318.0,False,87.825,"[None, 2048, 2048, 2049, 2048, 2048]","[2048, 2048, 2048, 2049, 2049, 2048, 2048]","[2049, 2048, 2048, 2048, 2048, 2048, 2048, 2064, 2064]",323.0,55_9912
1268,9912,55,31,2025-09-07T13:45:59.292000+00:00,47.992,28.328,27.512,316.0,316.0,True,103.832,"[2064, 2064, 2048, 2048, 2048, 2048]","[2048, 2048, 2048, 2049, 2049, 2048, 2048]","[2048, 2048, 2048, 2048, 2049, 2049, 2049, 2048, 2048]",285.0,55_9912
1268,9912,55,32,2025-09-07T13:47:43.057000+00:00,27.179,27.976,27.47,,318.0,False,82.625,"[2048, 2048, 2048, 2049, 2049, 2048]","[2049, 2048, 2048, 2049, 2049, 2049, 2048]","[2048, 2048, 2049, 2048, 2048, 2048, 2048, 2048, 2048]",325.0,55_9912
1268,9912,55,33,2025-09-07T13:49:05.715000+00:00,27.092,28.05,27.373,314.0,318.0,False,82.515,"[None, 2048, 2049, 2048, 2049, 2048]","[2048, 2048, 2048, 2048, 2049, 2048, 2048]","[2048, 2048, 2049, 2048, 2048, 2048, 2049, 2049, 2048]",340.0,55_9912
1268,9912,55,34,2025-09-07T13:50:28.064000+00:00,27.144,27.921,27.4,316.0,328.0,False,82.465,"[None, 2048, 2048, 2048, 2049, 2048]","[2048, 2048, 2048, 2048, 2048, 2051, 2048]","[2048, 2048, 2049, 2048, 2048, 2049, 2049, 2048, 2048]",327.0,55_9912
1268,9912,55,35,2025-09-07T13:51:50.583000+00:00,27.128,28.072,27.48,317.0,329.0,False,82.68,"[None, 2048, 2048, 2048, 2048, 2048]","[2048, 2048, 2048, 2048, 2048, 2051, 2048]","[2048, 2048, 2048, 2048, 2048, 2048, 2048, 2049, 2049]",338.0,55_9912
1268,9912,55,36,2025-09-07T13:53:13.319000+00:00,27.228,28.095,27.312,313.0,331.0,False,82.635,"[None, 2048, 2048, 2048, 2048, 2048]","[2048, 2048, 2048, 2048, 2048, 2048, 2048]","[2048, 2048, 2049, 2051, 2048, 2048, 2049, 2049, 2049]",340.0,55_9912
1268,9912,55,37,2025-09-07T13:54:36.011000+00:00,27.204,28.209,27.408,316.0,328.0,False,82.821,"[None, 2048, 2048, 2048, 2048, 2048]","[2048, 2048, 2048, 2048, 2048, 2048, 2048]","[2049, 2048, 2048, 2048, 2048, 2048, 2048, 2048, 2048]",354.0,55_9912
1268,9912,55,38,2025-09-07T13:55:58.827000+00:00,27.156,28.016,27.392,315.0,329.0,False,82.564,"[None, 2048, 2048, 2048, 2048, 2048]","[2048, 2048, 2048, 2048, 2048, 2048, 2048]","[2049, 2048, 2048, 2048, 2048, 2048, 2048, 2048, 2048]",338.0,55_9912
1268,9912,55,39,2025-09-07T13:57:21.445000+00:00,27.244,28.038,27.709,318.0,331.0,False,82.991,"[None, 2048, 2048, 2048, 2048, 2048]","[2048, 2048, 2048, 2048, 2048, 2048, 2048]","[2048, 2048, 2048, 2048, 2048, 2048, 2051, 2048, 2049]",337.0,55_9912
1268,9912,55,40,2025-09-07T13:58:44.299000+00:00,27.122,35.055,27.526,331.0,325.0,False,89.703,"[2049, 2048, 2048, 2048, 2051, 2049]","[2049, 2048, 2048, 2048, 2048, 2048, 2048]","[2048, 2048, 2048, 2048, 2048, 2049, 2048, 2048, 2048]",358.0,55_9912
1268,9912,55,41,2025-09-07T14:00:14.008000+00:00,27.203,28.107,27.428,315.0,320.0,False,82.738,"[2048, 2048, 2048, 2048, 2048, 2048]","[2048, 2048, 2048, 2048, 2048, 2048, 2048]","[2048, 2048, 2048, 2048, 2048, 2048, 2048, 2048, 2048]",331.0,55_9912
1268,9912,55,42,2025-09-07T14:01:36.830000+00:00,27.137,28.008,27.337,317.0,320.0,False,82.482,"[None, 2048, 2048, 2048, 2048, 2048]","[2048, 2048, 2048, 2049, 2048, 2048, 2048]","[2048, 2048, 2048, 2048, 2049, 2049, 2048, 2048, 2048]",328.0,55_9912
1268,9912,55,43,2025-09-07T14:02:59.256000+00:00,27.104,28.036,27.384,,320.0,False,82.524,"[None, 2048, 2048, 2048, 2048, 2048]","[2048, 2048, 2048, 2048, 2048, 2048, 2048]","[2048, 2049, 2048, 2048, 2048, 2048, 2048, 2048, 2048]",327.0,55_9912
1268,9912,55,44,2025-09-07T14:04:21.888000+00:00,27.199,27.988,27.336,316.0,319.0,False,82.523,"[None, 2048, 2048, 2048, 2048, 2048]","[2048, 2048, 2048, 2049, 2048, 2048, 2048]","[2048, 2049, 2048, 2048, 2048, 2048, 2048, 2048, 2048]",328.0,55_9912
1268,9912,55,45,2025-09-07T14:05:44.269000+00:00,27.105,27.989,27.229,318.0,322.0,False,82.323,"[None, 2048, 2048, 2048, 2048, 2048]","[2048, 2048, 2048, 2048, 2048, 2048, 2048]","[2048, 2049, 2049, 2048, 2048, 2048, 2048, 2048, 2048]",327.0,55_9912
1268,9912,55,46,2025-09-07T14:07:06.692000+00:00,27.104,27.841,27.156,,322.0,False,82.101,"[None, 2048, 2048, 2048, 2048, 2048]","[2048, 2048, 2048, 2049, 2049, 2048, 2048]","[2048, 2048, 2049, 2048, 2048, 2048, 2048, 2048, 2048]",329.0,55_9912
1268,9912,55,47,2025-09-07T14:08:28.694000+00:00,27.018,27.591,27.131,331.0,332.0,False,81.74,"[None, 2048, 2048, 2048, 2048, 2048]","[2048, 2048, 2051, 2049, 2049, 2049, 2048]","[2049, 2048, 2048, 2048, 2048, 2049, 2048, 2048, 2049]",330.0,55_9912
1268,9912,55,48,2025-09-07T14:09:50.534000+00:00,27.079,27.997,27.288,317.0,330.0,False,82.364,"[None, 2048, 2048, 2048, 2048, 2048]","[2048, 2048, 2048, 2048, 2048, 2048, 2048]","[2048, 2048, 2048, 2048, 2048, 2048, 2048, 2048, 2048]",340.0,55_9912
1268,9912,55,49,2025-09-07T14:11:12.814000+00:00,26.997,27.982,27.176,318.0,328.0,False,82.155,"[None, 2048, 2048, 2048, 2048, 2048]","[2048, 2048, 2048, 2048, 2048, 2049, 2048]","[2048, 2048, 2048, 2048, 2048, 2048, 2048, 2049, 2048]",339.0,55_9912
1268,9912,55,50,2025-09-07T14:12:34.992000+00:00,27.103,27.993,27.283,317.0,328.0,False,82.379,"[None, 2048, 2048, 2048, 2048, 2048]","[2048, 2048, 2048, 2048, 2048, 2048, 2048]","[2048, 2048, 2048, 2048, 2048, 2049, 2048, 2048, 2048]",,55_9912
1268,9912,55,51,2025-09-07T14:13:57.327000+00:00,27.086,27.92,27.192,316.0,328.0,False,82.198,"[None, 2048, 2048, 2048, 2048, 2048]","[2048, 2048, 2048, 2048, 2048, 2048, 2048]","[2048, 2048, 2048, 2048, 2048, 2049, 2048, 2049, 2048]",340.0,55_9912
1268,9912,55,52,2025-09-07T14:15:19.566000+00:00,27.123,27.863,27.062,318.0,328.0,False,82.048,"[None, 2048, 2048, 2048, 2048, 2048]","[2048, 2048, 2048, 2048, 2048, 2048, 2048]","[2048, 2048, 2049, 2049, 2048, 2048, 2048, 2048, 2048]",338.0,55_9912
1268,9912,55,53,2025-09-07T14:16:41.623000+00:00,27.146,28.159,27.077,317.0,328.0,False,82.382,"[None, 2048, 2048, 2048, 2048, 2048]","[2048, 2048, 2048, 2048, 2048, 2048, 2048]","[2048, 2048, 2049, 2049, 2048, 2049, 2048, 2049, 2048]",339.0,55_9912
1268,9912,63,1,2025-09-07T13:03:34.805000+00:00,30.785,30.234,28.243,328.0,319.0,False,89.262,"[2048, 2049, 2049, 2049, 2049, 2049]","[2049, 2049, 2049, 2049, 2049, 2049, 2049]","[2049, 2049, 2049, 2049, 2049, 2049, 2049, 2049, 2049]",286.0,63_9912
1268,9912,63,2,2025-09-07T13:05:04.066000+00:00,27.677,29.339,28.293,321.0,334.0,False,85.309,"[2049, 2049, 2049, 2049, 2049, 2049]","[2048, 2049, 2049, 2049, 2049, 2049, 2049]","[2049, 2048, 2048, 2048, 2048, 2049, 2049, 2049, 2049]",338.0,63_9912
1268,9912,63,3,2025-09-07T13:06:29.443000+00:00,28.305,29.054,27.987,325.0,329.0,False,85.346,"[None, 2049, 2048, 2048, 2048, 2048]","[2049, 2048, 2049, 2049, 2049, 2048, 2048]","[2049, 2048, 2049, 2049, 2049, 2049, 2049, 2049, 2049]",337.0,63_9912
1268,9912,63,4,2025-09-07T13:07:54.757000+00:00,27.405,29.093,28.015,315.0,329.0,False,84.513,"[None, 2049, 2048, 2049, 2048, 2048]","[2048, 2049, 2049, 2048, 2048, 2048, 2048]","[2048, 2048, 2049, 2048, 2048, 2049, 2049, 2049, 2049]",340.0,63_9912
1268,9912,63,5,2025-09-07T13:09:19.201000+00:00,27.428,28.862,28.054,313.0,329.0,False,84.344,"[2048, 2049, 2048, 2049, 2049, 2048]","[2049, 2049, 2049, 2048, 2048, 2048, 2048]","[2048, 2048, 2048, 2049, 2048, 2048, 2049, 2048, 2049]",337.0,63_9912
1268,9912,63,6,2025-09-07T13:10:43.620000+00:00,27.492,28.842,28.123,315.0,330.0,False,84.457,"[2049, 2048, 2048, 2048, 2048, 2048]","[2048, 2048, 2049, 2048, 2049, 2048, 2048]","[2048, 2048, 2048, 2048, 2048, 2048, 2048, 2048, 2048]",334.0,63_9912
1268,9912,63,7,2025-09-07T13:12:07.976000+00:00,27.355,28.744,27.841,314.0,328.0,False,83.94,"[None, 2049, 2048, 2048, 2048, 2048]","[2048, 2049, 2048, 2048, 2049, 2048, 2048]","[2048, 2049, 2049, 2051, 2048, 2048, 2048, 2048, 2048]",336.0,63_9912
1268,9912,63,8,2025-09-07T13:13:32.058000+00:00,27.538,28.622,27.72,,326.0,False,83.88,"[2048, 2048, 2048, 2049, 2048, 2048]","[2048, 2048, 2049, 2049, 2049, 2048, 2048]","[2049, 2048, 2049, 2051, 2048, 2048, 2048, 2048, 2048]",330.0,63_9912
1268,9912,63,9,2025-09-07T13:14:55.890000+00:00,27.399,28.738,27.931,317.0,328.0,False,84.068,"[None, 2048, 2048, 2048, 2049, 2048]","[2049, 2048, 2048, 2048, 2048, 2048, 2048]","[2048, 2048, 2051, 2048, 2048, 2048, 2048, 2048, 2048]",340.0,63_9912
1268,9912,63,10,2025-09-07T13:16:20.001000+00:00,27.309,29.084,27.954,322.0,326.0,False,84.347,"[None, 2048, 2048, 2048, 2049, 2049]","[2048, 2048, 2048, 2048, 2048, 2048, 2048]","[2048, 2048, 2048, 2048, 2048, 2048, 2048, 2048, 2048]",,63_9912
1268,9912,63,11,2025-09-07T13:17:44.258000+00:00,27.537,28.76,27.827,313.0,324.0,False,84.124,"[None, 2048, 2048, 2048, 2048, 2048]","[2048, 2048, 2048, 2048, 2048, 2048, 2048]","[2049, 2049, 2048, 2048, 2048, 2048, 2048, 2049, 2048]",327.0,63_9912
1268,9912,63,12,2025-09-07T13:19:08.399000+00:00,27.421,28.577,27.832,316.0,323.0,False,83.83,"[None, 2048, 2048, 2048, 2048, 2048]","[2049, 2048, 2048, 2049, 2048, 2048, 2048]","[2048, 2048, 2048, 2048, 2048, 2048, 2048, 2048, 2048]",330.0,63_9912
1268,9912,63,13,2025-09-07T13:20:32.250000+00:00,27.362,28.492,27.715,320.0,336.0,False,83.569,"[None, 2048, 2048, 2048, 2048, 2048]","[2049, 2048, 2049, 2049, 2049, 2048, 2048]","[2048, 2048, 2048, 2048, 2048, 2049, 2049, 2049, 2048]",335.0,63_9912
1268,9912,63,14,2025-09-07T13:21:55.804000+00:00,27.427,28.653,27.852,315.0,330.0,False,83.932,"[None, 2048, 2048, 2048, 2048, 2048]","[2049, 2048, 2048, 2048, 2048, 2048, 2048]","[2048, 2048, 2048, 2048, 2048, 2048, 2048, 2049, 2048]",340.0,63_9912
1268,9912,63,15,2025-09-07T13:23:19.726000+00:00,27.415,28.686,27.736,317.0,326.0,False,83.837,"[None, 2048, 2048, 2048, 2048, 2048]","[2048, 2049, 2048, 2048, 2048, 2048, 2048]","[2048, 2049, 2048, 2048, 2048, 2048, 2048, 2048, 2048]",341.0,63_9912
1268,9912,63,16,2025-09-07T13:24:43.567000+00:00,27.364,28.616,27.896,315.0,311.0,False,83.876,"[None, 2048, 2048, 2048, 2048, 2048]","[2048, 2049, 2048, 2048, 2049, 2048, 2048]","[2048, 2049, 2048, 2048, 2048, 2048, 2048, 2048, 2048]",335.0,63_9912
1268,9912,63,17,2025-09-07T13:26:07.433000+00:00,27.409,28.565,27.812,316.0,318.0,False,83.786,"[None, 2048, 2049, 2048, 2048, 2048]","[2048, 2048, 2049, 2048, 2048, 2048, 2048]","[2048, 2048, 2048, 2048, 2049, 2048, 2048, 2048, 2048]",331.0,63_9912
1268,9912,63,18,2025-09-07T13:27:31.263000+00:00,27.445,28.558,27.653,317.0,317.0,False,83.656,"[None, 2048, 2048, 2048, 2048, 2048]","[2049, 2048, 2048, 2048, 2049, 2048, 2048]","[2048, 2049, 2048, 2048, 2048, 2048, 2048, 2048, 2048]",330.0,63_9912
1268,9912,63,19,2025-09-07T13:28:54.956000+00:00,27.43,28.573,27.753,316.0,316.0,False,83.756,"[None, 2048, 2048, 2048, 2048, 2048]","[2048, 2048, 2048, 2048, 2048, 2048, 2048]","[2048, 2048, 2048, 2048, 2049, 2048, 2048, 2048, 2048]",329.0,63_9912
1268,9912,63,20,2025-09-07T13:30:18.684000+00:00,27.415,28.547,27.626,313.0,316.0,False,83.588,"[None, 2048, 2048, 2048, 2048, 2048]","[2048, 2048, 2049, 2048, 2048, 2048, 2048]","[2049, 2049, 2048, 2048, 2048, 2048, 2048, 2048, 2048]",,63_9912
1268,9912,63,21,2025-09-07T13:31:42.200000+00:00,27.407,28.487,27.538,316.0,317.0,False,83.432,"[None, 2048, 2048, 2048, 2048, 2048]","[2048, 2049, 2049, 2048, 2048, 2048, 2048]","[2049, 2048, 2048, 2048, 2049, 2048, 2048, 2049, 2048]",331.0,63_9912
1268,9912,63,22,2025-09-07T13:33:05.719000+00:00,27.409,28.421,27.649,,316.0,False,83.479,"[None, 2048, 2048, 2048, 2048, 2048]","[2049, 2049, 2048, 2048, 2048, 2048, 2048]","[2048, 2048, 2048, 2048, 2048, 2048, 2048, 2048, 2048]",330.0,63_9912
1268,9912,63,23,2025-09-07T13:34:29.195000+00:00,27.384,28.526,27.731,315.0,315.0,False,83.641,"[None, 2048, 2049, 2048, 2048, 2048]","[2048, 2048, 2048, 2048, 2048, 2048, 2048]","[2048, 2048, 2048, 2048, 2048, 2048, 2048, 2048, 2048]",328.0,63_9912
1268,9912,63,24,2025-09-07T13:35:52.768000+00:00,27.437,28.516,27.685,,316.0,False,83.638,"[None, 2048, 2049, 2048, 2048, 2048]","[2048, 2048, 2048, 2048, 2048, 2048, 2048]","[2048, 2048, 2048, 2048, 2048, 2048, 2048, 2048, 2048]",,63_9912
1268,9912,63,25,2025-09-07T13:37:16.465000+00:00,27.487,28.621,27.657,311.0,312.0,False,83.765,"[None, 2048, 2049, 2048, 2048, 2048]","[2048, 2048, 2048, 2048, 2048, 2048, 2048]","[2048, 2049, 2048, 2048, 2048, 2048, 2048, 2048, 2048]",331.0,63_9912
1268,9912,63,26,2025-09-07T13:38:40.224000+00:00,27.56,28.69,27.73,314.0,315.0,False,83.98,"[None, 2048, 2049, 2048, 2048, 2048]","[2048, 2048, 2048, 2048, 2048, 2048, 2048]","[2048, 2048, 2048, 2048, 2048, 2048, 2048, 2048, 2048]",325.0,63_9912
1268,9912,63,27,2025-09-07T13:40:04.183000+00:00,27.531,28.524,31.923,315.0,315.0,False,87.978,"[None, 2048, 2048, 2048, 2048, 2048]","[2048, 2048, 2048, 2048, 2049, 2048, 2048]","[2048, 2048, 2048, 2048, 2048, 2048, 2048, 2064, 2064]",328.0,63_9912
1268,9912,63,28,2025-09-07T13:41:32.164000+00:00,48.729,28.069,27.365,308.0,313.0,True,104.163,"[2064, 2064, 2048, 2048, 2048, 2048]","[2048, 2049, 2049, 2051, 2051, 2049, 2048]","[2048, 2049, 2048, 2048, 2049, 2051, 2049, 2048, 2048]",284.0,63_9912
1268,9912,63,29,2025-09-07T13:43:16.417000+00:00,27.121,28.019,27.281,311.0,314.0,False,82.421,"[2048, 2048, 2049, 2051, 2048, 2048]","[2048, 2048, 2048, 2048, 2048, 2049, 2048]","[2049, 2048, 2048, 2048, 2049, 2051, 2049, 2048, 2048]",335.0,63_9912
1268,9912,63,30,2025-09-07T13:44:38.699000+00:00,27.277,28.084,27.24,309.0,318.0,False,82.601,"[None, 2048, 2048, 2048, 2048, 2048]","[2048, 2048, 2048, 2048, 2048, 2048, 2048]","[2048, 2049, 2048, 2048, 2048, 2048, 2049, 2048, 2048]",326.0,63_9912
1268,9912,63,31,2025-09-07T13:46:01.376000+00:00,27.268,28.089,27.302,312.0,314.0,False,82.659,"[None, 2048, 2048, 2048, 2048, 2048]","[2048, 2048, 2049, 2048, 2048, 2049, 2048]","[2048, 2048, 2048, 2048, 2048, 2048, 2049, 2048, 2049]",325.0,63_9912
1268,9912,63,32,2025-09-07T13:47:24.052000+00:00,27.273,28.127,27.301,311.0,319.0,False,82.701,"[None, 2048, 2048, 2048, 2048, 2048]","[2048, 2048, 2049, 2048, 2048, 2049, 2048]","[2048, 2048, 2048, 2048, 2048, 2048, 2049, 2048]",328.0,63_9912
1268,9912,63,33,2025-09-07T13:48:46.604000+00:00,27.182,28.026,27.265,315.0,320.0,False,82.473,"[None, 2048, 2048, 2048, 2049, 2048]","[2048, 2048, 2048, 2048, 2048, 2049, 2048]","[2051, 2048, 2049, 2048, 2048, 2048, 2048, 2048, 2049]",329.0,63_9912
1268,9912,63,34,2025-09-07T13:50:09.154000+00:00,27.19,27.995,27.305,330.0,343.0,False,82.49,"[None, 2048, 2048, 2048, 2048, 2049]","[2048, 2048, 2049, 2048, 2048, 2049, 2049]","[2048, 2048, 2051, 2051, 2048, 2048, 2051, 2051, 2051]",333.0,63_9912
1268,9912,63,35,2025-09-07T13:51:31.849000+00:00,27.359,28.187,27.301,322.0,332.0,False,82.847,"[2051, 2048, 2048, 2048, 2048, 2048]","[2048, 2048, 2048, 2048, 2048, 2048, 2048]","[2048, 2048, 2048, 2048, 2048, 2049, 2048, 2048, 2048]",343.0,63_9912
1268,9912,63,36,2025-09-07T13:52:54.538000+00:00,26.963,28.098,27.187,314.0,316.0,False,82.248,"[2048, 2049, 2048, 2048, 2048, 2048]","[2048, 2048, 2048, 2051, 2048, 2048, 2048]","[2048, 2048, 2048, 2048, 2049, 2049, 2048, 2048, 2048]",344.0,63_9912
1268,9912,63,37,2025-09-07T13:54:16.649000+00:00,27.269,28.107,27.186,313.0,315.0,False,82.562,"[None, 2048, 2048, 2048, 2048, 2048]","[2048, 2048, 2048, 2048, 2048, 2048, 2048]","[2048, 2049, 2048, 2048, 2049, 2048, 2048, 2048, 2048]",325.0,63_9912
1268,9912,63,38,2025-09-07T13:55:39.291000+00:00,27.299,27.953,27.178,312.0,317.0,False,82.43,"[None, 2048, 2048, 2048, 2048, 2048]","[2048, 2048, 2049, 2051, 2048, 2048, 2048]","[2048, 2048, 2048, 2048, 2049, 2048, 2048, 2048, 2048]",324.0,63_9912
1268,9912,63,39,2025-09-07T13:57:01.789000+00:00,27.253,27.915,27.173,,316.0,False,82.341,"[None, 2048, 2048, 2048, 2048, 2048]","[2048, 2048, 2049, 2048, 2048, 2048, 2048]","[2048, 2048, 2048, 2048, 2048, 2049, 2048, 2048, 2048]",325.0,63_9912
1268,9912,63,40,2025-09-07T13:58:24.034000+00:00,27.257,27.828,27.027,313.0,318.0,False,82.112,"[None, 2048, 2048, 2048, 2049, 2048]","[2048, 2048, 2048, 2051, 2049, 2048, 2048]","[2048, 2049, 2048, 2048, 2049, 2048, 2048, 2048, 2048]",,63_9912
1268,9912,63,41,2025-09-07T13:59:46.284000+00:00,27.204,27.773,27.031,316.0,319.0,False,82.008,"[None, 2048, 2048, 2048, 2049, 2048]","[2048, 2048, 2048, 2051, 2049, 2048, 2048]","[2048, 2048, 2048, 2048, 2049, 2049, 2048, 2048, 2048]",326.0,63_9912
1268,9912,63,42,2025-09-07T14:01:08.166000+00:00,27.13,27.749,27.033,314.0,317.0,False,81.912,"[None, 2048, 2048, 2048, 2049, 2048]","[2048, 2048, 2049, 2051, 2049, 2048, 2048]","[2048, 2048, 2048, 2048, 2049, 2049, 2048, 2048, 2048]",328.0,63_9912
1268,9912,63,43,2025-09-07T14:02:30.085000+00:00,27.155,27.734,27.095,315.0,318.0,False,81.984,"[None, 2048, 2048, 2048, 2048, 2048]","[2048, 2048, 2048, 2051, 2049, 2048, 2048]","[2048, 2048, 2048, 2048, 2048, 2048, 2048, 2048, 2048]",327.0,63_9912
1268,9912,63,44,2025-09-07T14:03:52.110000+00:00,27.125,27.838,27.085,312.0,316.0,False,82.048,"[None, 2048, 2048, 2048, 2049, 2048]","[2048, 2048, 2048, 2048, 2048, 2048, 2048]","[2048, 2048, 2048, 2048, 2048, 2048, 2048, 2048, 2048]",,63_9912
1268,9912,63,45,2025-09-07T14:05:14.240000+00:00,27.082,27.722,26.996,315.0,318.0,False,81.8,"[None, 2048, 2049, 2048, 2049, 2048]","[2048, 2048, 2048, 2048, 2048, 2048, 2048]","[2048, 2049, 2048, 2048, 2048, 2048, 2048, 2048, 2048]",326.0,63_9912
1268,9912,63,46,2025-09-07T14:06:35.973000+00:00,27.147,27.649,27.126,314.0,317.0,False,81.922,"[None, 2048, 2048, 2048, 2048, 2048]","[2048, 2049, 2049, 2048, 2049, 2048, 2048]","[2048, 2048, 2048, 2048, 2048, 2048, 2048, 2048, 2048]",327.0,63_9912
1268,9912,63,47,2025-09-07T14:07:57.973000+00:00,27.159,27.676,26.978,315.0,317.0,False,81.813,"[None, 2048, 2048, 2048, 2048, 2048]","[2049, 2048, 2048, 2048, 2048, 2048, 2048]","[2048, 2048, 2048, 2048, 2048, 2048, 2048, 2048, 2048]",,63_9912
1268,9912,63,48,2025-09-07T14:09:19.740000+00:00,27.43,27.978,27.088,317.0,317.0,False,82.496,"[None, 2048, 2049, 2048, 2048, 2048]","[2048, 2048, 2048, 2048, 2048, 2048, 2048]","[2048, 2048, 2048, 2048, 2048, 2048, 2048, 2048, 2048]",326.0,63_9912
1268,9912,63,49,2025-09-07T14:10:42.158000+00:00,27.219,27.675,27.071,,318.0,False,81.965,"[None, 2048, 2048, 2048, 2048, 2048]","[2048, 2049, 2048, 2048, 2048, 2048, 2048]","[2048, 2048, 2048, 2048, 2048, 2048, 2048, 2048, 2048]",324.0,63_9912
1268,9912,63,50,2025-09-07T14:12:04.168000+00:00,27.196,27.752,27.013,314.0,316.0,False,81.961,"[None, 2048, 2048, 2048, 2048, 2048]","[2048, 2048, 2048, 2049, 2048, 2048, 2048]","[2048, 2048, 2048, 2048, 2048, 2049, 2048, 2048, 2048]",327.0,63_9912
1268,9912,63,51,2025-09-07T14:13:26.108000+00:00,27.278,27.862,27.171,,315.0,False,82.311,"[None, 2048, 2048, 2048, 2048, 2048]","[2048, 2048, 2049, 2049, 2048, 2048, 2048]","[2048, 2048, 2048, 2048, 2048, 2048, 2048, 2048, 2048]",325.0,63_9912
1268,9912,63,52,2025-09-07T14:14:48.483000+00:00,27.131,27.796,27.145,316.0,318.0,False,82.072,"[None, 2048, 2048, 2048, 2048, 2048]","[2048, 2048, 2048, 2048, 2048, 2048, 2048]","[2048, 2048, 2048, 2048, 2048, 2048, 2048, 2048, 2048]",337.0,63_9912
1268,9912,63,53,2025-09-07T14:16:10.440000+00:00,27.146,27.761,26.981,315.0,327.0,False,81.888,"[None, 2048, 2048, 2048, 2049, 2048]","[2048, 2048, 2048, 2048, 2048, 2049, 2048]","[2049, 2048, 2048, 2048, 2048, 2048, 2048, 2048, 2048]",328.0,63_9912
1268,9912,81,1,2025-09-07T13:03:34.805000+00:00,30.184,30.023,28.116,322.0,318.0,False,88.323,"[2048, 2049, 2049, 2049, 2049, 2049]","[2049, 2049, 2049, 2049, 2049, 2049, 2049]","[2049, 2049, 2049, 2049, 2049, 2049, 2049, 2049, 2049]",287.0,81_9912
1268,9912,81,2,2025-09-07T13:05:03.127000+00:00,27.817,29.686,28.256,336.0,336.0,False,85.759,"[2049, 2049, 2051, 2049, 2048, 2049]","[2048, 2049, 2049, 2048, 2049, 2049, 2049]","[2049, 2048, 2049, 2049, 2048, 2048, 2049, 2049, 2049]",340.0,81_9912
1268,9912,81,3,2025-09-07T13:06:28.849000+00:00,28.424,28.647,28.046,314.0,328.0,False,85.117,"[None, 2049, 2048, 2048, 2048, 2048]","[2049, 2049, 2049, 2049, 2049, 2049, 2048]","[2048, 2048, 2049, 2048, 2048, 2048, 2049, 2049, 2049]",347.0,81_9912
1268,9912,81,4,2025-09-07T13:07:54.069000+00:00,27.516,29.12,27.931,316.0,325.0,False,84.567,"[None, 2048, 2048, 2049, 2048, 2048]","[2048, 2048, 2048, 2048, 2048, 2048, 2048]","[2049, 2048, 2049, 2048, 2048, 2049, 2049, 2049, 2049]",337.0,81_9912
1268,9912,81,5,2025-09-07T13:09:18.607000+00:00,27.39,28.967,28.001,315.0,322.0,False,84.358,"[None, 2048, 2048, 2049, 2048, 2048]","[2048, 2048, 2048, 2048, 2048, 2048, 2048]","[2048, 2048, 2048, 2048, 2048, 2048, 2049, 2048, 2049]",333.0,81_9912
1268,9912,81,6,2025-09-07T13:10:42.936000+00:00,27.322,28.515,27.842,319.0,311.0,False,83.679,"[None, 2049, 2048, 2048, 2048, 2048]","[2049, 2049, 2051, 2049, 2049, 2048, 2048]","[2048, 2049, 2048, 2048, 2049, 2049, 2048, 2048, 2048]",353.0,81_9912
1268,9912,81,7,2025-09-07T13:12:06.617000+00:00,27.487,28.495,27.756,309.0,311.0,False,83.738,"[2048, 2048, 2048, 2049, 2048, 2048]","[2048, 2049, 2048, 2048, 2049, 2048, 2048]","[2048, 2049, 2048, 2048, 2048, 2049, 2048, 2048, 2048]",324.0,81_9912
1268,9912,81,8,2025-09-07T13:13:30.405000+00:00,27.442,28.551,27.956,308.0,309.0,False,83.949,"[None, 2048, 2048, 2051, 2048, 2048]","[2048, 2048, 2048, 2048, 2048, 2048, 2048]","[2048, 2048, 2048, 2048, 2048, 2048, 2048, 2048, 2048]",323.0,81_9912
1268,9912,81,9,2025-09-07T13:14:54.446000+00:00,27.47,28.473,27.742,,311.0,False,83.685,"[None, 2048, 2048, 2049, 2048, 2048]","[2048, 2048, 2051, 2049, 2048, 2048, 2048]","[2048, 2048, 2048, 2048, 2048, 2049, 2048, 2048, 2048]",324.0,81_9912
1268,9912,81,10,2025-09-07T13:16:18.032000+00:00,27.43,28.274,27.757,311.0,313.0,False,83.461,"[None, 2048, 2048, 2048, 2048, 2048]","[2048, 2049, 2051, 2049, 2049, 2048, 2048]","[2048, 2048, 2048, 2048, 2048, 2048, 2048, 2048, 2048]",323.0,81_9912
1268,9912,81,11,2025-09-07T13:17:41.518000+00:00,27.38,28.518,27.999,309.0,310.0,False,83.897,"[None, 2048, 2048, 2048, 2048, 2048]","[2048, 2048, 2048, 2048, 2048, 2048, 2048]","[2048, 2048, 2048, 2048, 2048, 2048, 2048, 2048, 2048]",,81_9912
1268,9912,81,12,2025-09-07T13:19:05.399000+00:00,27.356,28.412,27.718,310.0,311.0,False,83.486,"[None, 2048, 2048, 2048, 2048, 2048]","[2048, 2048, 2048, 2051, 2048, 2048, 2048]","[2048, 2048, 2048, 2048, 2049, 2049, 2048, 2048, 2048]",,81_9912
1268,9912,81,13,2025-09-07T13:20:28.875000+00:00,27.402,28.484,27.712,,311.0,False,83.598,"[None, 2048, 2048, 2048, 2048, 2048]","[2048, 2048, 2048, 2048, 2049, 2048, 2048]","[2048, 2048, 2048, 2048, 2048, 2048, 2048, 2048, 2048]",324.0,81_9912
1268,9912,81,14,2025-09-07T13:21:52.476000+00:00,27.42,28.494,27.748,,311.0,False,83.662,"[None, 2048, 2048, 2048, 2048, 2048]","[2048, 2048, 2048, 2048, 2048, 2048, 2048]","[2048, 2048, 2048, 2048, 2048, 2048, 2048, 2048, 2048]",325.0,81_9912
1268,9912,81,15,2025-09-07T13:23:16.117000+00:00,27.321,28.299,27.765,312.0,312.0,False,83.385,"[None, 2048, 2048, 2048, 2048, 2048]","[2048, 2048, 2049, 2048, 2049, 2048, 2048]","[2048, 2048, 2048, 2048, 2048, 2048, 2048, 2048, 2048]",324.0,81_9912
1268,9912,81,16,2025-09-07T13:24:39.505000+00:00,27.317,28.271,27.549,,312.0,False,83.137,"[None, 2048, 2048, 2048, 2048, 2048]","[2048, 2048, 2048, 2048, 2049, 2048, 2048]","[2049, 2049, 2048, 2048, 2049, 2048, 2048, 2048, 2048]",325.0,81_9912
1268,9912,81,17,2025-09-07T13:26:02.730000+00:00,27.334,28.405,27.597,310.0,313.0,False,83.336,"[None, 2048, 2048, 2048, 2048, 2048]","[2048, 2048, 2048, 2048, 2048, 2048, 2048]","[2048, 2048, 2048, 2048, 2049, 2048, 2048, 2048, 2048]",326.0,81_9912
1268,9912,81,18,2025-09-07T13:27:26.032000+00:00,27.317,28.266,27.676,,311.0,False,83.259,"[None, 2048, 2048, 2048, 2048, 2048]","[2048, 2048, 2048, 2051, 2049, 2048, 2048]","[2048, 2049, 2048, 2048, 2048, 2048, 2048, 2049, 2048]",327.0,81_9912
1268,9912,81,19,2025-09-07T13:28:49.300000+00:00,27.365,28.341,27.653,311.0,312.0,False,83.359,"[None, 2048, 2048, 2048, 2048, 2048]","[2048, 2048, 2048, 2048, 2048, 2048, 2048]","[2048, 2048, 2048, 2048, 2048, 2048, 2048, 2048, 2048]",326.0,81_9912
1268,9912,81,20,2025-09-07T13:30:12.707000+00:00,27.357,28.355,27.513,310.0,313.0,False,83.225,"[None, 2048, 2048, 2048, 2048, 2048]","[2048, 2048, 2048, 2048, 2048, 2048, 2048]","[2048, 2049, 2048, 2048, 2048, 2048, 2048, 2048, 2048]",,81_9912
1268,9912,81,21,2025-09-07T13:31:35.874000+00:00,27.299,28.243,27.414,311.0,314.0,False,82.956,"[None, 2048, 2048, 2048, 2048, 2048]","[2048, 2048, 2049, 2051, 2049, 2048, 2048]","[2049, 2049, 2048, 2048, 2049, 2049, 2049, 2049, 2048]",325.0,81_9912
1268,9912,81,22,2025-09-07T13:32:58.859000+00:00,27.278,28.117,27.488,312.0,313.0,False,82.883,"[None, 2048, 2048, 2048, 2048, 2048]","[2049, 2048, 2048, 2048, 2051, 2048, 2048]","[2048, 2048, 2048, 2048, 2049, 2048, 2048, 2048, 2048]",326.0,81_9912
1268,9912,81,23,2025-09-07T13:34:21.760000+00:00,27.308,28.117,27.532,311.0,313.0,False,82.957,"[None, 2048, 2048, 2048, 2048, 2048]","[2048, 2049, 2048, 2051, 2048, 2048, 2048]","[2048, 2048, 2048, 2048, 2049, 2048, 2048, 2048, 2048]",,81_9912
1268,9912,81,24,2025-09-07T13:35:44.690000+00:00,27.272,28.043,27.429,,314.0,False,82.744,"[None, 2048, 2048, 2048, 2048, 2048]","[2048, 2048, 2048, 2051, 2051, 2048, 2048]","[2049, 2048, 2048, 2048, 2049, 2048, 2049, 2048, 2048]",,81_9912
1268,9912,81,25,2025-09-07T13:37:07.419000+00:00,27.261,28.308,27.701,310.0,313.0,False,83.27,"[None, 2048, 2048, 2048, 2048, 2048]","[2048, 2048, 2048, 2048, 2048, 2048, 2048]","[2048, 2048, 2048, 2048, 2048, 2048, 2048, 2048, 2048]",328.0,81_9912
1268,9912,81,26,2025-09-07T13:38:30.700000+00:00,27.354,28.218,27.475,312.0,313.0,False,83.047,"[None, 2048, 2048, 2048, 2048, 2048]","[2049, 2048, 2048, 2048, 2048, 2048, 2048]","[2048, 2048, 2048, 2048, 2048, 2048, 2048, 2048, 2048]",,81_9912
1268,9912,81,27,2025-09-07T13:39:53.629000+00:00,27.285,28.087,27.424,,314.0,False,82.796,"[None, 2048, 2048, 2048, 2048, 2048]","[2048, 2048, 2049, 2048, 2048, 2048, 2048]","[2048, 2048, 2048, 2048, 2048, 2048, 2049, 2048, 2048]",327.0,81_9912
1268,9912,81,28,2025-09-07T13:41:16.430000+00:00,27.37,28.102,27.373,313.0,314.0,False,82.845,"[None, 2048, 2048, 2048, 2048, 2048]","[2048, 2048, 2049, 2048, 2048, 2048, 2048]","[2048, 2048, 2048, 2048, 2048, 2048, 2048, 2048, 2048]",326.0,81_9912
1268,9912,81,29,2025-09-07T13:42:39.288000+00:00,27.302,28.101,27.297,312.0,313.0,False,82.7,"[None, 2048, 2048, 2048, 2048, 2048]","[2048, 2048, 2048, 2048, 2049, 2049, 2048]","[2048, 2049, 2048, 2048, 2049, 2049, 2049, 2048, 2048]",323.0,81_9912
1268,9912,81,30,2025-09-07T13:44:02.118000+00:00,27.315,28.074,27.531,311.0,313.0,False,82.92,"[None, 2048, 2048, 2048, 2048, 2048]","[2048, 2048, 2048, 2048, 2048, 2048, 2048]","[2048, 2048, 2048, 2048, 2048, 2048, 2048, 2048, 2048]",324.0,81_9912
1268,9912,81,31,2025-09-07T13:45:24.938000+00:00,27.389,28.045,27.382,312.0,315.0,False,82.816,"[None, 2048, 2048, 2048, 2048, 2048]","[2048, 2048, 2048, 2051, 2048, 2049, 2048]","[2048, 2048, 2048, 2048, 2048, 2048, 2048, 2048, 2048]",323.0,81_9912
1268,9912,81,32,2025-09-07T13:46:47.724000+00:00,27.293,27.942,27.341,315.0,315.0,False,82.576,"[None, 2048, 2048, 2048, 2048, 2048]","[2049, 2048, 2048, 2051, 2048, 2048, 2048]","[2048, 2048, 2048, 2048, 2048, 2048, 2048, 2048, 2048]",326.0,81_9912
1268,9912,81,33,2025-09-07T13:48:10.353000+00:00,27.219,28.542,27.51,314.0,315.0,False,83.271,"[None, 2048, 2048, 2048, 2048, 2048]","[2049, 2048, 2048, 2048, 2048, 2048, 2048]","[2048, 2048, 2048, 2048, 2048, 2048, 2048, 2048, 2048]",327.0,81_9912
1268,9912,81,34,2025-09-07T13:49:33.638000+00:00,27.305,28.033,27.331,312.0,315.0,False,82.669,"[None, 2048, 2048, 2048, 2048, 2048]","[2048, 2048, 2049, 2051, 2049, 2048, 2048]","[2048, 2048, 2048, 2048, 2048, 2048, 2048, 2048, 2048]",326.0,81_9912
1268,9912,81,35,2025-09-07T13:50:56.239000+00:00,27.309,28.049,27.23,311.0,312.0,False,82.588,"[None, 2048, 2048, 2048, 2048, 2048]","[2048, 2048, 2048, 2048, 2048, 2049, 2048]","[2049, 2048, 2049, 2048, 2049, 2049, 2049, 2048, 2048]",,81_9912
1268,9912,81,36,2025-09-07T13:52:18.883000+00:00,27.188,27.922,27.122,314.0,317.0,False,82.232,"[None, 2048, 2048, 2048, 2048, 2048]","[2048, 2048, 2048, 2048, 2051, 2048, 2048]","[2049, 2049, 2049, 2048, 2051, 2048, 2049, 2049, 2048]",,81_9912
1268,9912,81,37,2025-09-07T13:53:41.177000+00:00,27.215,27.984,27.226,315.0,316.0,False,82.425,"[None, 2048, 2048, 2048, 2048, 2048]","[2048, 2048, 2048, 2048, 2051, 2049, 2048]","[2048, 2048, 2048, 2048, 2048, 2048, 2049, 2049, 2048]",329.0,81_9912
1268,9912,81,38,2025-09-07T13:55:03.539000+00:00,27.161,28.063,27.334,310.0,314.0,False,82.558,"[None, 2048, 2048, 2048, 2048, 2048]","[2048, 2048, 2048, 2048, 2049, 2049, 2048]","[2048, 2048, 2048, 2048, 2048, 2049, 2048, 2049, 2048]",328.0,81_9912
1268,9912,81,39,2025-09-07T13:56:26.132000+00:00,27.203,27.929,27.27,313.0,317.0,False,82.402,"[None, 2048, 2048, 2048, 2048, 2048]","[2048, 2048, 2049, 2048, 2048, 2048, 2048]","[2048, 2048, 2048, 2048, 2048, 2049, 2048, 2049, 2048]",327.0,81_9912
1268,9912,81,40,2025-09-07T13:57:48.463000+00:00,27.157,27.864,27.275,314.0,318.0,False,82.296,"[None, 2048, 2048, 2048, 2048, 2048]","[2048, 2049, 2048, 2048, 2048, 2048, 2048]","[2048, 2048, 2048, 2048, 2048, 2049, 2049, 2049, 2048]",328.0,81_9912
1268,9912,81,41,2025-09-07T13:59:10.846000+00:00,27.161,28.176,27.282,,319.0,False,82.619,"[None, 2048, 2048, 2048, 2048, 2048]","[2048, 2048, 2048, 2048, 2048, 2048, 2048]","[2048, 2048, 2049, 2048, 2048, 2048, 2048, 2048, 2048]",330.0,81_9912
1268,9912,81,42,2025-09-07T14:00:33.447000+00:00,27.045,28.114,27.26,,319.0,False,82.419,"[None, 2048, 2048, 2048, 2048, 2048]","[2048, 2048, 2048, 2048, 2048, 2048, 2048]","[2048, 2048, 2048, 2048, 2048, 2048, 2048, 2048, 2048]",332.0,81_9912
1268,9912,81,43,2025-09-07T14:01:55.854000+00:00,27.097,27.933,27.339,316.0,319.0,False,82.369,"[None, 2048, 2048, 2048, 2048, 2048]","[2048, 2048, 2048, 2048, 2048, 2048, 2048]","[2048, 2048, 2048, 2048, 2048, 2048, 2048, 2048, 2048]",330.0,81_9912
1268,9912,81,44,2025-09-07T14:03:18.166000+00:00,27.211,27.951,27.242,,320.0,False,82.404,"[None, 2048, 2048, 2048, 2048, 2048]","[2048, 2048, 2048, 2048, 2048, 2048, 2048]","[2048, 2048, 2049, 2048, 2048, 2048, 2048, 2048, 2048]",,81_9912
1268,9912,81,45,2025-09-07T14:04:40.573000+00:00,27.112,27.965,31.532,317.0,321.0,False,86.609,"[None, 2048, 2048, 2048, 2049, 2048]","[2048, 2048, 2048, 2048, 2048, 2049, 2048]","[2048, 2048, 2049, 2049, 2048, 2048, 2048, 2064, 2064]",,81_9912
1268,9912,81,46,2025-09-07T14:06:07.191000+00:00,46.368,27.995,27.039,316.0,311.0,True,101.402,"[2064, 2064, 2048, 2048, 2048, 2048]","[2048, 2048, 2048, 2048, 2049, 2048, 2048]","[2048, 2051, 2048, 2048, 2049, 2049, 2049, 2048, 2048]",288.0,81_9912
1268,9912,81,47,2025-09-07T14:07:48.629000+00:00,26.964,27.407,26.874,313.0,312.0,False,81.245,"[2048, 2048, 2048, 2051, 2048, 2048]","[2049, 2049, 2049, 2051, 2049, 2048, 2048]","[2049, 2051, 2048, 2048, 2049, 2049, 2049, 2048, 2048]",324.0,81_9912
1268,9912,81,48,2025-09-07T14:09:09.945000+00:00,27.263,27.402,27.118,311.0,313.0,False,81.783,"[None, 2048, 2049, 2048, 2048, 2048]","[2048, 2048, 2048, 2051, 2049, 2049, 2048]","[2048, 2048, 2048, 2048, 2048, 2049, 2049, 2048, 2048]",322.0,81_9912
1268,9912,81,49,2025-09-07T14:10:31.642000+00:00,28.929,27.646,26.909,315.0,325.0,False,83.484,"[None, 2048, 2048, 2048, 2049, 2048]","[2048, 2048, 2048, 2048, 2048, 2049, 2048]","[2049, 2048, 2049, 2048, 2048, 2048, 2049, 2049, 2049]",254.0,81_9912
1268,9912,81,50,2025-09-07T14:11:55.214000+00:00,26.897,27.592,27.019,314.0,316.0,False,81.508,"[None, 2048, 2048, 2048, 2048, 2048]","[2048, 2048, 2049, 2048, 2048, 2048, 2048]","[2048, 2048, 2048, 2048, 2048, 2048, 2049, 2049, 2049]",335.0,81_9912
1268,9912,81,51,2025-09-07T14:13:16.702000+00:00,26.992,27.443,27.042,316.0,317.0,False,81.477,"[None, 2048, 2048, 2048, 2048, 2048]","[2049, 2048, 2049, 2048, 2048, 2048, 2048]","[2048, 2048, 2048, 2048, 2048, 2048, 2048, 2049, 2049]",327.0,81_9912
1268,9912,81,52,2025-09-07T14:14:38.124000+00:00,26.885,27.534,26.967,320.0,321.0,False,81.386,"[None, 2048, 2048, 2048, 2048, 2048]","[2048, 2048, 2048, 2048, 2048, 2048, 2048]","[2048, 2048, 2048, 2048, 2048, 2048, 2048, 2049, 2048]",341.0,81_9912
1268,9912,81,53,2025-09-07T14:15:59.565000+00:00,26.867,27.52,26.984,316.0,319.0,False,81.371,"[None, 2048, 2048, 2048, 2049, 2048]","[2048, 2048, 2048, 2048, 2048, 2048, 2048]","[2048, 2048, 2049, 2048, 2048, 2048, 2048, 2048, 2048]",333.0,81_9912
1268,9912,87,1,2025-09-07T13:03:34.805000+00:00,32.314,31.002,29.046,320.0,324.0,False,92.362,"[2048, 2049, 2049, 2049, 2049, 2049]","[2049, 2049, 2049, 2049, 2049, 2049, 2049]","[2049, 2049, 2049, 2049, 2049, 2049, 2049, 2049, 2049]",271.0,87_9912
1268,9912,87,2,2025-09-07T13:05:07.166000+00:00,27.91,29.363,28.398,,342.0,False,85.671,"[2049, 2049, 2049, 2049, 2048, 2049]","[2048, 2049, 2049, 2049, 2049, 2049, 2051]","[2049, 2049, 2049, 2049, 2049, 2048, 2048, 2049, 2048]",325.0,87_9912
1268,9912,87,3,2025-09-07T13:06:32.849000+00:00,27.504,29.406,28.51,318.0,343.0,False,85.42,"[None, 2049, 2049, 2049, 2048, 2048]","[2048, 2048, 2049, 2049, 2048, 2049, 2051]","[2049, 2048, 2049, 2049, 2048, 2048, 2048, 2048, 2048]",345.0,87_9912
1268,9912,87,4,2025-09-07T13:07:58.241000+00:00,27.563,29.162,28.16,320.0,344.0,False,84.885,"[None, 2051, 2048, 2049, 2048, 2048]","[2049, 2048, 2049, 2048, 2049, 2049, 2051]","[2048, 2049, 2049, 2048, 2049, 2048, 2049, 2049, 2048]",339.0,87_9912
1268,9912,87,5,2025-09-07T13:09:23.282000+00:00,27.591,29.143,28.095,319.0,338.0,False,84.829,"[None, 2048, 2049, 2048, 2048, 2048]","[2049, 2048, 2048, 2049, 2049, 2048, 2048]","[2049, 2049, 2048, 2048, 2049, 2049, 2048, 2048, 2048]",331.0,87_9912
1268,9912,87,6,2025-09-07T13:10:47.982000+00:00,27.447,29.068,28.23,320.0,339.0,False,84.745,"[2048, 2048, 2048, 2049, 2048, 2049]","[2049, 2049, 2048, 2048, 2049, 2048, 2048]","[2048, 2048, 2048, 2048, 2048, 2049, 2049, 2049, 2049]",341.0,87_9912
1268,9912,87,7,2025-09-07T13:12:12.721000+00:00,27.633,28.919,28.073,322.0,338.0,False,84.625,"[2049, 2049, 2048, 2048, 2048, 2049]","[2048, 2049, 2049, 2049, 2049, 2048, 2048]","[2048, 2048, 2048, 2049, 2049, 2049, 2048, 2049, 2048]",360.0,87_9912
1268,9912,87,8,2025-09-07T13:13:37.304000+00:00,27.518,28.916,28.06,318.0,338.0,False,84.494,"[2048, 2048, 2048, 2048, 2049, 2048]","[2048, 2049, 2048, 2048, 2048, 2048, 2048]","[2048, 2048, 2048, 2048, 2049, 2048, 2048, 2048, 2048]",319.0,87_9912
1268,9912,87,9,2025-09-07T13:15:01.854000+00:00,27.649,28.879,27.992,316.0,335.0,False,84.52,"[None, 2048, 2048, 2048, 2048, 2048]","[2048, 2049, 2048, 2048, 2049, 2048, 2048]","[2048, 2049, 2048, 2048, 2049, 2048, 2048, 2048, 2048]",334.0,87_9912
1268,9912,87,10,2025-09-07T13:16:26.295000+00:00,27.517,28.93,28.087,321.0,338.0,False,84.534,"[None, 2048, 2048, 2048, 2048, 2048]","[2048, 2048, 2049, 2049, 2048, 2048, 2048]","[2049, 2048, 2048, 2048, 2048, 2048, 2048, 2048, 2048]",342.0,87_9912
1268,9912,87,11,2025-09-07T13:17:50.883000+00:00,27.558,28.962,28.142,320.0,336.0,False,84.662,"[None, 2048, 2048, 2048, 2048, 2048]","[2048, 2048, 2048, 2048, 2048, 2048, 2048]","[2048, 2048, 2048, 2048, 2048, 2048, 2048, 2048, 2048]",327.0,87_9912
1268,9912,87,12,2025-09-07T13:19:15.509000+00:00,27.46,28.875,28.224,317.0,334.0,False,84.559,"[None, 2048, 2048, 2048, 2048, 2048]","[2049, 2048, 2049, 2048, 2048, 2048, 2048]","[2048, 2048, 2048, 2048, 2048, 2048, 2048, 2048, 2048]",339.0,87_9912
1268,9912,87,13,2025-09-07T13:20:40.084000+00:00,27.367,28.796,28.26,318.0,335.0,False,84.423,"[None, 2048, 2049, 2048, 2048, 2048]","[2048, 2048, 2048, 2049, 2049, 2048, 2048]","[2048, 2048, 2048, 2048, 2048, 2048, 2048, 2048, 2048]",344.0,87_9912
1268,9912,87,14,2025-09-07T13:22:04.445000+00:00,27.316,28.816,28.164,,337.0,False,84.296,"[None, 2048, 2048, 2048, 2048, 2048]","[2049, 2048, 2049, 2048, 2048, 2048, 2048]","[2048, 2048, 2048, 2048, 2048, 2048, 2048, 2048, 2048]",343.0,87_9912
1268,9912,87,15,2025-09-07T13:23:28.820000+00:00,27.446,28.876,28.192,,335.0,False,84.514,"[None, 2048, 2048, 2048, 2048, 2048]","[2048, 2048, 2048, 2048, 2048, 2048, 2048]","[2048, 2048, 2048, 2048, 2048, 2048, 2048, 2048, 2048]",341.0,87_9912
1268,9912,87,16,2025-09-07T13:24:53.285000+00:00,27.353,28.837,28.195,319.0,338.0,False,84.385,"[None, 2048, 2048, 2048, 2048, 2048]","[2049, 2048, 2049, 2048, 2048, 2048, 2048]","[2048, 2048, 2048, 2049, 2048, 2048, 2048, 2048, 2048]",346.0,87_9912
1268,9912,87,17,2025-09-07T13:26:17.636000+00:00,27.359,28.903,28.039,320.0,339.0,False,84.301,"[None, 2048, 2048, 2048, 2049, 2048]","[2048, 2048, 2048, 2048, 2048, 2048, 2048]","[2049, 2048, 2048, 2048, 2048, 2048, 2048, 2048, 2048]",340.0,87_9912
1268,9912,87,18,2025-09-07T13:27:41.997000+00:00,27.608,29.019,32.806,318.0,338.0,False,89.433,"[None, 2048, 2048, 2048, 2049, 2048]","[2048, 2048, 2048, 2048, 2048, 2048, 2048]","[2048, 2048, 2048, 2048, 2048, 2048, 2048, 2064, 2064]",346.0,87_9912
1268,9912,87,19,2025-09-07T13:29:11.409000+00:00,48.769,28.528,27.472,310.0,315.0,True,104.769,"[2064, 2064, 2048, 2049, 2048, 2048]","[2048, 2049, 2049, 2049, 2049, 2048, 2048]","[2049, 2049, 2048, 2048, 2049, 2051, 2048, 2048, 2048]",279.0,87_9912
1268,9912,87,20,2025-09-07T13:30:56.174000+00:00,27.144,28.301,27.583,337.0,318.0,False,83.028,"[2048, 2048, 2049, 2049, 2049, 2049]","[2051, 2048, 2048, 2048, 2048, 2048, 2048]","[2049, 2048, 2048, 2048, 2048, 2048, 2048, 2048, 2048]",322.0,87_9912
1268,9912,87,21,2025-09-07T13:32:19.134000+00:00,27.54,28.684,27.894,310.0,334.0,False,84.118,"[None, 2048, 2048, 2049, 2048, 2048]","[2048, 2048, 2048, 2048, 2048, 2049, 2048]","[2048, 2048, 2048, 2048, 2048, 2048, 2048, 2048, 2048]",321.0,87_9912
1268,9912,87,22,2025-09-07T13:33:43.354000+00:00,27.316,29.081,28.077,322.0,339.0,False,84.474,"[None, 2048, 2048, 2048, 2048, 2048]","[2048, 2048, 2048, 2048, 2048, 2048, 2048]","[2048, 2048, 2049, 2048, 2048, 2048, 2048, 2048, 2048]",338.0,87_9912
1268,9912,87,23,2025-09-07T13:35:07.849000+00:00,27.431,28.887,27.943,,328.0,False,84.261,"[None, 2048, 2048, 2048, 2048, 2048]","[2048, 2048, 2049, 2048, 2048, 2048, 2048]","[2048, 2048, 2048, 2048, 2048, 2048, 2049, 2048, 2048]",342.0,87_9912
1268,9912,87,24,2025-09-07T13:36:32.137000+00:00,27.383,28.82,27.915,320.0,333.0,False,84.118,"[None, 2048, 2048, 2048, 2048, 2048]","[2048, 2048, 2048, 2048, 2048, 2048, 2048]","[2048, 2048, 2049, 2048, 2048, 2048, 2048, 2048, 2048]",341.0,87_9912
1268,9912,87,25,2025-09-07T13:37:56.153000+00:00,27.441,28.721,27.79,326.0,318.0,False,83.952,"[None, 2048, 2049, 2048, 2048, 2048]","[2048, 2048, 2048, 2048, 2048, 2048, 2048]","[2048, 2048, 2048, 2048, 2048, 2048, 2048, 2048, 2048]",354.0,87_9912
1268,9912,87,26,2025-09-07T13:39:20.037000+00:00,27.541,28.68,27.658,314.0,318.0,False,83.879,"[None, 2048, 2048, 2048, 2048, 2048]","[2048, 2048, 2049, 2048, 2048, 2048, 2048]","[2049, 2048, 2048, 2048, 2048, 2048, 2048, 2048, 2048]",322.0,87_9912
1268,9912,87,27,2025-09-07T13:40:44.065000+00:00,27.516,28.459,27.539,315.0,318.0,False,83.514,"[None, 2048, 2048, 2048, 2048, 2048]","[2048, 2048, 2048, 2048, 2048, 2048, 2048]","[2049, 2048, 2048, 2048, 2048, 2048, 2048, 2048, 2048]",323.0,87_9912
1268,9912,87,28,2025-09-07T13:42:07.570000+00:00,27.56,28.317,27.457,312.0,317.0,False,83.334,"[None, 2048, 2048, 2048, 2048, 2048]","[2048, 2049, 2048, 2049, 2049, 2048, 2048]","[2048, 2048, 2048, 2048, 2048, 2048, 2049, 2048, 2048]",321.0,87_9912
1268,9912,87,29,2025-09-07T13:43:30.806000+00:00,27.529,28.255,27.584,313.0,320.0,False,83.368,"[None, 2048, 2048, 2048, 2048, 2048]","[2048, 2049, 2049, 2048, 2048, 2048, 2048]","[2048, 2048, 2048, 2048, 2048, 2048, 2049, 2048, 2048]",318.0,87_9912
1268,9912,87,30,2025-09-07T13:44:54.199000+00:00,27.439,28.228,27.553,,319.0,False,83.22,"[None, 2048, 2048, 2048, 2048, 2048]","[2048, 2048, 2049, 2048, 2048, 2048, 2048]","[2048, 2048, 2048, 2048, 2048, 2048, 2048, 2048, 2048]",322.0,87_9912
1268,9912,87,31,2025-09-07T13:46:17.489000+00:00,27.433,28.307,27.442,315.0,318.0,False,83.182,"[None, 2048, 2048, 2048, 2048, 2048]","[2048, 2048, 2048, 2048, 2048, 2048, 2048]","[2049, 2048, 2048, 2048, 2048, 2048, 2049, 2048, 2048]",,87_9912
1268,9912,87,32,2025-09-07T13:47:40.526000+00:00,27.417,28.21,27.555,,317.0,False,83.182,"[None, 2048, 2048, 2048, 2048, 2048]","[2048, 2048, 2048, 2048, 2048, 2048, 2048]","[2048, 2048, 2048, 2048, 2048, 2048, 2048, 2048, 2048]",321.0,87_9912
1268,9912,87,33,2025-09-07T13:49:03.822000+00:00,27.384,28.342,27.329,314.0,317.0,False,83.055,"[None, 2048, 2048, 2048, 2048, 2048]","[2048, 2048, 2048, 2048, 2049, 2048, 2048]","[2049, 2048, 2048, 2048, 2048, 2048, 2049, 2048, 2048]",322.0,87_9912
1268,9912,87,34,2025-09-07T13:50:26.814000+00:00,27.45,28.099,27.362,313.0,318.0,False,82.911,"[None, 2048, 2048, 2048, 2048, 2048]","[2048, 2048, 2049, 2049, 2049, 2048, 2048]","[2048, 2048, 2049, 2048, 2048, 2048, 2048, 2048, 2048]",321.0,87_9912
1268,9912,87,35,2025-09-07T13:51:49.737000+00:00,27.334,28.095,27.507,315.0,319.0,False,82.936,"[None, 2048, 2048, 2048, 2048, 2048]","[2048, 2048, 2048, 2049, 2048, 2048, 2048]","[2048, 2048, 2048, 2048, 2048, 2048, 2048, 2048, 2048]",322.0,87_9912
1268,9912,87,36,2025-09-07T13:53:12.741000+00:00,27.266,28.111,27.268,,319.0,False,82.645,"[None, 2048, 2048, 2048, 2048, 2048]","[2048, 2048, 2048, 2048, 2048, 2048, 2048]","[2048, 2049, 2049, 2048, 2049, 2048, 2049, 2048, 2048]",321.0,87_9912
1268,9912,87,37,2025-09-07T13:54:35.355000+00:00,27.261,27.989,27.331,314.0,320.0,False,82.581,"[None, 2048, 2048, 2048, 2048, 2048]","[2048, 2048, 2049, 2049, 2049, 2048, 2048]","[2048, 2048, 2048, 2048, 2048, 2048, 2049, 2048, 2048]",322.0,87_9912
1268,9912,87,38,2025-09-07T13:55:57.991000+00:00,27.282,28.055,27.466,,321.0,False,82.803,"[None, 2048, 2049, 2048, 2048, 2048]","[2048, 2048, 2048, 2048, 2048, 2048, 2048]","[2048, 2048, 2048, 2048, 2048, 2048, 2048, 2048, 2048]",,87_9912
1268,9912,87,39,2025-09-07T13:57:20.773000+00:00,27.245,28.098,27.843,,323.0,False,83.186,"[None, 2048, 2048, 2048, 2048, 2048]","[2048, 2048, 2048, 2048, 2048, 2048, 2048]","[2049, 2048, 2048, 2048, 2048, 2048, 2049, 2048, 2048]",323.0,87_9912
1268,9912,87,40,2025-09-07T13:58:43.956000+00:00,27.542,38.305,27.667,327.0,323.0,False,93.514,"[None, 2048, 2049, 2048, 2048, 2048]","[2048, 2048, 2048, 2048, 2048, 2048, 2048]","[2048, 2048, 2048, 2048, 2048, 2048, 2048, 2048, 2048]",340.0,87_9912
1268,9912,87,41,2025-09-07T14:00:17.539000+00:00,27.259,28.228,27.439,314.0,319.0,False,82.926,"[None, 2048, 2048, 2048, 2048, 2048]","[2048, 2048, 2048, 2048, 2048, 2048, 2048]","[2048, 2048, 2048, 2048, 2048, 2048, 2048, 2048, 2048]",322.0,87_9912
1268,9912,87,42,2025-09-07T14:01:40.331000+00:00,27.263,28.126,27.431,313.0,318.0,False,82.82,"[None, 2048, 2048, 2048, 2048, 2048]","[2048, 2048, 2048, 2048, 2048, 2048, 2048]","[2049, 2048, 2048, 2048, 2048, 2049, 2048, 2048, 2048]",321.0,87_9912
1268,9912,87,43,2025-09-07T14:03:03.272000+00:00,27.262,27.902,27.354,311.0,317.0,False,82.518,"[None, 2048, 2048, 2049, 2048, 2048]","[2048, 2049, 2049, 2049, 2048, 2048, 2048]","[2048, 2048, 2048, 2048, 2049, 2049, 2048, 2048, 2048]",320.0,87_9912
1268,9912,87,44,2025-09-07T14:04:25.657000+00:00,27.278,28.181,27.25,312.0,317.0,False,82.709,"[None, 2048, 2048, 2048, 2048, 2048]","[2048, 2048, 2048, 2048, 2049, 2048, 2048]","[2048, 2049, 2048, 2048, 2048, 2048, 2048, 2048, 2048]",,87_9912
1268,9912,87,45,2025-09-07T14:05:48.379000+00:00,27.365,27.991,27.26,,317.0,False,82.616,"[None, 2048, 2048, 2048, 2048, 2048]","[2048, 2048, 2048, 2048, 2049, 2048, 2048]","[2048, 2048, 2048, 2048, 2049, 2049, 2049, 2048, 2048]",319.0,87_9912
1268,9912,87,46,2025-09-07T14:07:11.067000+00:00,27.229,27.835,27.255,313.0,318.0,False,82.319,"[None, 2048, 2048, 2048, 2048, 2048]","[2048, 2049, 2049, 2048, 2048, 2048, 2048]","[2048, 2048, 2048, 2048, 2048, 2048, 2049, 2048, 2048]",321.0,87_9912
1268,9912,87,47,2025-09-07T14:08:33.411000+00:00,27.241,27.917,27.245,315.0,319.0,False,82.403,"[None, 2048, 2048, 2048, 2048, 2048]","[2048, 2048, 2048, 2048, 2048, 2049, 2048]","[2048, 2048, 2048, 2048, 2048, 2048, 2048, 2048, 2048]",,87_9912
1268,9912,87,48,2025-09-07T14:09:55.728000+00:00,27.155,27.998,27.225,314.0,318.0,False,82.378,"[None, 2048, 2048, 2048, 2048, 2048]","[2048, 2048, 2048, 2048, 2048, 2048, 2048]","[2048, 2048, 2049, 2048, 2048, 2048, 2048, 2048, 2048]",,87_9912
1268,9912,87,49,2025-09-07T14:11:18.205000+00:00,27.404,27.884,27.223,315.0,320.0,False,82.511,"[None, 2048, 2048, 2048, 2048, 2048]","[2048, 2048, 2048, 2049, 2048, 2048, 2048]","[2048, 2048, 2048, 2048, 2049, 2049, 2049, 2049, 2048]",323.0,87_9912
1268,9912,87,50,2025-09-07T14:12:40.616000+00:00,27.136,27.738,27.192,316.0,320.0,False,82.066,"[None, 2048, 2048, 2048, 2048, 2048]","[2048, 2048, 2049, 2049, 2049, 2048, 2048]","[2048, 2048, 2048, 2048, 2048, 2048, 2048, 2048, 2048]",,87_9912
1268,9912,87,51,2025-09-07T14:14:02.733000+00:00,27.166,27.837,27.125,315.0,319.0,False,82.128,"[None, 2048, 2048, 2048, 2048, 2048]","[2048, 2048, 2049, 2048, 2048, 2048, 2048]","[2049, 2048, 2048, 2048, 2049, 2048, 2049, 2048, 2048]",322.0,87_9912
1268,9912,87,52,2025-09-07T14:15:24.834000+00:00,27.198,27.797,27.164,,319.0,False,82.159,"[None, 2048, 2048, 2048, 2048, 2048]","[2048, 2048, 2049, 2048, 2049, 2049, 2048]","[2048, 2048, 2048, 2048, 2049, 2048, 2048, 2048, 2048]",324.0,87_9912
1268,9912,87,53,2025-09-07T14:16:47.003000+00:00,27.055,27.796,26.969,316.0,329.0,False,81.82,"[None, 2048, 2048, 2049, 2048, 2048]","[2048, 2048, 2048, 2048, 2048, 2049, 2048]","[2051, 2049, 2048, 2049, 2048, 2048, 2048, 2048, 2048]",323.0,87_9912
